,player_name,pitcher,PitchesThrown,PA_flag,IsStrike,IsBIP,IsFoul,IsBall,IsCalledStr,SwungOn,ContactMade_Foul,Strike%,Ball%,Ball In Play%,Foul Ball%,Called Strike%,Contact%,Pitches Per PA,Split
0,A.J. Minter,621345,848,221.0,385,154,153,309,121,418.0,310.0,0.454,0.364,0.182,0.18,0.143,0.742,3.84,All
1,A.J. Puk,640462,156,35.0,86,20,36,50,23,83.0,56.0,0.551,0.321,0.128,0.231,0.147,0.675,4.46,All
2,AJ Blubaugh,805123,2108,516.0,971,333,395,804,281,1023.0,731.0,0.461,0.381,0.158,0.187,0.133,0.715,4.09,All
3,AJ Smith-Shawver,700363,1227,322.0,565,218,217,444,198,585.0,438.0,0.46,0.362,0.178,0.177,0.161,0.749,3.81,All
4,Aaron Ashby,676879,2560,639.0,1194,380,347,986,525,1049.0,738.0,0.466,0.385,0.148,0.136,0.205,0.704,4.01,All
5,Aaron Brooks,605156,17,4.0,5,2,3,10,1,6.0,5.0,0.294,0.588,0.118,0.176,0.059,0.833,4.25,All
6,Aaron Bummer,607481,1261,320.0,589,219,209,453,252,556.0,434.0,0.467,0.359,0.174,0.166,0.2,0.781,3.94,All
7,Aaron Civale,650644,3613,914.0,1653,658,636,1302,660,1651.0,1300.0,0.458,0.36,0.182,0.176,0.183,0.787,3.95,All
8,Aaron Nola,605400,4414,1116.0,2065,760,738,1589,777,2047.0,1504.0,0.468,0.36,0.172,0.167,0.176,0.735,3.96,All
9,Abner Uribe,682842,2066,520.0,1003,321,319,742,409,915.0,643.0,0.485,0.359,0.155,0.154,0.198,0.703,3.97,All
10,Abraham Toro,647351,15,8.0,3,7,0,5,2,8.0,7.0,0.2,0.333,0.467,0.0,0.133,0.875,1.88,All
11,Adam Frazier,624428,45,14.0,13,12,5,20,8,17.0,17.0,0.289,0.444,0.267,0.111,0.178,1.0,3.21,All
12,Adam Macko,671936,587,142.0,278,95,99,214,100,273.0,196.0,0.474,0.365,0.162,0.169,0.17,0.718,4.13,All
13,Adam Mazur,800049,489,139.0,216,107,80,166,84,239.0,187.0,0.442,0.339,0.219,0.164,0.172,0.782,3.52,All
14,Adam Ottavino,493603,42,9.0,20,2,4,20,12,10.0,6.0,0.476,0.476,0.048,0.095,0.286,0.6,4.67,All
15,Adrian Del Castillo,680728,18,10.0,5,9,2,4,3,11.0,11.0,0.278,0.222,0.5,0.111,0.167,1.0,1.8,All
16,Adrian Houser,605288,3595,981.0,1583,733,675,1279,587,1729.0,1418.0,0.44,0.356,0.204,0.188,0.163,0.82,3.66,All
17,Adrian Morejon,670970,2305,614.0,1156,403,395,746,408,1150.0,807.0,0.502,0.324,0.175,0.171,0.177,0.702,3.75,All
18,Alan Rangel,660604,665,169.0,316,111,136,238,106,321.0,248.0,0.475,0.358,0.167,0.205,0.159,0.773,3.93,All
19,Alan Trejo,676701,16,3.0,5,3,4,8,1,7.0,7.0,0.312,0.5,0.188,0.25,0.062,1.0,5.33,All
20,Albert Suarez,544150,1086,290.0,455,217,188,414,137,535.0,410.0,0.419,0.381,0.2,0.173,0.126,0.766,3.74,All
21,Alec Burleson,676475,7,4.0,1,3,0,3,1,3.0,3.0,0.143,0.429,0.429,0.0,0.143,1.0,1.75,All
22,Alec Gamboa,687941,426,121.0,190,88,95,148,57,221.0,183.0,0.446,0.347,0.207,0.223,0.134,0.828,3.52,All
23,Alek Jacob,689690,673,176.0,309,124,115,240,120,313.0,239.0,0.459,0.357,0.184,0.171,0.178,0.764,3.82,All
24,Alek Manoah,666201,162,39.0,61,26,23,75,26,61.0,49.0,0.377,0.463,0.16,0.142,0.16,0.803,4.15,All
25,Alex Carrillo,692024,84,22.0,33,15,8,36,13,35.0,23.0,0.393,0.429,0.179,0.095,0.155,0.657,3.82,All
26,Alex Cook,702047,98,24.0,43,17,14,38,20,40.0,31.0,0.439,0.388,0.173,0.143,0.204,0.775,4.08,All
27,Alex Hoppe,695380,719,184.0,316,120,121,283,105,331.0,246.0,0.439,0.394,0.167,0.168,0.146,0.743,3.91,All
28,Alex Jackson,656577,50,18.0,11,15,5,24,5,21.0,20.0,0.22,0.48,0.3,0.1,0.1,0.952,2.78,All
29,Alex Lange,656638,1106,269.0,511,172,199,423,160,523.0,376.0,0.462,0.382,0.156,0.18,0.145,0.719,4.11,All
30,Alex McFarlane,686934,263,68.0,126,47,46,90,43,130.0,94.0,0.479,0.342,0.179,0.175,0.163,0.723,3.87,All
31,Alex Vesia,681911,2025,462.0,1044,258,412,723,312,989.0,675.0,0.516,0.357,0.127,0.203,0.154,0.683,4.38,All
32,Alexis Diaz,664747,361,85.0,166,51,75,144,49,168.0,126.0,0.46,0.399,0.141,0.208,0.136,0.75,4.25,All
33,Ali Sanchez,645305,18,6.0,8,5,5,5,2,11.0,10.0,0.444,0.278,0.278,0.278,0.111,0.909,3.0,All
34,Alimber Santa,695001,239,59.0,103,44,44,92,39,108.0,88.0,0.431,0.385,0.184,0.184,0.163,0.815,4.05,All
35,Allan Winans,642216,171,46.0,76,35,34,60,26,85.0,69.0,0.444,0.351,0.205,0.199,0.152,0.812,3.72,All
36,Amed Rosario,642708,28,10.0,3,8,1,17,2,9.0,9.0,0.107,0.607,0.286,0.036,0.071,1.0,2.8,All
37,Andre Granillo,701552,559,141.0,238,103,85,218,89,252.0,189.0,0.426,0.39,0.184,0.152,0.159,0.75,3.96,All
38,Andre Pallante,669467,5271,1369.0,2213,1027,832,2031,851,2389.0,1871.0,0.42,0.385,0.195,0.158,0.161,0.783,3.85,All
39,Andres Munoz,662253,1988,491.0,1016,264,314,708,335,945.0,586.0,0.511,0.356,0.133,0.158,0.169,0.62,4.05,All
40,Andrew Abbott,671096,5446,1385.0,2517,988,1010,1941,892,2613.0,2008.0,0.462,0.356,0.181,0.185,0.164,0.768,3.93,All
41,Andrew Alvarez,674841,2173,548.0,958,359,335,856,380,937.0,698.0,0.441,0.394,0.165,0.154,0.175,0.745,3.97,All
42,Andrew Chafin,605177,614,143.0,293,88,113,233,99,282.0,204.0,0.477,0.379,0.143,0.184,0.161,0.723,4.29,All
43,Andrew Heaney,571760,2082,536.0,927,401,386,754,340,988.0,791.0,0.445,0.362,0.193,0.185,0.163,0.801,3.88,All
44,Andrew Hoffmann,694851,475,120.0,197,76,74,202,69,204.0,151.0,0.415,0.425,0.16,0.156,0.145,0.74,3.96,All
45,Andrew Kittredge,552640,1474,416.0,736,293,280,445,246,783.0,575.0,0.499,0.302,0.199,0.19,0.167,0.734,3.54,All
46,Andrew Morris,702193,1274,307.0,611,216,257,447,213,614.0,476.0,0.48,0.351,0.17,0.202,0.167,0.775,4.15,All
47,Andrew Nardi,677053,378,99.0,185,60,65,133,64,181.0,126.0,0.489,0.352,0.159,0.172,0.169,0.696,3.82,All
48,Andrew Painter,691725,2033,528.0,939,372,376,722,306,1005.0,752.0,0.462,0.355,0.183,0.185,0.151,0.748,3.85,All
49,Andrew Saalfrank,685314,427,112.0,187,84,61,156,70,201.0,145.0,0.438,0.365,0.197,0.143,0.164,0.721,3.81,All
50,Andrew Sears,808825,324,82.0,138,59,48,127,47,149.0,107.0,0.426,0.392,0.182,0.148,0.145,0.718,3.95,All
51,Andrew Vaughn,683734,84,26.0,21,19,5,44,11,29.0,24.0,0.25,0.524,0.226,0.06,0.131,0.828,3.23,All
52,Andrew Walters,689958,29,6.0,15,4,5,10,4,15.0,9.0,0.517,0.345,0.138,0.172,0.138,0.6,4.83,All
53,Andrew Wantz,681806,81,20.0,38,14,23,29,9,43.0,37.0,0.469,0.358,0.173,0.284,0.111,0.86,4.05,All
54,Andruw Monasterio,655316,28,8.0,6,5,3,17,3,8.0,8.0,0.214,0.607,0.179,0.107,0.107,1.0,3.5,All
55,Andry Lara,691251,255,78.0,98,59,45,98,37,120.0,104.0,0.384,0.384,0.231,0.176,0.145,0.867,3.27,All
56,Angel Chivilli,683409,1307,347.0,565,252,203,490,161,656.0,457.0,0.432,0.375,0.193,0.155,0.123,0.697,3.77,All
57,Angel Perdomo,622780,72,16.0,30,10,14,32,8,32.0,26.0,0.417,0.444,0.139,0.194,0.111,0.812,4.5,All
58,Angel Zerpa,672582,1315,330.0,614,234,234,467,282,566.0,472.0,0.467,0.355,0.178,0.178,0.214,0.834,3.98,All
59,Anthony Banda,607455,1675,418.0,749,271,296,655,239,781.0,570.0,0.447,0.391,0.162,0.177,0.143,0.73,4.01,All
60,Anthony Bender,669622,1326,341.0,651,223,198,452,332,542.0,423.0,0.491,0.341,0.168,0.149,0.25,0.78,3.89,All
61,Anthony DeSclafani,543101,634,167.0,285,116,102,233,104,297.0,220.0,0.45,0.368,0.183,0.161,0.164,0.741,3.8,All
62,Anthony Gose,543238,141,37.0,66,32,26,43,20,78.0,60.0,0.468,0.305,0.227,0.184,0.142,0.769,3.81,All
63,Anthony Kay,641743,2714,689.0,1207,485,493,1022,418,1274.0,982.0,0.445,0.377,0.179,0.182,0.154,0.771,3.94,All
64,Anthony Maldonado,687424,129,32.0,53,21,18,55,18,56.0,39.0,0.411,0.426,0.163,0.14,0.14,0.696,4.03,All
65,Anthony Misiewicz,664948,115,23.0,51,14,21,50,14,51.0,35.0,0.443,0.435,0.122,0.183,0.122,0.686,5.0,All
66,Anthony Molina,683627,1116,287.0,489,215,198,412,158,546.0,415.0,0.438,0.369,0.193,0.177,0.142,0.76,3.89,All
67,Anthony Nunez,689296,977,243.0,462,149,156,366,146,465.0,309.0,0.473,0.375,0.153,0.16,0.149,0.665,4.02,All
68,Anthony Seigler,678011,11,4.0,3,4,1,4,1,6.0,5.0,0.273,0.364,0.364,0.091,0.091,0.833,2.75,All
69,Anthony Veneziano,685107,483,117.0,232,79,97,172,76,235.0,178.0,0.48,0.356,0.164,0.201,0.157,0.757,4.13,All
70,Antoine Kelly,681520,18,4.0,8,2,4,8,3,7.0,6.0,0.444,0.444,0.111,0.222,0.167,0.857,4.5,All
71,Antonio Senzatela,622608,3433,918.0,1437,708,588,1288,516,1629.0,1303.0,0.419,0.375,0.206,0.171,0.15,0.8,3.74,All
72,Antwone Kelly,699008,230,63.0,111,48,54,71,39,120.0,103.0,0.483,0.309,0.209,0.235,0.17,0.858,3.65,All
73,Aroldis Chapman,547973,1748,437.0,949,246,384,553,241,953.0,637.0,0.543,0.316,0.141,0.22,0.138,0.668,4.0,All
74,Austin Cox,680735,427,102.0,191,73,89,163,63,201.0,164.0,0.447,0.382,0.171,0.208,0.148,0.816,4.19,All
75,Austin Gomber,596295,999,272.0,440,220,192,339,170,490.0,412.0,0.44,0.339,0.22,0.192,0.17,0.841,3.67,All
76,Austin Hedges,595978,111,36.0,42,33,16,36,24,51.0,49.0,0.378,0.324,0.297,0.144,0.216,0.961,3.08,All
77,Austin Nola,543592,29,11.0,7,11,4,11,3,15.0,15.0,0.241,0.379,0.379,0.138,0.103,1.0,2.64,All
78,Austin Peterson,804926,31,8.0,15,5,4,11,6,14.0,9.0,0.484,0.355,0.161,0.129,0.194,0.643,3.88,All
79,Austin Pope,687166,36,9.0,15,7,7,14,6,16.0,14.0,0.417,0.389,0.194,0.194,0.167,0.875,4.0,All
80,Austin Slater,596103,10,3.0,4,3,1,3,3,4.0,4.0,0.4,0.3,0.3,0.1,0.3,1.0,3.33,All
81,Austin Voth,608723,215,56.0,78,47,34,90,29,96.0,81.0,0.363,0.419,0.219,0.158,0.135,0.844,3.84,All
82,Austin Warren,681810,1034,241.0,483,149,163,402,214,418.0,312.0,0.467,0.389,0.144,0.158,0.207,0.746,4.29,All
83,Bailey Falter,663559,2168,587.0,938,445,380,785,366,1017.0,832.0,0.433,0.362,0.205,0.175,0.169,0.818,3.69,All
84,Bailey Horn,690544,224,50.0,108,33,51,83,32,109.0,84.0,0.482,0.371,0.147,0.228,0.143,0.771,4.48,All
85,Bailey Ober,641927,4369,1159.0,2014,873,838,1482,676,2211.0,1720.0,0.461,0.339,0.2,0.192,0.155,0.778,3.77,All
86,Beau Brieske,689225,762,193.0,328,139,147,295,104,363.0,286.0,0.43,0.387,0.182,0.193,0.136,0.788,3.95,All
87,Beck Way,694360,389,105.0,174,73,56,142,73,174.0,129.0,0.447,0.365,0.188,0.144,0.188,0.741,3.7,All
88,Ben Bowden,641386,227,55.0,102,40,46,85,33,109.0,86.0,0.449,0.374,0.176,0.203,0.145,0.789,4.13,All
89,Ben Brown,676962,2763,737.0,1306,494,450,963,485,1315.0,948.0,0.473,0.349,0.179,0.163,0.176,0.721,3.75,All
90,Ben Casparius,676508,1361,356.0,614,253,225,494,200,667.0,480.0,0.451,0.363,0.186,0.165,0.147,0.72,3.82,All
91,Ben Joyce,690829,333,81.0,149,51,54,133,52,148.0,105.0,0.447,0.399,0.153,0.162,0.156,0.709,4.11,All
92,Ben Lively,594902,719,178.0,326,134,149,259,121,339.0,284.0,0.453,0.36,0.186,0.207,0.168,0.838,4.04,All
93,Ben Peoples,687239,282,68.0,133,49,62,100,36,146.0,111.0,0.472,0.355,0.174,0.22,0.128,0.76,4.15,All
94,Ben Williamson,810938,50,21.0,13,20,1,17,12,21.0,21.0,0.26,0.34,0.4,0.02,0.24,1.0,2.38,All
95,Bennett Sousa,656986,1243,333.0,619,211,197,413,197,633.0,413.0,0.498,0.332,0.17,0.158,0.158,0.652,3.73,All
96,Blade Tidwell,694918,1269,313.0,564,219,212,486,226,557.0,433.0,0.444,0.383,0.173,0.167,0.178,0.777,4.05,All
97,Blake Adams,687060,37,9.0,15,7,7,15,5,17.0,14.0,0.405,0.405,0.189,0.189,0.135,0.824,4.11,All
98,Blake Burkhalter,686628,23,5.0,9,3,3,11,2,10.0,6.0,0.391,0.478,0.13,0.13,0.087,0.6,4.6,All
99,Blake Snell,605483,1693,410.0,825,244,277,624,254,815.0,524.0,0.487,0.369,0.144,0.164,0.15,0.643,4.13,All
100,Blake Treinen,595014,989,247.0,485,153,192,351,173,465.0,348.0,0.49,0.355,0.155,0.194,0.175,0.748,4.0,All
101,Blake Walston,686796,48,11.0,14,8,2,26,7,15.0,10.0,0.292,0.542,0.167,0.042,0.146,0.667,4.36,All
102,Blake Weiman,676620,274,71.0,130,56,46,88,52,134.0,102.0,0.474,0.321,0.204,0.168,0.19,0.761,3.86,All
103,Blas Castano,680604,510,127.0,239,91,106,180,90,240.0,199.0,0.469,0.353,0.178,0.208,0.176,0.829,4.02,All
104,Bobby Miller,676272,220,50.0,96,34,39,90,40,90.0,73.0,0.436,0.409,0.155,0.177,0.182,0.811,4.4,All
105,Bowden Francis,670102,1141,288.0,513,201,207,427,181,533.0,409.0,0.45,0.374,0.176,0.181,0.159,0.767,3.96,All
106,Brad Keller,641745,1646,411.0,771,261,289,614,290,742.0,553.0,0.468,0.373,0.159,0.176,0.176,0.745,4.0,All
107,Brad Lord,695418,3555,888.0,1703,623,777,1229,555,1771.0,1408.0,0.479,0.346,0.175,0.219,0.156,0.795,4.0,All
108,Bradgley Rodriguez,699134,1240,315.0,622,208,233,410,199,631.0,444.0,0.502,0.331,0.168,0.188,0.16,0.704,3.94,All
109,Bradley Blalock,687134,1179,309.0,494,245,227,440,171,568.0,475.0,0.419,0.373,0.208,0.193,0.145,0.836,3.82,All
110,Bradley Hanner,690440,98,26.0,46,18,23,34,14,50.0,41.0,0.469,0.347,0.184,0.235,0.143,0.82,3.77,All
111,Brady Basso,669620,887,246.0,387,192,164,308,130,449.0,358.0,0.436,0.347,0.216,0.185,0.147,0.797,3.61,All
112,Brady Singer,663903,5589,1423.0,2475,986,877,2128,991,2470.0,1875.0,0.443,0.381,0.176,0.157,0.177,0.759,3.93,All
113,Brandan Bidois,684049,325,80.0,159,47,52,119,47,159.0,99.0,0.489,0.366,0.145,0.16,0.145,0.623,4.06,All
114,Brandon Eisert,685126,1965,480.0,880,320,305,765,284,916.0,629.0,0.448,0.389,0.163,0.155,0.145,0.687,4.09,All
115,Brandon Leibrandt,605335,100,29.0,36,24,10,40,13,47.0,36.0,0.36,0.4,0.24,0.1,0.13,0.766,3.45,All
116,Brandon Pfaadt,694297,4851,1295.0,2188,978,888,1685,770,2396.0,1872.0,0.451,0.347,0.202,0.183,0.159,0.781,3.75,All
117,Brandon Sproat,687075,2047,506.0,953,317,395,777,331,939.0,718.0,0.466,0.38,0.155,0.193,0.162,0.765,4.05,All
118,Brandon Waddell,663399,512,134.0,215,100,88,197,77,238.0,189.0,0.42,0.385,0.195,0.172,0.15,0.794,3.82,All
119,Brandon Walter,687888,814,212.0,394,153,156,267,136,411.0,310.0,0.484,0.328,0.188,0.192,0.167,0.754,3.84,All
120,Brandon Williamson,682227,835,214.0,344,151,125,340,128,367.0,279.0,0.412,0.407,0.181,0.15,0.153,0.76,3.9,All
121,Brandon Woodruff,605540,1607,430.0,831,272,319,504,290,813.0,600.0,0.517,0.314,0.169,0.199,0.18,0.738,3.74,All
122,Brandon Young,687064,3388,906.0,1536,646,623,1206,522,1660.0,1275.0,0.453,0.356,0.191,0.184,0.154,0.768,3.74,All
123,Brandyn Garcia,805299,951,247.0,453,151,156,347,189,415.0,308.0,0.476,0.365,0.159,0.164,0.199,0.742,3.85,All
124,Brant Hurter,676428,1544,410.0,704,268,243,572,295,677.0,513.0,0.456,0.37,0.174,0.157,0.191,0.758,3.77,All
125,Braxton Ashcraft,677952,3515,957.0,1766,647,688,1102,605,1808.0,1342.0,0.502,0.314,0.184,0.196,0.172,0.742,3.67,All
126,Braxton Garrett,666129,130,28.0,50,15,24,65,14,51.0,39.0,0.385,0.5,0.115,0.185,0.108,0.765,4.64,All
127,Braxton Roxby,694820,48,11.0,27,8,9,13,9,26.0,17.0,0.562,0.271,0.167,0.188,0.188,0.654,4.36,All
128,Brayan Bello,678394,4555,1186.0,2006,860,814,1689,710,2156.0,1681.0,0.44,0.371,0.189,0.179,0.156,0.78,3.84,All
129,Braydon Fisher,680755,2090,501.0,1006,305,331,779,406,905.0,643.0,0.481,0.373,0.146,0.158,0.194,0.71,4.17,All
130,Brenan Hanifee,669724,1271,350.0,531,279,204,461,236,574.0,484.0,0.418,0.363,0.22,0.161,0.186,0.843,3.63,All
131,Brendan Beck,694341,149,34.0,61,24,18,64,22,63.0,42.0,0.409,0.43,0.161,0.121,0.148,0.667,4.38,All
132,Brendan Cellucci,676454,72,18.0,41,9,11,22,17,33.0,20.0,0.569,0.306,0.125,0.153,0.236,0.606,4.0,All
133,Brendon Little,663893,1793,410.0,798,215,193,780,287,726.0,415.0,0.445,0.435,0.12,0.108,0.16,0.572,4.37,All
134,Brennan Bernardino,657514,1825,480.0,797,343,297,685,324,816.0,646.0,0.437,0.375,0.188,0.163,0.178,0.792,3.8,All
135,Brent Headrick,687396,1623,408.0,853,251,335,519,231,873.0,589.0,0.526,0.32,0.155,0.206,0.142,0.675,3.98,All
136,Brent Suter,608718,2613,652.0,1213,480,464,920,464,1229.0,952.0,0.464,0.352,0.184,0.178,0.178,0.775,4.01,All
137,Brett Kerry,695049,212,54.0,100,40,37,72,35,105.0,77.0,0.472,0.34,0.189,0.175,0.165,0.733,3.93,All
138,Brett Sullivan,664954,94,34.0,33,31,14,30,19,45.0,45.0,0.351,0.319,0.33,0.149,0.202,1.0,2.76,All
139,Brett de Geus,676969,47,10.0,18,7,10,22,7,18.0,17.0,0.383,0.468,0.149,0.213,0.149,0.944,4.7,All
140,Brian Fitzpatrick,702153,109,30.0,49,22,21,38,15,56.0,43.0,0.45,0.349,0.202,0.193,0.138,0.768,3.63,All
141,Brian Keller,662144,39,11.0,21,8,12,10,4,25.0,21.0,0.538,0.256,0.205,0.308,0.103,0.84,3.55,All
142,Brian Van Belle,687003,129,36.0,59,30,18,40,20,69.0,48.0,0.457,0.31,0.233,0.14,0.155,0.696,3.58,All
143,Brock Burke,656271,2211,557.0,1024,376,407,811,333,1066.0,788.0,0.463,0.367,0.17,0.184,0.151,0.739,3.97,All
144,Brock Stewart,592779,979,253.0,476,163,181,340,144,495.0,346.0,0.486,0.347,0.166,0.185,0.147,0.699,3.87,All
145,Brody Hopkins,811315,53,12.0,28,6,8,19,15,19.0,14.0,0.528,0.358,0.113,0.151,0.283,0.737,4.42,All
146,Brooks Kriske,621139,419,97.0,182,63,62,174,79,166.0,127.0,0.434,0.415,0.15,0.148,0.189,0.765,4.32,All
147,Brooks Raley,548384,1223,318.0,582,212,218,429,234,560.0,432.0,0.476,0.351,0.173,0.178,0.191,0.771,3.85,All
148,Bruce Zimmermann,669145,163,49.0,62,43,19,58,35,70.0,63.0,0.38,0.356,0.264,0.117,0.215,0.9,3.33,All
149,Bryan Abreu,650556,2250,555.0,1077,291,320,882,375,993.0,614.0,0.479,0.392,0.129,0.142,0.167,0.618,4.05,All
150,Bryan Baker,641329,2072,514.0,1065,328,437,679,324,1069.0,766.0,0.514,0.328,0.158,0.211,0.156,0.717,4.03,All
151,Bryan Hoeing,663773,131,36.0,52,28,24,51,17,63.0,53.0,0.397,0.389,0.214,0.183,0.13,0.841,3.64,All
152,Bryan Hudson,663542,1337,340.0,642,229,230,466,266,605.0,459.0,0.48,0.349,0.171,0.172,0.199,0.759,3.93,All
153,Bryan King,687911,2076,540.0,1013,384,423,679,369,1027.0,811.0,0.488,0.327,0.185,0.204,0.178,0.79,3.84,All
154,Bryan Torres,663494,18,8.0,3,7,3,8,0,10.0,10.0,0.167,0.444,0.389,0.167,0.0,1.0,2.25,All
155,Bryan Woo,693433,5278,1414.0,2602,967,1116,1709,760,2809.0,2090.0,0.493,0.324,0.183,0.211,0.144,0.744,3.73,All
156,Bryce Elder,693821,4761,1311.0,2039,950,758,1772,785,2204.0,1718.0,0.428,0.372,0.2,0.159,0.165,0.779,3.63,All
157,Bryce Jarvis,686826,409,98.0,176,66,63,167,79,163.0,129.0,0.43,0.408,0.161,0.154,0.193,0.791,4.17,All
158,Bryce Miller,682243,3341,849.0,1610,589,725,1142,445,1754.0,1319.0,0.482,0.342,0.176,0.217,0.133,0.752,3.94,All
159,Brycen Mautz,802408,260,66.0,112,37,33,111,40,109.0,72.0,0.431,0.427,0.142,0.127,0.154,0.661,3.94,All
160,Bryse Wilson,669060,1387,369.0,628,284,283,475,224,688.0,569.0,0.453,0.342,0.205,0.204,0.161,0.827,3.76,All
161,Bubba Chandler,696149,3076,780.0,1421,521,591,1134,487,1455.0,1114.0,0.462,0.369,0.169,0.192,0.158,0.766,3.94,All
162,Buddy Kennedy,671083,39,9.0,14,7,9,18,4,17.0,16.0,0.359,0.462,0.179,0.231,0.103,0.941,4.33,All
163,Burch Smith,572143,287,73.0,139,46,56,102,53,132.0,102.0,0.484,0.355,0.16,0.195,0.185,0.773,3.93,All
164,CJ Van Eyk,669310,141,35.0,55,31,27,55,20,66.0,58.0,0.39,0.39,0.22,0.191,0.142,0.879,4.03,All
165,Cade Cavalli,676917,3570,925.0,1745,600,632,1225,630,1714.0,1243.0,0.489,0.343,0.168,0.177,0.176,0.725,3.86,All
166,Cade Gibson,806188,1764,442.0,810,308,283,646,354,764.0,596.0,0.459,0.366,0.175,0.16,0.201,0.78,3.99,All
167,Cade Horton,690990,1880,502.0,879,359,316,642,327,911.0,678.0,0.468,0.341,0.191,0.168,0.174,0.744,3.75,All
168,Cade Povich,700249,2582,646.0,1168,442,442,972,443,1167.0,889.0,0.452,0.376,0.171,0.171,0.172,0.762,4.0,All
169,Cade Smith,671922,2403,586.0,1271,332,465,800,381,1222.0,802.0,0.529,0.333,0.138,0.194,0.159,0.656,4.1,All
170,Cade Winquest,685464,204,48.0,100,27,32,77,43,84.0,59.0,0.49,0.377,0.132,0.157,0.211,0.702,4.25,All
171,Caden Dana,702674,562,141.0,244,89,81,229,95,238.0,171.0,0.434,0.407,0.158,0.144,0.169,0.718,3.99,All
172,Cal Quantrill,615698,3677,954.0,1609,718,668,1350,589,1738.0,1392.0,0.438,0.367,0.195,0.182,0.16,0.801,3.85,All
173,Caleb Boushley,676961,742,192.0,319,136,112,287,142,313.0,248.0,0.43,0.387,0.183,0.151,0.191,0.792,3.86,All
174,Caleb Ferguson,657571,1637,415.0,759,290,313,588,281,768.0,608.0,0.464,0.359,0.177,0.191,0.172,0.792,3.94,All
175,Caleb Freeman,673965,70,16.0,38,12,21,20,14,36.0,33.0,0.543,0.286,0.171,0.3,0.2,0.917,4.38,All
176,Caleb Kilian,668873,786,205.0,373,129,141,284,125,377.0,273.0,0.475,0.361,0.164,0.179,0.159,0.724,3.83,All
177,Caleb Thielbar,573204,1685,422.0,843,280,331,562,275,848.0,612.0,0.5,0.334,0.166,0.196,0.163,0.722,3.99,All
178,Calvin Faucher,676534,2194,538.0,985,343,352,866,395,933.0,699.0,0.449,0.395,0.156,0.16,0.18,0.749,4.08,All
179,Cam Booser,592155,1116,288.0,550,184,216,382,162,571.0,405.0,0.493,0.342,0.165,0.194,0.145,0.709,3.88,All
180,Cam Sanders,676742,679,161.0,313,92,103,274,104,301.0,195.0,0.461,0.404,0.135,0.152,0.153,0.648,4.22,All
181,Cam Schlittler,693645,4227,1051.0,2170,642,906,1415,638,2172.0,1557.0,0.513,0.335,0.152,0.214,0.151,0.717,4.02,All
182,Cameron Foster,671382,189,49.0,84,32,30,73,30,86.0,62.0,0.444,0.386,0.169,0.159,0.159,0.721,3.86,All
183,Cameron Weston,687721,17,3.0,10,1,6,6,3,8.0,7.0,0.588,0.353,0.059,0.353,0.176,0.875,5.67,All
184,Camilo Doval,666808,2123,539.0,976,337,373,810,323,990.0,713.0,0.46,0.382,0.159,0.176,0.152,0.72,3.94,All
185,Carl Edwards Jr.,605218,189,49.0,94,25,24,70,35,84.0,49.0,0.497,0.37,0.132,0.127,0.185,0.583,3.86,All
186,Carlos Carrasco,471911,1025,285.0,418,222,162,385,148,492.0,386.0,0.408,0.376,0.217,0.158,0.144,0.785,3.6,All
187,Carlos Cortes,666126,159,49.0,50,40,24,69,22,68.0,64.0,0.314,0.434,0.252,0.151,0.138,0.941,3.24,All
188,Carlos Duran,679922,62,14.0,19,7,5,36,11,15.0,12.0,0.306,0.581,0.113,0.081,0.177,0.8,4.43,All
189,Carlos Estevez,608032,1070,270.0,500,194,231,376,170,524.0,425.0,0.467,0.351,0.181,0.216,0.159,0.811,3.96,All
190,Carlos Hernandez,672578,810,216.0,374,149,149,287,117,406.0,299.0,0.462,0.354,0.184,0.184,0.144,0.736,3.75,All
191,Carlos Rodon,607074,4650,1129.0,2183,713,779,1754,743,2153.0,1502.0,0.469,0.377,0.153,0.168,0.16,0.698,4.12,All
192,Carlos Rodriguez,692230,390,92.0,171,60,72,159,43,188.0,133.0,0.438,0.408,0.154,0.185,0.11,0.707,4.24,All
193,Carlos Vargas,672841,1343,396.0,594,296,238,453,228,662.0,539.0,0.442,0.337,0.22,0.177,0.17,0.814,3.39,All
194,Carmen Mlodzinski,669387,3681,943.0,1652,686,626,1343,648,1689.0,1320.0,0.449,0.365,0.186,0.17,0.176,0.782,3.9,All
195,Carson Fulmer,608334,461,123.0,203,86,74,172,72,217.0,163.0,0.44,0.373,0.187,0.161,0.156,0.751,3.75,All
196,Carson Kelly,608348,29,13.0,7,13,3,9,4,16.0,16.0,0.241,0.31,0.448,0.103,0.138,1.0,2.23,All
197,Carson Palmquist,687223,1018,253.0,447,172,185,399,163,456.0,358.0,0.439,0.392,0.169,0.182,0.16,0.785,4.02,All
198,Carson Ragsdale,685068,95,25.0,44,20,22,31,14,50.0,42.0,0.463,0.326,0.211,0.232,0.147,0.84,3.8,All
199,Carson Seymour,693313,1137,287.0,484,212,183,441,187,509.0,396.0,0.426,0.388,0.186,0.161,0.164,0.778,3.96,All
200,Carson Spiers,686730,307,77.0,136,53,55,118,49,140.0,108.0,0.443,0.384,0.173,0.179,0.16,0.771,3.99,All
201,Carson Whisenhunt,687931,1025,266.0,439,188,152,398,162,465.0,342.0,0.428,0.388,0.183,0.148,0.158,0.735,3.85,All
202,Carter Baumler,691945,117,27.0,54,14,21,49,18,50.0,35.0,0.462,0.419,0.12,0.179,0.154,0.7,4.33,All
203,Casey Kelly,543391,24,6.0,8,5,3,11,3,10.0,8.0,0.333,0.458,0.208,0.125,0.125,0.8,4.0,All
204,Casey Lawrence,596271,276,80.0,108,71,38,97,52,127.0,109.0,0.391,0.351,0.257,0.138,0.188,0.858,3.45,All
205,Casey Legumina,668984,1970,510.0,958,352,411,660,313,997.0,771.0,0.486,0.335,0.179,0.209,0.159,0.773,3.86,All
206,Casey Mize,663554,4365,1154.0,2001,830,781,1534,707,2124.0,1617.0,0.458,0.351,0.19,0.179,0.162,0.761,3.78,All
207,Cesar Perdomo,702885,298,83.0,122,64,54,112,36,150.0,120.0,0.409,0.376,0.215,0.181,0.121,0.8,3.59,All
208,Cesar Salazar,663967,21,8.0,6,7,2,8,4,9.0,9.0,0.286,0.381,0.333,0.095,0.19,1.0,2.62,All
209,Chad Dallas,689149,227,57.0,104,36,42,87,32,108.0,78.0,0.458,0.383,0.159,0.185,0.141,0.722,3.98,All
210,Chad Green,643338,710,188.0,316,140,138,254,94,362.0,280.0,0.445,0.358,0.197,0.194,0.132,0.773,3.78,All
211,Chad Patrick,694477,3707,932.0,1743,621,735,1343,549,1815.0,1365.0,0.47,0.362,0.168,0.198,0.148,0.752,3.98,All
212,Chadwick Tromp,644433,16,6.0,3,5,1,8,2,6.0,6.0,0.188,0.5,0.312,0.062,0.125,1.0,2.67,All
213,Charlie Barnes,656212,201,63.0,69,49,24,83,32,86.0,73.0,0.343,0.413,0.244,0.119,0.159,0.849,3.19,All
214,Charlie Morton,450203,2548,652.0,1192,417,439,939,416,1193.0,860.0,0.468,0.369,0.164,0.172,0.163,0.721,3.91,All
215,Chas McCormick,676801,54,15.0,18,10,6,26,10,18.0,16.0,0.333,0.481,0.185,0.111,0.185,0.889,3.6,All
216,Chase Burns,695505,3334,818.0,1627,492,630,1215,462,1657.0,1127.0,0.488,0.364,0.148,0.189,0.139,0.68,4.08,All
217,Chase Dollander,801403,2521,630.0,1133,425,473,963,366,1192.0,901.0,0.449,0.382,0.169,0.188,0.145,0.756,4.0,All
218,Chase Lee,695445,735,182.0,332,128,121,275,145,315.0,250.0,0.452,0.374,0.174,0.165,0.197,0.794,4.04,All
219,Chase Petty,695534,646,179.0,263,136,96,247,97,302.0,232.0,0.407,0.382,0.211,0.149,0.15,0.768,3.61,All
220,Chase Shugart,663767,1523,390.0,663,266,215,594,293,636.0,482.0,0.435,0.39,0.175,0.141,0.192,0.758,3.91,All
221,Chase Silseth,681217,1285,305.0,608,182,224,495,183,607.0,409.0,0.473,0.385,0.142,0.174,0.142,0.674,4.21,All
222,Chase Solesky,686678,58,17.0,27,12,8,19,17,22.0,20.0,0.466,0.328,0.207,0.138,0.293,0.909,3.41,All
223,Chayce McDermott,694646,350,87.0,133,55,50,162,53,135.0,105.0,0.38,0.463,0.157,0.143,0.151,0.778,4.02,All
224,Chris Bassitt,605135,4472,1174.0,2012,825,779,1635,758,2079.0,1608.0,0.45,0.366,0.184,0.174,0.169,0.773,3.81,All
225,Chris Devenski,606965,396,103.0,172,75,70,149,65,182.0,145.0,0.434,0.376,0.189,0.177,0.164,0.797,3.84,All
226,Chris Flexen,623167,673,178.0,291,144,133,238,100,335.0,279.0,0.432,0.354,0.214,0.198,0.149,0.833,3.78,All
227,Chris Martin,455119,886,236.0,445,176,210,265,136,485.0,387.0,0.502,0.299,0.199,0.237,0.153,0.798,3.75,All
228,Chris Murphy,669684,1183,297.0,548,188,210,447,174,562.0,402.0,0.463,0.378,0.159,0.178,0.147,0.715,3.98,All
229,Chris Paddack,663978,3580,937.0,1598,724,715,1258,497,1825.0,1444.0,0.446,0.351,0.202,0.2,0.139,0.791,3.82,All
230,Chris Roycroft,688297,1029,274.0,439,203,195,387,153,489.0,399.0,0.427,0.376,0.197,0.19,0.149,0.816,3.76,All
231,Chris Sale,519242,4509,1137.0,2349,694,868,1466,799,2243.0,1570.0,0.521,0.325,0.154,0.193,0.177,0.7,3.97,All
232,Chris Stratton,608717,411,104.0,180,72,64,159,65,187.0,136.0,0.438,0.387,0.175,0.156,0.158,0.727,3.95,All
233,Christian Koss,683766,70,26.0,22,26,8,22,13,35.0,34.0,0.314,0.314,0.371,0.114,0.186,0.971,2.69,All
234,Christian Montes De Oca,801216,46,9.0,21,6,6,19,10,17.0,12.0,0.457,0.413,0.13,0.13,0.217,0.706,5.11,All
235,Christian Roa,685005,219,55.0,88,33,40,98,25,96.0,74.0,0.402,0.447,0.151,0.183,0.114,0.771,3.98,All
236,Christian Scott,681035,1965,474.0,982,284,424,699,294,972.0,710.0,0.5,0.356,0.145,0.216,0.15,0.73,4.15,All
237,Cionel Perez,672335,1163,294.0,538,195,208,430,197,536.0,403.0,0.463,0.37,0.168,0.179,0.169,0.752,3.96,All
238,Clarke Schmidt,657376,1250,320.0,589,214,219,447,211,592.0,434.0,0.471,0.358,0.171,0.175,0.169,0.733,3.91,All
239,Clay Holmes,605280,4300,1107.0,1927,781,722,1592,767,1941.0,1512.0,0.448,0.37,0.182,0.168,0.178,0.779,3.88,All
240,Clayton Beeter,690925,1273,309.0,574,181,213,518,191,564.0,395.0,0.451,0.407,0.142,0.167,0.15,0.7,4.12,All
241,Clayton Kershaw,477132,1770,463.0,773,342,264,655,313,802.0,607.0,0.437,0.37,0.193,0.149,0.177,0.757,3.82,All
242,Codi Heuer,676051,276,67.0,119,48,43,109,40,127.0,91.0,0.431,0.395,0.174,0.156,0.145,0.717,4.12,All
243,Cody Bolton,675989,431,105.0,195,67,82,169,79,183.0,149.0,0.452,0.392,0.155,0.19,0.183,0.814,4.1,All
244,Cody Bradford,674003,628,169.0,292,138,118,198,119,311.0,257.0,0.465,0.315,0.22,0.188,0.189,0.826,3.72,All
245,Cody Laweryson,689520,389,104.0,196,69,75,124,80,185.0,145.0,0.504,0.319,0.177,0.193,0.206,0.784,3.74,All
246,Cody Ponce,664074,47,10.0,24,6,8,17,1,29.0,14.0,0.511,0.362,0.128,0.17,0.021,0.483,4.7,All
247,Cody Poteet,547001,68,16.0,25,13,10,30,9,29.0,23.0,0.368,0.441,0.191,0.147,0.132,0.793,4.25,All
248,Cole Henry,669371,1249,311.0,552,190,216,507,195,547.0,410.0,0.442,0.406,0.152,0.173,0.156,0.75,4.02,All
249,Cole Irvin,608344,102,30.0,46,21,24,35,12,55.0,45.0,0.451,0.343,0.206,0.235,0.118,0.818,3.4,All
250,Cole Ragans,666142,1718,408.0,871,220,324,627,266,825.0,547.0,0.507,0.365,0.128,0.189,0.155,0.663,4.21,All
251,Cole Sands,663485,1352,353.0,623,251,254,478,217,657.0,510.0,0.461,0.354,0.186,0.188,0.161,0.776,3.83,All
252,Cole Sulser,642121,1273,307.0,589,216,254,468,150,655.0,475.0,0.463,0.368,0.17,0.2,0.118,0.725,4.15,All
253,Cole Wilcox,677961,531,134.0,250,84,86,197,91,243.0,171.0,0.471,0.371,0.158,0.162,0.171,0.704,3.96,All
254,Cole Winn,668390,1407,374.0,653,255,266,499,203,705.0,524.0,0.464,0.355,0.181,0.189,0.144,0.743,3.76,All
255,Coleman Crow,689441,299,84.0,135,68,57,96,50,153.0,128.0,0.452,0.321,0.227,0.191,0.167,0.837,3.56,All
256,Colin Holderman,670059,1356,345.0,613,231,215,512,234,610.0,448.0,0.452,0.378,0.17,0.159,0.173,0.734,3.93,All
257,Colin Poche,621363,244,52.0,102,27,38,115,45,84.0,66.0,0.418,0.471,0.111,0.156,0.184,0.786,4.69,All
258,Colin Rea,607067,4727,1240.0,2131,909,848,1687,812,2228.0,1763.0,0.451,0.357,0.192,0.179,0.172,0.791,3.81,All
259,Colin Selby,681882,214,60.0,94,44,32,76,31,107.0,76.0,0.439,0.355,0.206,0.15,0.145,0.71,3.57,All
260,Collin Snider,676092,477,118.0,240,87,119,150,64,263.0,206.0,0.503,0.314,0.182,0.249,0.134,0.783,4.04,All
261,Colton Gordon,676467,1728,446.0,811,339,370,578,283,867.0,712.0,0.469,0.334,0.196,0.214,0.164,0.821,3.87,All
262,Connelly Early,813349,1852,469.0,890,299,354,663,307,882.0,656.0,0.481,0.358,0.161,0.191,0.166,0.744,3.95,All
263,Connor Brogdon,641401,1122,265.0,523,183,207,416,154,551.0,394.0,0.466,0.371,0.163,0.184,0.137,0.715,4.23,All
264,Connor Gillispie,687362,471,123.0,211,88,80,172,84,215.0,169.0,0.448,0.365,0.187,0.17,0.178,0.786,3.83,All
265,Connor Phillips,683175,924,231.0,417,126,131,381,168,375.0,258.0,0.451,0.412,0.136,0.142,0.182,0.688,4.0,All
266,Connor Prielipp,687570,1992,513.0,944,338,377,710,336,946.0,722.0,0.474,0.356,0.17,0.189,0.169,0.763,3.88,All
267,Connor Seabold,657756,661,161.0,314,113,142,234,106,321.0,255.0,0.475,0.354,0.171,0.215,0.16,0.794,4.11,All
268,Connor Thomas,671162,483,132.0,204,97,79,182,79,221.0,177.0,0.422,0.377,0.201,0.164,0.164,0.801,3.66,All
269,Cooper Criswell,681867,881,234.0,394,179,159,308,152,421.0,341.0,0.447,0.35,0.203,0.18,0.173,0.81,3.76,All
270,Cooper Hjerpe,687309,180,39.0,97,19,44,64,34,82.0,63.0,0.539,0.356,0.106,0.244,0.189,0.768,4.62,All
271,Cooper Hummel,669450,17,9.0,5,8,0,4,4,9.0,8.0,0.294,0.235,0.471,0.0,0.235,0.889,1.89,All
272,Corbin Burnes,669203,1207,311.0,555,208,206,444,201,562.0,415.0,0.46,0.368,0.172,0.171,0.167,0.738,3.88,All
273,Corbin Martin,656686,443,114.0,198,71,66,174,68,201.0,137.0,0.447,0.393,0.16,0.149,0.153,0.682,3.89,All
274,Craig Kimbrel,518886,1016,243.0,447,156,191,413,137,466.0,352.0,0.44,0.406,0.154,0.188,0.135,0.755,4.18,All
275,Craig Yoho,684974,801,201.0,374,122,134,305,139,357.0,258.0,0.467,0.381,0.152,0.167,0.174,0.723,3.99,All
276,Cristian Javier,664299,1727,432.0,797,294,318,636,243,848.0,616.0,0.461,0.368,0.17,0.184,0.141,0.726,4.0,All
277,Cristian Mena,691441,100,26.0,43,15,17,42,12,46.0,32.0,0.43,0.42,0.15,0.17,0.12,0.696,3.85,All
278,Cristopher Sanchez,650911,5954,1637.0,2867,1103,937,1984,1000,2970.0,2053.0,0.482,0.333,0.185,0.157,0.168,0.691,3.64,All
279,DJ Herz,687792,63,19.0,26,13,8,24,10,29.0,21.0,0.413,0.381,0.206,0.127,0.159,0.724,3.32,All
280,DL Hall,669084,1525,381.0,688,242,253,595,273,657.0,498.0,0.451,0.39,0.159,0.166,0.179,0.758,4.0,All
281,Dan Altavilla,656186,456,120.0,196,80,82,180,67,209.0,162.0,0.43,0.395,0.175,0.18,0.147,0.775,3.8,All
282,Dane Dunning,641540,372,94.0,167,64,67,141,56,175.0,131.0,0.449,0.379,0.172,0.18,0.151,0.749,3.96,All
283,Daniel Duarte,650960,463,112.0,247,74,112,142,77,244.0,189.0,0.533,0.307,0.16,0.242,0.166,0.775,4.13,All
284,Daniel Espino,682982,243,59.0,125,30,44,88,36,119.0,74.0,0.514,0.362,0.123,0.181,0.148,0.622,4.12,All
285,Daniel Lynch IV,663738,2312,622.0,988,462,336,862,413,1037.0,805.0,0.427,0.373,0.2,0.145,0.179,0.776,3.72,All
286,Daniel Palencia,694037,1307,332.0,635,214,264,458,188,661.0,480.0,0.486,0.35,0.164,0.202,0.144,0.726,3.94,All
287,Daniel Robert,642016,255,59.0,123,34,47,98,40,117.0,81.0,0.482,0.384,0.133,0.184,0.157,0.692,4.32,All
288,Danny Coulombe,543056,1105,272.0,508,185,215,412,159,534.0,404.0,0.46,0.373,0.167,0.195,0.144,0.757,4.06,All
289,Danny Young,664849,431,100.0,181,54,46,196,95,140.0,101.0,0.42,0.455,0.125,0.107,0.22,0.721,4.31,All
290,Darren McCaughan,670766,86,23.0,46,16,15,24,18,44.0,32.0,0.535,0.279,0.186,0.174,0.209,0.727,3.74,All
291,Dauri Moreta,664294,285,67.0,145,42,52,98,48,139.0,94.0,0.509,0.344,0.147,0.182,0.168,0.676,4.25,All
292,David Bednar,670280,2140,518.0,1116,322,425,702,355,1083.0,749.0,0.521,0.328,0.15,0.199,0.166,0.692,4.13,All
293,David Festa,701581,882,229.0,414,153,173,315,115,452.0,328.0,0.469,0.357,0.173,0.196,0.13,0.726,3.85,All
294,David Morgan,688158,1327,339.0,638,208,264,481,186,660.0,476.0,0.481,0.362,0.157,0.199,0.14,0.721,3.91,All
295,David Peterson,656849,5087,1366.0,2293,946,858,1848,871,2367.0,1816.0,0.451,0.363,0.186,0.169,0.171,0.767,3.72,All
296,David Robertson,502085,304,77.0,138,48,46,118,60,126.0,96.0,0.454,0.388,0.158,0.151,0.197,0.762,3.95,All
297,David Sandlin,689818,553,145.0,248,98,89,207,98,248.0,187.0,0.448,0.374,0.177,0.161,0.177,0.754,3.81,All
298,Davis Daniel,669721,183,46.0,81,29,40,73,25,85.0,70.0,0.443,0.399,0.158,0.219,0.137,0.824,3.98,All
299,Davis Martin,663436,4633,1209.0,2073,876,873,1684,686,2263.0,1755.0,0.447,0.363,0.189,0.188,0.148,0.776,3.83,All
300,Dax Fulton,690978,437,110.0,193,68,70,176,69,192.0,140.0,0.442,0.403,0.156,0.16,0.158,0.729,3.97,All
301,Daysbel Hernandez,678226,717,162.0,315,99,118,303,106,308.0,218.0,0.439,0.423,0.138,0.165,0.148,0.708,4.43,All
302,Dean Kremer,665152,4146,1049.0,1927,747,751,1472,675,1999.0,1504.0,0.465,0.355,0.18,0.181,0.163,0.752,3.95,All
303,Dedniel Nunez,673380,384,110.0,190,76,66,118,52,214.0,143.0,0.495,0.307,0.198,0.172,0.135,0.668,3.49,All
304,Dennis Santana,642701,1878,500.0,913,348,339,617,321,940.0,689.0,0.486,0.329,0.185,0.181,0.171,0.733,3.76,All
305,Derek Law,571882,155,34.0,64,26,28,65,22,68.0,54.0,0.413,0.419,0.168,0.181,0.142,0.794,4.56,All
306,Devin Williams,642207,1847,435.0,947,246,339,654,266,927.0,588.0,0.513,0.354,0.133,0.184,0.144,0.634,4.25,All
307,Didier Fuentes,800311,1506,358.0,759,225,319,522,216,768.0,544.0,0.504,0.347,0.149,0.212,0.143,0.708,4.21,All
308,Dietrich Enns,608650,1032,266.0,505,182,209,345,152,535.0,395.0,0.489,0.334,0.176,0.203,0.147,0.738,3.88,All
309,Dillon Tate,622253,139,34.0,63,19,24,57,28,54.0,43.0,0.453,0.41,0.137,0.173,0.201,0.796,4.09,All
310,Dom Hamel,687589,13,6.0,5,5,3,3,2,8.0,8.0,0.385,0.231,0.385,0.231,0.154,1.0,2.17,All
311,Domingo Gonzalez,682445,129,36.0,52,25,24,52,16,61.0,49.0,0.403,0.403,0.194,0.186,0.124,0.803,3.58,All
312,Doug Nikhazy,680951,147,32.0,60,18,21,69,20,58.0,39.0,0.408,0.469,0.122,0.143,0.136,0.672,4.59,All
313,Drew Anderson,623454,1772,456.0,862,293,338,617,285,870.0,635.0,0.486,0.348,0.165,0.191,0.161,0.73,3.89,All
314,Drew Pomeranz,519141,1294,333.0,612,226,268,456,200,638.0,498.0,0.473,0.352,0.175,0.207,0.155,0.781,3.89,All
315,Drew Rasmussen,656876,4976,1253.0,2421,872,995,1683,835,2458.0,1874.0,0.487,0.338,0.175,0.2,0.168,0.762,3.97,All
316,Drew Rom,680723,266,71.0,113,48,35,105,50,111.0,86.0,0.425,0.395,0.18,0.132,0.188,0.775,3.75,All
317,Drew Sommers,805427,716,183.0,373,102,130,241,133,342.0,237.0,0.521,0.337,0.142,0.182,0.186,0.693,3.91,All
318,Drey Jameson,686753,359,99.0,152,72,49,135,60,164.0,121.0,0.423,0.376,0.201,0.136,0.167,0.738,3.63,All
319,Dugan Darnell,699911,186,49.0,73,36,27,77,33,76.0,63.0,0.392,0.414,0.194,0.145,0.177,0.829,3.8,All
320,Duncan Davitt,701474,88,25.0,33,20,12,35,13,40.0,32.0,0.375,0.398,0.227,0.136,0.148,0.8,3.52,All
321,Dustin May,669160,4511,1189.0,2101,801,832,1609,805,2097.0,1644.0,0.466,0.357,0.178,0.184,0.178,0.784,3.79,All
322,Dylan Cease,656302,5940,1405.0,2917,794,1079,2229,886,2825.0,1882.0,0.491,0.375,0.134,0.182,0.149,0.666,4.23,All
323,Dylan Dodd,689266,1246,308.0,611,208,259,427,142,677.0,468.0,0.49,0.343,0.167,0.208,0.114,0.691,4.05,All
324,Dylan Lee,669276,2138,520.0,1102,339,381,697,327,1113.0,727.0,0.515,0.326,0.159,0.178,0.153,0.653,4.11,All
325,Dylan Moore,664238,21,8.0,5,6,2,10,2,9.0,8.0,0.238,0.476,0.286,0.095,0.095,0.889,2.62,All
326,Dylan Ross,697811,11,3.0,4,3,2,4,1,6.0,5.0,0.364,0.364,0.273,0.182,0.091,0.833,3.67,All
327,Dylan Smith,681916,817,205.0,371,134,158,312,113,392.0,292.0,0.454,0.382,0.164,0.193,0.138,0.745,3.99,All
328,Easton Lucas,687922,438,108.0,209,73,99,156,56,226.0,172.0,0.477,0.356,0.167,0.226,0.128,0.761,4.06,All
329,Easton McGee,668834,407,113.0,202,82,101,123,58,226.0,183.0,0.496,0.302,0.201,0.248,0.143,0.81,3.6,All
330,Eddy Yean,678868,168,45.0,71,35,31,62,28,78.0,67.0,0.423,0.369,0.208,0.185,0.167,0.859,3.73,All
331,Edgardo Henriquez,683618,1251,320.0,597,195,234,459,171,620.0,434.0,0.477,0.367,0.156,0.187,0.137,0.7,3.91,All
332,Eduard Bazardo,660825,2327,596.0,1125,396,407,806,503,1018.0,808.0,0.483,0.346,0.17,0.175,0.216,0.794,3.9,All
333,Eduardo Rivera,700842,210,44.0,99,28,44,83,31,96.0,72.0,0.471,0.395,0.133,0.21,0.148,0.75,4.77,All
334,Eduardo Rodriguez,593958,5565,1453.0,2474,1047,997,2044,861,2660.0,2063.0,0.445,0.367,0.188,0.179,0.155,0.776,3.83,All
335,Eduardo Salazar,674285,545,151.0,232,110,97,203,81,261.0,207.0,0.426,0.372,0.202,0.178,0.149,0.793,3.61,All
336,Eduarniel Nunez,674384,249,59.0,111,35,40,103,35,111.0,75.0,0.446,0.414,0.141,0.161,0.141,0.676,4.22,All
337,Edward Cabrera,665795,3605,931.0,1636,613,572,1356,589,1660.0,1191.0,0.454,0.376,0.17,0.159,0.163,0.717,3.87,All
338,Edwin Diaz,621242,1447,346.0,731,182,244,534,235,678.0,426.0,0.505,0.369,0.126,0.169,0.162,0.628,4.18,All
339,Edwin Uceta,670955,1214,318.0,611,183,228,420,150,644.0,415.0,0.503,0.346,0.151,0.188,0.124,0.644,3.82,All
340,Eiberson Castellano,682769,35,12.0,15,9,4,11,5,19.0,13.0,0.429,0.314,0.257,0.114,0.143,0.684,2.92,All
341,Eli Morgan,669212,471,125.0,212,92,81,167,77,227.0,174.0,0.45,0.355,0.195,0.172,0.163,0.767,3.77,All
342,Elieser Hernandez,622694,207,49.0,96,32,34,79,37,91.0,66.0,0.464,0.382,0.155,0.164,0.179,0.725,4.22,All
343,Elmer Rodriguez,695684,497,125.0,207,82,57,208,91,198.0,140.0,0.416,0.419,0.165,0.115,0.183,0.707,3.98,All
344,Elvin Rodriguez,660730,335,90.0,143,64,50,128,59,148.0,115.0,0.427,0.382,0.191,0.149,0.176,0.777,3.72,All
345,Elvis Alvarado,665660,1670,397.0,798,239,318,633,220,817.0,558.0,0.478,0.379,0.143,0.19,0.132,0.683,4.21,All
346,Elvis Peguero,665625,187,47.0,82,32,28,73,26,88.0,60.0,0.439,0.39,0.171,0.15,0.139,0.682,3.98,All
347,Emerson Hancock,676106,3599,950.0,1657,686,725,1256,510,1833.0,1423.0,0.46,0.349,0.191,0.201,0.142,0.776,3.79,All
348,Emiliano Teodo,693713,43,10.0,20,7,9,16,7,20.0,16.0,0.465,0.372,0.163,0.209,0.163,0.8,4.3,All
349,Emilio Pagan,641941,1730,439.0,850,276,373,604,219,907.0,654.0,0.491,0.349,0.16,0.216,0.127,0.721,3.94,All
350,Emmanuel Clase,661403,746,199.0,371,138,136,237,104,405.0,275.0,0.497,0.318,0.185,0.182,0.139,0.679,3.75,All
351,Emmanuel Rivera,656896,45,13.0,17,11,5,17,11,17.0,16.0,0.378,0.378,0.244,0.111,0.244,0.941,3.46,All
352,Emmet Sheehan,686218,3106,762.0,1526,477,581,1103,434,1569.0,1066.0,0.491,0.355,0.154,0.187,0.14,0.679,4.08,All
353,Enmanuel De Jesus,646241,669,178.0,314,122,116,233,118,318.0,241.0,0.469,0.348,0.182,0.173,0.176,0.758,3.76,All
354,Enrique Hernandez,571771,133,41.0,37,32,10,64,21,48.0,42.0,0.278,0.481,0.241,0.075,0.158,0.875,3.24,All
355,Enyel De Los Santos,660853,2264,577.0,1093,405,443,766,307,1191.0,852.0,0.483,0.338,0.179,0.196,0.136,0.715,3.92,All
356,Erasmo Ramirez,541640,158,41.0,66,35,31,57,21,80.0,68.0,0.418,0.361,0.222,0.196,0.133,0.85,3.85,All
357,Eric Cerantola,672021,122,28.0,46,10,12,66,19,37.0,22.0,0.377,0.541,0.082,0.098,0.156,0.595,4.36,All
358,Eric Lauer,641778,3498,891.0,1658,649,737,1191,546,1761.0,1392.0,0.474,0.34,0.186,0.211,0.156,0.79,3.93,All
359,Eric Orze,679358,1366,364.0,622,246,229,498,230,638.0,481.0,0.455,0.365,0.18,0.168,0.168,0.754,3.75,All
360,Erick Fedde,607200,4727,1212.0,1952,910,761,1865,806,2056.0,1683.0,0.413,0.395,0.193,0.161,0.171,0.819,3.9,All
361,Erik Miller,669062,1453,345.0,644,195,203,614,227,612.0,408.0,0.443,0.423,0.134,0.14,0.156,0.667,4.21,All
362,Erik Sabrowski,681870,1304,314.0,665,145,245,494,204,606.0,398.0,0.51,0.379,0.111,0.188,0.156,0.657,4.15,All
363,Erik Swanson,657024,128,30.0,57,21,27,50,19,59.0,48.0,0.445,0.391,0.164,0.211,0.148,0.814,4.27,All
364,Erik Tolman,680899,249,57.0,131,36,55,82,36,131.0,94.0,0.526,0.329,0.145,0.221,0.145,0.718,4.37,All
365,Ethan Pecko,814490,487,116.0,202,83,88,202,64,221.0,172.0,0.415,0.415,0.17,0.181,0.131,0.778,4.2,All
366,Ethan Roberts,681799,581,149.0,253,106,97,222,101,257.0,203.0,0.435,0.382,0.182,0.167,0.174,0.79,3.9,All
367,Eury Perez,691587,4246,1016.0,2061,637,888,1548,549,2149.0,1535.0,0.485,0.365,0.15,0.209,0.129,0.714,4.18,All
368,Evan Phillips,623465,487,115.0,241,75,94,171,90,226.0,169.0,0.495,0.351,0.154,0.193,0.185,0.748,4.23,All
369,Evan Sisk,681895,1121,266.0,507,149,174,465,204,451.0,326.0,0.452,0.415,0.133,0.155,0.182,0.723,4.21,All
370,Ezequiel Duran,677649,25,11.0,6,11,1,8,5,12.0,12.0,0.24,0.32,0.44,0.04,0.2,1.0,2.27,All
371,Felix Bautista,642585,646,147.0,311,71,113,264,90,292.0,185.0,0.481,0.409,0.11,0.175,0.139,0.634,4.39,All
372,Fernando Cruz,518585,1744,432.0,811,234,195,699,292,752.0,433.0,0.465,0.401,0.134,0.112,0.167,0.576,4.04,All
373,Forrest Whitley,666215,256,66.0,113,45,50,98,40,118.0,95.0,0.441,0.383,0.176,0.195,0.156,0.805,3.88,All
374,Foster Griffin,656492,2752,693.0,1319,487,524,946,479,1325.0,1019.0,0.479,0.344,0.177,0.19,0.174,0.769,3.97,All
375,Framber Valdez,664285,5575,1537.0,2517,1069,923,1989,961,2624.0,2004.0,0.451,0.357,0.192,0.166,0.172,0.764,3.63,All
376,Franco Aleman,680916,427,103.0,205,61,80,161,71,195.0,143.0,0.48,0.377,0.143,0.187,0.166,0.733,4.15,All
377,Frankie Montas,593423,708,178.0,321,131,131,256,108,344.0,262.0,0.453,0.362,0.185,0.185,0.153,0.762,3.98,All
378,Fraser Ellard,686642,329,74.0,155,32,59,142,49,138.0,91.0,0.471,0.432,0.097,0.179,0.149,0.659,4.45,All
379,Freddy Peralta,642547,5953,1431.0,2725,931,1078,2297,841,2814.0,2020.0,0.458,0.386,0.156,0.181,0.141,0.718,4.16,All
380,Freddy Tarnok,676206,130,28.0,61,13,22,56,28,46.0,35.0,0.469,0.431,0.1,0.169,0.215,0.761,4.64,All
381,Gabe Speier,642100,1601,423.0,829,266,326,506,269,826.0,595.0,0.518,0.316,0.166,0.204,0.168,0.72,3.78,All
382,Gabriel Hughes,687312,1145,282.0,529,200,233,416,182,547.0,434.0,0.462,0.363,0.175,0.203,0.159,0.793,4.06,All
383,Gage Jump,695611,1762,435.0,854,279,353,629,285,848.0,634.0,0.485,0.357,0.158,0.2,0.162,0.748,4.05,All
384,Garrett Acton,670183,228,55.0,107,32,33,89,39,100.0,65.0,0.469,0.39,0.14,0.145,0.171,0.65,4.15,All
385,Garrett Cleavinger,664076,1612,422.0,820,239,284,553,276,783.0,528.0,0.509,0.343,0.148,0.176,0.171,0.674,3.82,All
386,Garrett Crochet,676979,3669,952.0,1848,595,742,1226,558,1885.0,1345.0,0.504,0.334,0.162,0.202,0.152,0.714,3.85,All
387,Garrett Hampson,641658,3,3.0,0,3,0,0,0,3.0,3.0,0.0,0.0,1.0,0.0,0.0,1.0,1.0,All
388,Garrett McDaniels,680729,191,50.0,71,35,22,85,31,75.0,57.0,0.372,0.445,0.183,0.115,0.162,0.76,3.82,All
389,Garrett Stallings,668831,194,51.0,97,29,30,68,35,91.0,61.0,0.5,0.351,0.149,0.155,0.18,0.67,3.8,All
390,Garrett Stubbs,596117,46,24.0,11,22,5,13,5,28.0,27.0,0.239,0.283,0.478,0.109,0.109,0.964,1.92,All
391,Garrett Whitlock,676477,1903,485.0,1024,300,400,579,283,1041.0,702.0,0.538,0.304,0.158,0.21,0.149,0.674,3.92,All
392,Gary Sanchez,596142,52,17.0,13,15,5,24,7,21.0,20.0,0.25,0.462,0.288,0.096,0.135,0.952,3.06,All
393,Gavin Collyer,686560,450,104.0,196,58,62,196,88,166.0,121.0,0.436,0.436,0.129,0.138,0.196,0.729,4.33,All
394,Gavin Hollowell,668970,425,105.0,199,66,67,160,82,183.0,133.0,0.468,0.376,0.155,0.158,0.193,0.727,4.05,All
395,Gavin Williams,668909,5842,1432.0,2878,866,1050,2098,978,2766.0,1922.0,0.493,0.359,0.148,0.18,0.167,0.695,4.08,All
396,Genesis Cabrera,650893,715,186.0,322,132,116,261,111,343.0,250.0,0.45,0.365,0.185,0.162,0.155,0.729,3.84,All
397,Geoff Hartlieb,664129,476,129.0,204,89,79,183,67,226.0,169.0,0.429,0.384,0.187,0.166,0.141,0.748,3.69,All
398,George Kirby,669923,4754,1241.0,2260,879,936,1615,736,2403.0,1821.0,0.475,0.34,0.185,0.197,0.155,0.758,3.83,All
399,George Klassen,691946,491,125.0,209,79,75,203,64,224.0,154.0,0.426,0.413,0.161,0.153,0.13,0.688,3.93,All
400,George Soriano,666277,1846,456.0,883,300,322,663,313,869.0,626.0,0.478,0.359,0.163,0.174,0.17,0.72,4.05,All
401,Gerardo Carrillo,672629,320,80.0,136,42,47,142,53,125.0,89.0,0.425,0.444,0.131,0.147,0.166,0.712,4.0,All
402,German Marquez,608566,3005,825.0,1253,625,536,1127,442,1436.0,1167.0,0.417,0.375,0.208,0.178,0.147,0.813,3.64,All
403,Gerrit Cole,543037,1848,497.0,916,348,366,584,349,914.0,719.0,0.496,0.316,0.188,0.198,0.189,0.787,3.72,All
404,Gerson Garabito,642520,121,41.0,55,30,9,36,28,57.0,39.0,0.455,0.298,0.248,0.074,0.231,0.684,2.95,All
405,Gordon Graceffo,700669,1945,504.0,845,354,346,746,298,901.0,704.0,0.434,0.384,0.182,0.178,0.153,0.781,3.86,All
406,Graham Ashcraft,668933,1613,421.0,764,274,267,575,258,780.0,545.0,0.474,0.356,0.17,0.166,0.16,0.699,3.83,All
407,Grant Anderson,681982,2082,529.0,964,353,359,765,314,1002.0,717.0,0.463,0.367,0.17,0.172,0.151,0.716,3.94,All
408,Grant Holman,680880,410,110.0,165,82,57,163,52,195.0,142.0,0.402,0.398,0.2,0.139,0.127,0.728,3.73,All
409,Grant Holmes,656550,4240,1103.0,1921,749,716,1570,605,2064.0,1477.0,0.453,0.37,0.177,0.169,0.143,0.716,3.84,All
410,Grant Taylor,691799,1926,486.0,991,284,348,651,372,903.0,635.0,0.515,0.338,0.147,0.181,0.193,0.703,3.96,All
411,Grant Wolfram,664991,1415,354.0,685,229,269,501,240,674.0,503.0,0.484,0.354,0.162,0.19,0.17,0.746,4.0,All
412,Grayson Rodriguez,680570,1674,419.0,790,293,331,591,265,818.0,625.0,0.472,0.353,0.175,0.198,0.158,0.764,4.0,All
413,Greg Weissert,669711,2043,524.0,960,365,384,718,342,983.0,755.0,0.47,0.351,0.179,0.188,0.167,0.768,3.9,All
414,Gregory Santos,666619,218,56.0,82,46,38,90,35,93.0,84.0,0.376,0.413,0.211,0.174,0.161,0.903,3.89,All
415,Gregory Soto,642397,2163,554.0,1028,337,347,798,397,968.0,689.0,0.475,0.369,0.156,0.16,0.184,0.712,3.9,All
416,Griffin Canning,656288,2824,704.0,1269,469,478,1086,455,1282.0,952.0,0.449,0.385,0.166,0.169,0.161,0.743,4.01,All
417,Griffin Jax,643377,2773,728.0,1368,458,447,947,466,1360.0,911.0,0.493,0.342,0.165,0.161,0.168,0.67,3.81,All
418,Guillo Zuniga,670871,18,4.0,9,2,4,7,3,8.0,6.0,0.5,0.389,0.111,0.222,0.167,0.75,4.5,All
419,Gunnar Hoglund,680684,547,138.0,241,105,89,201,96,250.0,195.0,0.441,0.367,0.192,0.163,0.176,0.78,3.96,All
420,Gus Varland,681402,570,150.0,273,106,111,191,97,282.0,221.0,0.479,0.335,0.186,0.195,0.17,0.784,3.8,All
421,Hagen Smith,696146,418,99.0,213,46,63,159,81,178.0,109.0,0.51,0.38,0.11,0.151,0.194,0.612,4.22,All
422,Hancel Rincon,684516,43,11.0,18,8,10,17,4,22.0,19.0,0.419,0.395,0.186,0.233,0.093,0.864,3.91,All
423,Hayden Birdsong,806185,1194,298.0,515,188,185,491,181,522.0,374.0,0.431,0.411,0.157,0.155,0.152,0.716,4.01,All
424,Hayden Harris,802686,50,12.0,23,10,16,17,6,27.0,26.0,0.46,0.34,0.2,0.32,0.12,0.963,4.17,All
425,Hayden Juenger,696522,292,81.0,115,65,50,112,45,135.0,115.0,0.394,0.384,0.223,0.171,0.154,0.852,3.6,All
426,Hayden Wesneski,669713,1325,350.0,609,252,241,464,222,639.0,493.0,0.46,0.35,0.19,0.182,0.168,0.772,3.79,All
427,Hector Neris,593576,548,123.0,259,72,109,217,76,255.0,182.0,0.473,0.396,0.131,0.199,0.139,0.714,4.46,All
428,Hoby Milner,571948,1793,454.0,824,343,317,626,376,791.0,663.0,0.46,0.349,0.191,0.177,0.21,0.838,3.95,All
429,Hogan Harris,663687,2436,576.0,1172,350,459,914,450,1072.0,811.0,0.481,0.375,0.144,0.188,0.185,0.757,4.23,All
430,Huascar Brazoban,623211,2027,519.0,946,349,387,732,307,987.0,744.0,0.467,0.361,0.172,0.191,0.151,0.754,3.91,All
431,Hunter Barco,682995,397,99.0,166,67,61,164,73,160.0,129.0,0.418,0.413,0.169,0.154,0.184,0.806,4.01,All
432,Hunter Bigge,685801,550,144.0,235,99,88,216,77,257.0,188.0,0.427,0.393,0.18,0.16,0.14,0.732,3.82,All
433,Hunter Brown,686613,4743,1154.0,2199,711,787,1833,827,2083.0,1508.0,0.464,0.386,0.15,0.166,0.174,0.724,4.11,All
434,Hunter Dobbins,690928,1863,486.0,826,345,310,692,323,848.0,657.0,0.443,0.371,0.185,0.166,0.173,0.775,3.83,All
435,Hunter Gaddis,683769,1998,519.0,960,347,351,691,284,1023.0,702.0,0.48,0.346,0.174,0.176,0.142,0.686,3.85,All
436,Hunter Greene,668881,2204,541.0,1166,339,475,699,328,1177.0,818.0,0.529,0.317,0.154,0.216,0.149,0.695,4.07,All
437,Hunter Harvey,640451,243,57.0,121,40,46,82,41,120.0,87.0,0.498,0.337,0.165,0.189,0.169,0.725,4.26,All
438,Hunter Stratton,676702,399,104.0,197,75,93,127,62,210.0,168.0,0.494,0.318,0.188,0.233,0.155,0.8,3.84,All
439,Hunter Strickland,519326,332,89.0,150,67,66,115,48,169.0,133.0,0.452,0.346,0.202,0.199,0.145,0.787,3.73,All
440,Hurston Waldrep,694462,1101,284.0,474,184,164,443,176,482.0,349.0,0.431,0.402,0.167,0.149,0.16,0.724,3.88,All
441,Ian Anderson,666120,203,50.0,84,36,36,83,27,93.0,72.0,0.414,0.409,0.177,0.177,0.133,0.774,4.06,All
442,Ian Gibaut,664139,388,109.0,164,86,68,138,61,189.0,156.0,0.423,0.356,0.222,0.175,0.157,0.825,3.56,All
443,Ian Hamilton,641656,733,188.0,354,116,141,263,111,359.0,259.0,0.483,0.359,0.158,0.192,0.151,0.721,3.9,All
444,Ian Seymour,693855,3073,771.0,1561,494,611,1018,499,1556.0,1111.0,0.508,0.331,0.161,0.199,0.162,0.714,3.99,All
445,Ildemaro Vargas,545121,48,17.0,10,13,3,25,7,16.0,16.0,0.208,0.521,0.271,0.062,0.146,1.0,2.82,All
446,Isaac Mattson,676755,1505,371.0,738,253,333,514,233,758.0,590.0,0.49,0.342,0.168,0.221,0.155,0.778,4.06,All
447,Isaiah Campbell,663462,109,35.0,50,30,19,29,18,62.0,49.0,0.459,0.266,0.275,0.174,0.165,0.79,3.11,All
448,Isiah Kiner-Falefa,643396,7,2.0,2,2,1,3,1,3.0,3.0,0.286,0.429,0.286,0.143,0.143,1.0,3.5,All
449,J.P. Feyereisen,656420,81,22.0,39,18,22,24,7,50.0,40.0,0.481,0.296,0.222,0.272,0.086,0.8,3.68,All
450,J.P. France,641585,193,47.0,86,30,36,77,33,83.0,66.0,0.446,0.399,0.155,0.187,0.171,0.795,4.11,All
451,J.T. Ginn,669372,3764,970.0,1618,649,557,1497,592,1674.0,1213.0,0.43,0.398,0.172,0.148,0.157,0.725,3.88,All
452,JP Sears,676664,2895,726.0,1311,528,545,1056,470,1369.0,1076.0,0.453,0.365,0.182,0.188,0.162,0.786,3.99,All
453,JR Ritchie,702275,1195,299.0,510,187,194,498,196,501.0,382.0,0.427,0.417,0.156,0.162,0.164,0.762,4.0,All
454,JT Brubaker,664141,1471,366.0,657,265,253,549,254,668.0,522.0,0.447,0.373,0.18,0.172,0.173,0.781,4.02,All
455,Jack Anderson,681252,182,48.0,89,33,33,60,27,95.0,66.0,0.489,0.33,0.181,0.181,0.148,0.695,3.79,All
456,Jack Dreyer,676263,2152,548.0,1039,364,399,749,335,1068.0,775.0,0.483,0.348,0.169,0.185,0.156,0.726,3.93,All
457,Jack Flaherty,656427,4474,1068.0,2137,667,803,1670,773,2031.0,1478.0,0.478,0.373,0.149,0.179,0.173,0.728,4.19,All
458,Jack Kochanowicz,686799,2970,803.0,1234,583,496,1153,433,1384.0,1082.0,0.415,0.388,0.196,0.167,0.146,0.782,3.7,All
459,Jack Leiter,683004,3981,1001.0,1851,659,774,1471,605,1905.0,1435.0,0.465,0.37,0.166,0.194,0.152,0.753,3.98,All
460,Jack Little,669193,44,14.0,21,10,7,13,6,25.0,17.0,0.477,0.295,0.227,0.159,0.136,0.68,3.14,All
461,Jack Perkins,678022,2653,678.0,1250,434,479,969,414,1270.0,917.0,0.471,0.365,0.164,0.181,0.156,0.722,3.91,All
462,Jack Ralston,667652,255,61.0,115,38,33,102,60,93.0,74.0,0.451,0.4,0.149,0.129,0.235,0.796,4.18,All
463,Jack Sinclair,695378,129,37.0,55,24,27,50,19,60.0,51.0,0.426,0.388,0.186,0.209,0.147,0.85,3.49,All
464,Jack Weisenburger,674073,185,46.0,92,30,40,63,28,94.0,70.0,0.497,0.341,0.162,0.216,0.151,0.745,4.02,All
465,Jackson Jobe,695549,1562,390.0,702,261,279,599,246,717.0,544.0,0.449,0.383,0.167,0.179,0.157,0.759,4.01,All
466,Jackson Kent,800600,677,170.0,295,115,116,267,103,307.0,234.0,0.436,0.394,0.17,0.171,0.152,0.762,3.98,All
467,Jackson Kowar,663804,281,71.0,121,48,52,112,34,135.0,101.0,0.431,0.399,0.171,0.185,0.121,0.748,3.96,All
468,Jackson Rutledge,671131,1383,343.0,618,242,246,523,204,656.0,488.0,0.447,0.378,0.175,0.178,0.148,0.744,4.03,All
469,Jacob Amaya,676070,6,3.0,2,3,2,1,0,5.0,5.0,0.333,0.167,0.5,0.333,0.0,1.0,2.0,All
470,Jacob Barnes,606930,146,36.0,58,28,22,60,18,68.0,50.0,0.397,0.411,0.192,0.151,0.123,0.735,4.06,All
471,Jacob Latz,656641,2499,601.0,1204,396,471,899,343,1257.0,875.0,0.482,0.36,0.158,0.188,0.137,0.696,4.16,All
472,Jacob Lopez,682052,3816,928.0,1770,602,683,1444,623,1749.0,1294.0,0.464,0.378,0.158,0.179,0.163,0.74,4.11,All
473,Jacob Misiorowski,694819,3745,918.0,2008,500,728,1237,605,1902.0,1238.0,0.536,0.33,0.134,0.194,0.162,0.651,4.08,All
474,Jacob Stallings,607732,26,8.0,10,7,7,9,3,14.0,14.0,0.385,0.346,0.269,0.269,0.115,1.0,3.25,All
475,Jacob Waguespack,621097,620,170.0,274,120,95,226,105,289.0,217.0,0.442,0.365,0.194,0.153,0.169,0.751,3.65,All
476,Jacob Webb,657097,2076,540.0,1004,368,358,704,322,1050.0,728.0,0.484,0.339,0.177,0.172,0.155,0.693,3.84,All
477,Jacob deGrom,594798,5272,1311.0,2610,847,998,1815,740,2717.0,1850.0,0.495,0.344,0.161,0.189,0.14,0.681,4.02,All
478,Jaden Hill,677955,1164,301.0,545,193,219,426,171,567.0,413.0,0.468,0.366,0.166,0.188,0.147,0.728,3.87,All
479,Jake Bauers,641343,79,29.0,18,23,10,38,8,33.0,33.0,0.228,0.481,0.291,0.127,0.101,1.0,2.72,All
480,Jake Bennett,687562,1562,439.0,729,328,299,505,218,839.0,637.0,0.467,0.323,0.21,0.191,0.14,0.759,3.56,All
481,Jake Bird,656234,1636,416.0,801,267,235,568,368,700.0,506.0,0.49,0.347,0.163,0.144,0.225,0.723,3.93,All
482,Jake Eder,671109,358,92.0,158,66,71,134,46,178.0,137.0,0.441,0.374,0.184,0.198,0.128,0.77,3.89,All
483,Jake Irvin,663623,4783,1233.0,2177,882,889,1724,828,2231.0,1777.0,0.455,0.36,0.184,0.186,0.173,0.797,3.88,All
484,Jake Meyers,676694,9,3.0,2,3,0,4,2,3.0,3.0,0.222,0.444,0.333,0.0,0.222,1.0,3.0,All
485,Jake Palisch,669449,24,6.0,12,6,6,6,4,14.0,12.0,0.5,0.25,0.25,0.25,0.167,0.857,4.0,All
486,Jake Rogers,668670,92,28.0,31,22,6,39,23,30.0,28.0,0.337,0.424,0.239,0.065,0.25,0.933,3.29,All
487,Jake Woodford,663765,1082,295.0,452,227,181,403,183,496.0,408.0,0.418,0.372,0.21,0.167,0.169,0.823,3.67,All
488,Jakob Junis,596001,1850,495.0,846,366,295,638,378,834.0,662.0,0.457,0.345,0.198,0.159,0.204,0.794,3.74,All
489,Jalen Beeks,656222,1327,341.0,574,246,224,507,177,643.0,473.0,0.433,0.382,0.185,0.169,0.133,0.736,3.89,All
490,James Karinchak,675916,149,34.0,67,21,20,61,30,58.0,42.0,0.45,0.409,0.141,0.134,0.201,0.724,4.38,All
491,James McCann,543510,63,23.0,14,20,6,29,6,28.0,26.0,0.222,0.46,0.317,0.095,0.095,0.929,2.74,All
492,Jameson Taillon,592791,3426,888.0,1580,654,587,1192,607,1627.0,1251.0,0.461,0.348,0.191,0.171,0.177,0.769,3.86,All
493,Janson Junk,676083,3541,952.0,1641,737,745,1163,591,1785.0,1488.0,0.463,0.328,0.208,0.21,0.167,0.834,3.72,All
494,Jared Jones,683003,1579,402.0,768,251,272,560,240,779.0,525.0,0.486,0.355,0.159,0.172,0.152,0.674,3.93,All
495,Jared Koenig,657649,1212,305.0,574,202,201,436,250,526.0,407.0,0.474,0.36,0.167,0.166,0.206,0.774,3.97,All
496,Jared Shuster,694363,452,123.0,188,97,73,167,68,217.0,172.0,0.416,0.369,0.215,0.162,0.15,0.793,3.67,All
497,Jared Simpson,688692,93,20.0,39,9,17,45,17,31.0,26.0,0.419,0.484,0.097,0.183,0.183,0.839,4.65,All
498,Jared Triolo,669707,23,8.0,5,7,5,11,0,12.0,12.0,0.217,0.478,0.304,0.217,0.0,1.0,2.88,All
499,Jared Young,676724,11,3.0,2,2,0,7,1,3.0,2.0,0.182,0.636,0.182,0.0,0.091,0.667,3.67,All
500,Jason Adam,592094,1638,401.0,784,273,287,581,232,825.0,564.0,0.479,0.355,0.167,0.175,0.142,0.684,4.08,All
501,Jason Alexander,669920,1552,420.0,660,303,217,589,280,682.0,520.0,0.425,0.38,0.195,0.14,0.18,0.762,3.7,All
502,Jason Foley,671345,419,107.0,160,85,63,174,68,177.0,148.0,0.382,0.415,0.203,0.15,0.162,0.836,3.92,All
503,Javier Assad,665871,2041,521.0,884,394,374,763,367,911.0,769.0,0.433,0.374,0.193,0.183,0.18,0.844,3.92,All
504,Javier Sanoja,691594,243,81.0,78,72,43,93,25,125.0,115.0,0.321,0.383,0.296,0.177,0.103,0.92,3.0,All
505,Jayden Murray,681151,481,126.0,221,92,87,168,72,241.0,180.0,0.459,0.349,0.191,0.181,0.15,0.747,3.82,All
506,Jayvien Sandridge,682144,31,6.0,16,1,9,14,3,14.0,10.0,0.516,0.452,0.032,0.29,0.097,0.714,5.17,All
507,Jedixson Paez,699151,152,39.0,60,31,27,61,19,72.0,59.0,0.395,0.401,0.204,0.178,0.125,0.819,3.9,All
508,Jeff Brigham,656257,63,18.0,25,14,14,24,7,32.0,28.0,0.397,0.381,0.222,0.222,0.111,0.875,3.5,All
509,Jeff Criswell,676105,79,18.0,32,12,15,35,7,37.0,27.0,0.405,0.443,0.152,0.19,0.089,0.73,4.39,All
510,Jeff Hoffman,656546,2355,573.0,1208,325,437,822,359,1174.0,764.0,0.513,0.349,0.138,0.186,0.152,0.651,4.11,All
511,Jeffrey Springs,605488,5227,1325.0,2322,961,854,1944,864,2419.0,1825.0,0.444,0.372,0.184,0.163,0.165,0.754,3.94,All
512,Jefry Yan,642376,314,81.0,149,44,48,121,48,145.0,92.0,0.475,0.385,0.14,0.153,0.153,0.634,3.88,All
513,Jeremiah Estrada,669093,1749,428.0,893,238,338,618,249,882.0,582.0,0.511,0.353,0.136,0.193,0.142,0.66,4.09,All
514,Jesse Chavez,445926,171,43.0,75,30,31,66,33,72.0,61.0,0.439,0.386,0.175,0.181,0.193,0.847,3.98,All
515,Jesse Hahn,534910,79,22.0,28,16,7,35,13,31.0,23.0,0.354,0.443,0.203,0.089,0.165,0.742,3.59,All
516,Jesse Scholtens,669947,878,233.0,401,168,167,309,133,436.0,336.0,0.457,0.352,0.191,0.19,0.151,0.771,3.77,All
517,Jesus Luzardo,666200,5873,1485.0,2877,925,967,2071,1038,2764.0,1897.0,0.49,0.353,0.158,0.165,0.177,0.686,3.95,All
518,Jesus Tinoco,622786,304,79.0,133,62,47,109,62,133.0,111.0,0.438,0.359,0.204,0.155,0.204,0.835,3.85,All
519,Jhoan Duran,661395,1998,512.0,990,320,384,688,255,1054.0,707.0,0.495,0.344,0.16,0.192,0.128,0.671,3.9,All
520,Jhonathan Diaz,646242,51,11.0,25,9,12,17,11,23.0,21.0,0.49,0.333,0.176,0.235,0.216,0.913,4.64,All
521,Jhonny Pereda,640902,86,24.0,34,19,15,33,15,38.0,34.0,0.395,0.384,0.221,0.174,0.174,0.895,3.58,All
522,Jhony Brito,666745,123,35.0,59,28,23,36,16,71.0,52.0,0.48,0.293,0.228,0.187,0.13,0.732,3.51,All
523,Jimmy Herget,623474,2187,568.0,1012,386,361,789,378,1020.0,754.0,0.463,0.361,0.176,0.165,0.173,0.739,3.85,All
524,JoJo Romero,668941,1877,476.0,853,324,260,700,400,777.0,588.0,0.454,0.373,0.173,0.139,0.213,0.757,3.94,All
525,Joe Boyle,671212,1281,306.0,600,188,221,493,221,567.0,410.0,0.468,0.385,0.147,0.173,0.173,0.723,4.19,All
526,Joe La Sorsa,686747,108,35.0,42,30,11,36,26,46.0,41.0,0.389,0.333,0.278,0.102,0.241,0.891,3.09,All
527,Joe Mantiply,573009,591,168.0,264,129,104,198,105,288.0,236.0,0.447,0.335,0.218,0.176,0.178,0.819,3.52,All
528,Joe Rock,697812,356,91.0,165,49,61,142,64,150.0,111.0,0.463,0.399,0.138,0.171,0.18,0.74,3.91,All
529,Joe Ross,605452,1069,284.0,467,212,204,390,131,548.0,417.0,0.437,0.365,0.198,0.191,0.123,0.761,3.76,All
530,Joe Ryan,657746,5135,1277.0,2560,841,1048,1734,841,2559.0,1894.0,0.499,0.338,0.164,0.204,0.164,0.74,4.02,All
531,Joel Kuhnel,669270,709,191.0,284,147,108,278,104,327.0,256.0,0.401,0.392,0.207,0.152,0.147,0.783,3.71,All
532,Joel Payamps,606303,600,152.0,270,105,93,225,113,262.0,198.0,0.45,0.375,0.175,0.155,0.188,0.756,3.95,All
533,Joel Peguero,666711,484,133.0,217,98,94,169,72,243.0,193.0,0.448,0.349,0.202,0.194,0.149,0.794,3.64,All
534,Joey Cantillo,676282,4309,1069.0,2016,667,662,1626,787,1895.0,1338.0,0.468,0.377,0.155,0.154,0.183,0.706,4.03,All
535,Joey Estes,683155,311,89.0,131,69,59,111,39,161.0,128.0,0.421,0.357,0.222,0.19,0.125,0.795,3.49,All
536,Joey Gerber,680702,193,49.0,90,33,30,70,40,83.0,64.0,0.466,0.363,0.171,0.155,0.207,0.771,3.94,All
537,Joey Lucchesi,664192,744,188.0,331,133,130,280,138,326.0,263.0,0.445,0.376,0.179,0.175,0.185,0.807,3.96,All
538,Joey Wentz,666214,1815,439.0,846,306,373,663,259,893.0,683.0,0.466,0.365,0.169,0.206,0.143,0.765,4.13,All
539,Joey Wiemer,686894,45,16.0,12,13,5,20,7,18.0,18.0,0.267,0.444,0.289,0.111,0.156,1.0,2.81,All
540,Johan Oviedo,670912,737,188.0,334,115,113,288,131,318.0,229.0,0.453,0.391,0.156,0.153,0.178,0.72,3.92,All
541,John Brebbia,605154,553,135.0,275,91,126,187,96,270.0,218.0,0.497,0.338,0.165,0.228,0.174,0.807,4.1,All
542,John Curtiss,595928,545,141.0,243,112,115,190,70,285.0,227.0,0.446,0.349,0.206,0.211,0.128,0.796,3.87,All
543,John King,667463,1505,417.0,645,323,253,537,239,729.0,578.0,0.429,0.357,0.215,0.168,0.159,0.793,3.61,All
544,John Klein,804619,82,19.0,39,13,22,30,13,39.0,35.0,0.476,0.366,0.159,0.268,0.159,0.897,4.32,All
545,John Rooney,680701,23,6.0,11,3,1,9,6,8.0,4.0,0.478,0.391,0.13,0.043,0.261,0.5,3.83,All
546,John Schreiber,670167,2041,500.0,931,357,365,753,353,935.0,728.0,0.456,0.369,0.175,0.179,0.173,0.779,4.08,All
547,Jon Berti,542932,51,19.0,12,15,2,24,9,18.0,17.0,0.235,0.471,0.294,0.039,0.176,0.944,2.68,All
548,Jon Gray,592351,210,63.0,90,45,38,75,30,105.0,83.0,0.429,0.357,0.214,0.181,0.143,0.79,3.33,All
549,Jonah Bride,681146,114,37.0,37,30,17,47,16,51.0,47.0,0.325,0.412,0.263,0.149,0.14,0.922,3.08,All
550,Jonah Tong,804636,823,201.0,390,131,161,302,131,390.0,293.0,0.474,0.367,0.159,0.196,0.159,0.751,4.09,All
551,Jonathan Bowlan,680742,1694,409.0,827,254,307,613,247,833.0,564.0,0.488,0.362,0.15,0.181,0.146,0.677,4.14,All
552,Jonathan Cannon,686563,1873,483.0,825,344,359,704,261,908.0,710.0,0.44,0.376,0.184,0.192,0.139,0.782,3.88,All
553,Jonathan Heasley,669169,64,19.0,30,17,18,17,9,38.0,35.0,0.469,0.266,0.266,0.281,0.141,0.921,3.37,All
554,Jonathan Hernandez,642546,418,107.0,183,74,71,161,76,181.0,145.0,0.438,0.385,0.177,0.17,0.182,0.801,3.91,All
555,Jonathan Loaisiga,642528,1397,377.0,648,285,269,464,197,736.0,556.0,0.464,0.332,0.204,0.193,0.141,0.755,3.71,All
556,Jonathan Pintaro,702752,536,133.0,247,82,98,207,84,245.0,182.0,0.461,0.386,0.153,0.183,0.157,0.743,4.03,All
557,Jorbit Vivas,678391,54,27.0,9,23,6,22,3,29.0,29.0,0.167,0.407,0.426,0.111,0.056,1.0,2.0,All
558,Jordan Hicks,663855,2061,518.0,944,329,343,788,373,900.0,674.0,0.458,0.382,0.16,0.166,0.181,0.749,3.98,All
559,Jordan Leasure,673929,1448,345.0,682,209,286,557,177,714.0,495.0,0.471,0.385,0.144,0.198,0.122,0.693,4.2,All
560,Jordan Montgomery,656756,358,87.0,160,66,67,132,58,168.0,133.0,0.447,0.369,0.184,0.187,0.162,0.792,4.11,All
561,Jordan Romano,605447,1308,328.0,632,208,222,468,237,603.0,431.0,0.483,0.358,0.159,0.17,0.181,0.715,3.99,All
562,Jordan Weems,607179,98,23.0,35,20,15,43,9,46.0,35.0,0.357,0.439,0.204,0.153,0.092,0.761,4.26,All
563,Jordan Wicks,696136,397,117.0,183,92,77,122,53,222.0,169.0,0.461,0.307,0.232,0.194,0.134,0.761,3.39,All
564,Jorge Alcala,660896,1058,256.0,511,165,205,382,175,501.0,372.0,0.483,0.361,0.156,0.194,0.165,0.743,4.13,All
565,Jorge Lopez,605347,387,105.0,184,79,81,124,70,193.0,160.0,0.475,0.32,0.204,0.209,0.181,0.829,3.69,All
566,Jorge Mateo,622761,76,23.0,22,18,14,36,7,33.0,32.0,0.289,0.474,0.237,0.184,0.092,0.97,3.3,All
567,Jose A. Ferrer,678606,2272,606.0,1076,438,439,758,381,1131.0,882.0,0.474,0.334,0.193,0.193,0.168,0.78,3.75,All
568,Jose Alvarado,621237,1560,375.0,721,233,295,606,231,722.0,530.0,0.462,0.388,0.149,0.189,0.148,0.734,4.16,All
569,Jose Berrios,621244,2584,696.0,1141,497,427,946,448,1190.0,928.0,0.442,0.366,0.192,0.165,0.173,0.78,3.71,All
570,Jose Butto,676130,1158,298.0,500,198,182,460,159,539.0,381.0,0.432,0.397,0.171,0.157,0.137,0.707,3.89,All
571,Jose Caballero,676609,28,9.0,8,8,3,12,5,11.0,11.0,0.286,0.429,0.286,0.107,0.179,1.0,3.11,All
572,Jose Cabrera,703615,424,119.0,169,88,62,167,71,186.0,150.0,0.399,0.394,0.208,0.146,0.167,0.806,3.56,All
573,Jose Castillo,620454,543,148.0,257,101,93,185,106,252.0,195.0,0.473,0.341,0.186,0.171,0.195,0.774,3.67,All
574,Jose Corniell,692030,149,36.0,64,27,27,58,15,76.0,55.0,0.43,0.389,0.181,0.181,0.101,0.724,4.14,All
575,Jose Cuas,621016,418,92.0,195,58,82,165,56,197.0,144.0,0.467,0.395,0.139,0.196,0.134,0.731,4.54,All
576,Jose De Leon,592254,101,28.0,52,17,20,32,16,53.0,37.0,0.515,0.317,0.168,0.198,0.158,0.698,3.61,All
577,Jose Espada,664744,44,13.0,22,9,6,13,7,24.0,15.0,0.5,0.295,0.205,0.136,0.159,0.625,3.38,All
578,Jose Fermin,820862,1608,378.0,797,229,294,582,264,762.0,524.0,0.496,0.362,0.142,0.183,0.164,0.688,4.25,All
579,Jose Franco,683742,348,92.0,142,62,61,144,49,155.0,123.0,0.408,0.414,0.178,0.175,0.141,0.794,3.78,All
580,Jose Herrera,645444,27,10.0,5,10,1,12,4,11.0,11.0,0.185,0.444,0.37,0.037,0.148,1.0,2.7,All
581,Jose Leclerc,600917,229,46.0,100,33,43,96,23,110.0,76.0,0.437,0.419,0.144,0.188,0.1,0.691,4.98,All
582,Jose Quijada,650671,41,8.0,17,3,8,21,5,15.0,11.0,0.415,0.512,0.073,0.195,0.122,0.733,5.12,All
583,Jose Quintana,500779,2934,755.0,1214,570,471,1150,484,1299.0,1051.0,0.414,0.392,0.194,0.161,0.165,0.809,3.89,All
584,Jose Rodriguez,692064,50,13.0,21,10,4,19,8,23.0,14.0,0.42,0.38,0.2,0.08,0.16,0.609,3.85,All
585,Jose Ruiz,614179,302,79.0,134,55,56,113,36,153.0,112.0,0.444,0.374,0.182,0.185,0.119,0.732,3.82,All
586,Jose Soriano,667755,5657,1452.0,2543,968,881,2146,926,2585.0,1863.0,0.45,0.379,0.171,0.156,0.164,0.721,3.9,All
587,Jose Suarez,660761,1368,356.0,606,241,226,521,195,652.0,469.0,0.443,0.381,0.176,0.165,0.143,0.719,3.84,All
588,Jose Tena,677588,11,5.0,0,4,0,7,0,4.0,4.0,0.0,0.636,0.364,0.0,0.0,1.0,2.2,All
589,Jose Trevino,624431,175,61.0,54,54,24,67,23,85.0,78.0,0.309,0.383,0.309,0.137,0.131,0.918,2.87,All
590,Jose Urena,570632,934,244.0,395,185,174,354,130,450.0,361.0,0.423,0.379,0.198,0.186,0.139,0.802,3.83,All
591,Jose Urquidy,664353,614,164.0,298,122,115,194,108,312.0,238.0,0.485,0.316,0.199,0.187,0.176,0.763,3.74,All
592,Josh Ekness,694795,518,123.0,232,81,82,205,100,213.0,166.0,0.448,0.396,0.156,0.158,0.193,0.779,4.21,All
593,Josh Fleming,676596,77,18.0,31,14,16,32,8,37.0,32.0,0.403,0.416,0.182,0.208,0.104,0.865,4.28,All
594,Josh Hader,623352,1479,363.0,812,203,295,464,204,811.0,502.0,0.549,0.314,0.137,0.199,0.138,0.619,4.07,All
595,Josh Rojas,668942,13,4.0,3,4,2,6,1,6.0,6.0,0.231,0.462,0.308,0.154,0.077,1.0,3.25,All
596,Josh Simpson,681006,767,187.0,366,112,146,289,133,344.0,258.0,0.477,0.377,0.146,0.19,0.173,0.75,4.1,All
597,Josh Walker,677020,564,140.0,263,93,109,208,85,271.0,207.0,0.466,0.369,0.165,0.193,0.151,0.764,4.03,All
598,Josh White,687985,43,8.0,18,2,9,23,8,12.0,11.0,0.419,0.535,0.047,0.209,0.186,0.917,5.38,All
599,Josh Winckowski,670174,207,52.0,90,37,40,80,22,105.0,77.0,0.435,0.386,0.179,0.193,0.106,0.733,3.98,All
600,Josiah Gray,680686,40,11.0,15,10,5,15,8,17.0,15.0,0.375,0.375,0.25,0.125,0.2,0.882,3.64,All
601,Jovani Moran,663558,1133,286.0,524,174,168,435,184,514.0,347.0,0.462,0.384,0.154,0.148,0.162,0.675,3.96,All
602,Juan Burgos,686228,273,81.0,114,58,43,101,39,133.0,102.0,0.418,0.37,0.212,0.158,0.143,0.767,3.37,All
603,Juan Mejia,675848,2361,570.0,1126,368,440,867,379,1114.0,813.0,0.477,0.367,0.156,0.186,0.161,0.73,4.14,All
604,Juan Morillo,666661,1634,406.0,789,249,319,596,237,801.0,572.0,0.483,0.365,0.152,0.195,0.145,0.714,4.02,All
605,Julian Aguiar,687924,54,14.0,21,11,11,22,7,25.0,22.0,0.389,0.407,0.204,0.204,0.13,0.88,3.86,All
606,Julian Fernandez,642759,147,38.0,61,26,23,60,20,67.0,49.0,0.415,0.408,0.177,0.156,0.136,0.731,3.87,All
607,Julian Garcia,670062,713,179.0,341,118,120,254,130,329.0,238.0,0.478,0.356,0.165,0.168,0.182,0.723,3.98,All
608,Julian Merryweather,657240,353,86.0,157,62,62,134,63,156.0,126.0,0.445,0.38,0.176,0.176,0.178,0.808,4.1,All
609,Justin Bruihl,677865,1525,397.0,690,284,263,551,294,679.0,552.0,0.452,0.361,0.186,0.172,0.193,0.813,3.84,All
610,Justin Garza,621057,86,28.0,31,24,10,31,13,42.0,35.0,0.36,0.36,0.279,0.116,0.151,0.833,3.07,All
611,Justin Hagenman,663795,445,115.0,198,86,77,161,64,220.0,165.0,0.445,0.362,0.193,0.173,0.144,0.75,3.87,All
612,Justin Lawrence,664875,958,242.0,426,136,145,396,172,390.0,284.0,0.445,0.413,0.142,0.151,0.18,0.728,3.96,All
613,Justin Martinez,679885,455,111.0,212,53,64,190,87,178.0,118.0,0.466,0.418,0.116,0.141,0.191,0.663,4.1,All
614,Justin Slaten,686580,1007,272.0,482,192,195,333,147,527.0,387.0,0.479,0.331,0.191,0.194,0.146,0.734,3.7,All
615,Justin Steele,657006,313,92.0,155,65,66,93,58,162.0,132.0,0.495,0.297,0.208,0.211,0.185,0.815,3.4,All
616,Justin Sterner,686993,1823,447.0,860,298,343,665,234,924.0,643.0,0.472,0.365,0.163,0.188,0.128,0.696,4.08,All
617,Justin Topa,623437,1394,373.0,626,276,253,492,258,644.0,530.0,0.449,0.353,0.198,0.181,0.185,0.823,3.74,All
618,Justin Verlander,434378,2688,680.0,1278,483,499,927,450,1311.0,990.0,0.475,0.345,0.18,0.186,0.167,0.755,3.95,All
619,Justin Wilson,458677,816,204.0,395,128,151,293,109,414.0,282.0,0.484,0.359,0.157,0.185,0.134,0.681,4.0,All
620,Justin Wrobleski,680736,3190,844.0,1545,600,637,1045,545,1599.0,1246.0,0.484,0.328,0.188,0.2,0.171,0.779,3.78,All
621,Kade Anderson,807739,482,131.0,230,95,106,157,61,264.0,202.0,0.477,0.326,0.197,0.22,0.127,0.765,3.68,All
622,Kade Morris,695034,323,89.0,130,69,60,124,40,159.0,130.0,0.402,0.384,0.214,0.186,0.124,0.818,3.63,All
623,Kade Strowd,669704,465,119.0,206,75,84,184,70,211.0,159.0,0.443,0.396,0.161,0.181,0.151,0.754,3.91,All
624,Kai-Wei Teng,678906,1839,468.0,862,286,304,691,341,807.0,592.0,0.469,0.376,0.156,0.165,0.185,0.734,3.93,All
625,Kaleb Ort,672391,788,193.0,362,116,141,310,112,366.0,259.0,0.459,0.393,0.147,0.179,0.142,0.708,4.08,All
626,Keaton Winn,676775,813,217.0,372,154,141,287,130,396.0,298.0,0.458,0.353,0.189,0.173,0.16,0.753,3.75,All
627,Keegan Akin,669211,1501,380.0,725,263,310,513,228,760.0,579.0,0.483,0.342,0.175,0.207,0.152,0.762,3.95,All
628,Keegan Thompson,624522,195,57.0,84,44,30,67,31,97.0,76.0,0.431,0.344,0.226,0.154,0.159,0.784,3.42,All
629,Keider Montero,672456,3783,1011.0,1731,759,694,1293,687,1803.0,1462.0,0.458,0.342,0.201,0.183,0.182,0.811,3.74,All
630,Ken Waldichuk,686610,149,40.0,62,26,19,61,26,62.0,45.0,0.416,0.409,0.174,0.128,0.174,0.726,3.72,All
631,Kendall Graveman,608665,324,82.0,120,60,38,144,41,139.0,100.0,0.37,0.444,0.185,0.117,0.127,0.719,3.95,All
632,Kendry Rojas,696070,521,130.0,232,73,88,216,77,228.0,164.0,0.445,0.415,0.14,0.169,0.148,0.719,4.01,All
633,Kenley Jansen,445276,1576,405.0,802,258,354,516,232,828.0,612.0,0.509,0.327,0.164,0.225,0.147,0.739,3.89,All
634,Kent Emanuel,592288,96,23.0,45,15,19,36,17,43.0,34.0,0.469,0.375,0.156,0.198,0.177,0.791,4.17,All
635,Kenta Maeda,628317,171,43.0,75,25,31,71,22,78.0,56.0,0.439,0.415,0.146,0.181,0.129,0.718,3.98,All
636,Kervin Castro,665645,94,23.0,49,13,23,32,14,48.0,36.0,0.521,0.34,0.138,0.245,0.149,0.75,4.09,All
637,Kevin Gausman,592332,5934,1500.0,2922,1035,1168,1977,941,3016.0,2206.0,0.492,0.333,0.174,0.197,0.159,0.731,3.96,All
638,Kevin Ginkel,656464,1550,386.0,726,259,280,565,224,760.0,541.0,0.468,0.365,0.167,0.181,0.145,0.712,4.02,All
639,Kevin Herget,643361,227,59.0,96,48,47,83,35,109.0,96.0,0.423,0.366,0.211,0.207,0.154,0.881,3.85,All
640,Kevin Kelly,687330,1578,443.0,716,327,255,535,286,757.0,585.0,0.454,0.339,0.207,0.162,0.181,0.773,3.56,All
641,Kevin Newman,621028,34,16.0,9,16,5,9,4,21.0,21.0,0.265,0.265,0.471,0.147,0.118,1.0,2.12,All
642,Khristian Curtis,694753,278,71.0,116,49,46,113,40,125.0,96.0,0.417,0.406,0.176,0.165,0.144,0.768,3.92,All
643,Kirby Yates,489446,1446,348.0,720,209,294,517,181,748.0,507.0,0.498,0.358,0.145,0.203,0.125,0.678,4.16,All
644,Kodai Senga,673540,3032,763.0,1332,476,501,1224,442,1366.0,983.0,0.439,0.404,0.157,0.165,0.146,0.72,3.97,All
645,Kody Clemens,665019,20,6.0,7,6,2,7,5,8.0,8.0,0.35,0.35,0.3,0.1,0.25,1.0,3.33,All
646,Kody Funderburk,681892,1588,398.0,716,264,267,608,297,682.0,533.0,0.451,0.383,0.166,0.168,0.187,0.782,3.99,All
647,Kohl Drake,684442,382,95.0,160,67,63,155,59,168.0,131.0,0.419,0.406,0.175,0.165,0.154,0.78,4.02,All
648,Kolby Allard,663465,1181,307.0,556,241,228,384,210,587.0,474.0,0.471,0.325,0.204,0.193,0.178,0.807,3.85,All
649,Konnor Pilkington,663455,500,123.0,227,70,88,203,74,223.0,158.0,0.454,0.406,0.14,0.176,0.148,0.709,4.07,All
650,Korey Lee,686676,44,14.0,15,12,9,17,3,24.0,21.0,0.341,0.386,0.273,0.205,0.068,0.875,3.14,All
651,Kris Bubic,663460,2654,693.0,1273,454,464,927,431,1296.0,931.0,0.48,0.349,0.171,0.175,0.162,0.718,3.83,All
652,Kumar Rocker,677958,3555,914.0,1598,634,645,1323,507,1724.0,1282.0,0.45,0.372,0.178,0.181,0.143,0.744,3.89,All
653,Kyle Backhus,679775,784,209.0,363,148,126,273,161,350.0,277.0,0.463,0.348,0.189,0.161,0.205,0.791,3.75,All
654,Kyle Bradish,680694,3124,794.0,1425,522,530,1177,524,1423.0,1062.0,0.456,0.377,0.167,0.17,0.168,0.746,3.93,All
655,Kyle Farmer,571657,7,5.0,0,5,0,2,0,5.0,5.0,0.0,0.286,0.714,0.0,0.0,1.0,1.4,All
656,Kyle Finnegan,640448,1910,497.0,882,342,347,686,297,927.0,696.0,0.462,0.359,0.179,0.182,0.155,0.751,3.84,All
657,Kyle Freeland,607536,4607,1300.0,2122,993,849,1492,759,2356.0,1848.0,0.461,0.324,0.216,0.184,0.165,0.784,3.54,All
658,Kyle Gibson,502043,280,73.0,108,56,44,116,38,126.0,100.0,0.386,0.414,0.2,0.157,0.136,0.794,3.84,All
659,Kyle Harrison,690986,2666,653.0,1331,421,518,914,449,1303.0,948.0,0.499,0.343,0.158,0.194,0.168,0.728,4.08,All
660,Kyle Hart,606996,1734,440.0,790,305,288,639,334,761.0,599.0,0.456,0.369,0.176,0.166,0.193,0.787,3.94,All
661,Kyle Hendricks,543294,2573,692.0,1182,533,473,858,480,1235.0,1009.0,0.459,0.333,0.207,0.184,0.187,0.817,3.72,All
662,Kyle Higashioka,543309,51,18.0,12,16,3,23,8,20.0,19.0,0.235,0.451,0.314,0.059,0.157,0.95,2.83,All
663,Kyle Hurt,669165,746,197.0,375,116,135,255,107,384.0,251.0,0.503,0.342,0.155,0.181,0.143,0.654,3.79,All
664,Kyle Leahy,681517,3641,949.0,1674,665,668,1302,607,1732.0,1339.0,0.46,0.358,0.183,0.183,0.167,0.773,3.84,All
665,Kyle Nelson,669459,44,11.0,17,5,6,22,7,15.0,11.0,0.386,0.5,0.114,0.136,0.159,0.733,4.0,All
666,Kyle Nicolas,693312,850,209.0,361,135,129,354,127,369.0,264.0,0.425,0.416,0.159,0.152,0.149,0.715,4.07,All
667,LaMonte Wade Jr.,664774,11,6.0,2,6,1,3,1,7.0,7.0,0.182,0.273,0.545,0.091,0.091,1.0,1.83,All
668,Lake Bachar,669199,2534,637.0,1174,405,402,955,423,1156.0,810.0,0.463,0.377,0.16,0.159,0.167,0.701,3.98,All
669,Lance McCullers Jr.,621121,1940,469.0,853,284,297,803,348,789.0,582.0,0.44,0.414,0.146,0.153,0.179,0.738,4.14,All
670,Landen Roupp,694738,4566,1132.0,2044,760,716,1762,815,1989.0,1497.0,0.448,0.386,0.166,0.157,0.178,0.753,4.03,All
671,Landon Knack,689017,960,235.0,433,161,186,366,151,443.0,348.0,0.451,0.381,0.168,0.194,0.157,0.786,4.09,All
672,Lazaro Estrada,681751,352,91.0,160,59,56,133,53,165.0,117.0,0.455,0.378,0.168,0.159,0.151,0.709,3.87,All
673,Leo Rivas,660844,49,19.0,10,17,4,22,6,21.0,21.0,0.204,0.449,0.347,0.082,0.122,1.0,2.58,All
674,Liam Hendriks,521230,232,59.0,104,39,36,89,35,108.0,76.0,0.448,0.384,0.168,0.155,0.151,0.704,3.93,All
675,Logan Allen,671106,3034,756.0,1336,542,530,1156,521,1357.0,1079.0,0.44,0.381,0.179,0.175,0.172,0.795,4.01,All
676,Logan Davidson,669722,14,3.0,5,2,0,7,5,2.0,2.0,0.357,0.5,0.143,0.0,0.357,1.0,4.67,All
677,Logan Evans,688138,1338,349.0,583,256,228,499,237,602.0,485.0,0.436,0.373,0.191,0.17,0.177,0.806,3.83,All
678,Logan Gilbert,669302,5086,1270.0,2519,809,945,1758,753,2575.0,1765.0,0.495,0.346,0.159,0.186,0.148,0.685,4.0,All
679,Logan Gillaspie,670810,112,31.0,48,22,22,42,16,54.0,44.0,0.429,0.375,0.196,0.196,0.143,0.815,3.61,All
680,Logan Henderson,701656,1828,448.0,971,283,430,574,269,985.0,718.0,0.531,0.314,0.155,0.235,0.147,0.729,4.08,All
681,Logan Porter,682515,15,5.0,4,5,0,6,2,7.0,5.0,0.267,0.4,0.333,0.0,0.133,0.714,3.0,All
682,Logan VanWey,701121,320,84.0,150,66,55,104,61,155.0,122.0,0.469,0.325,0.206,0.172,0.191,0.787,3.81,All
683,Logan Webb,657277,5771,1524.0,2731,1060,1002,1980,1090,2700.0,2072.0,0.473,0.343,0.184,0.174,0.189,0.767,3.79,All
684,Lou Trivino,642152,956,235.0,423,164,161,369,143,444.0,328.0,0.442,0.386,0.172,0.168,0.15,0.739,4.07,All
685,Lou Trivino III,642152,29,7.0,9,3,4,17,3,9.0,7.0,0.31,0.586,0.103,0.138,0.103,0.778,4.14,All
686,Louis Varland,686973,2295,598.0,1155,383,471,757,342,1196.0,859.0,0.503,0.33,0.167,0.205,0.149,0.718,3.84,All
687,Luarbert Arias,678215,207,55.0,90,38,42,79,33,95.0,80.0,0.435,0.382,0.184,0.203,0.159,0.842,3.76,All
688,Lucas Erceg,668674,1821,459.0,806,327,345,688,260,873.0,672.0,0.443,0.378,0.18,0.189,0.143,0.77,3.97,All
689,Lucas Gilbreath,656458,18,4.0,11,2,3,5,4,9.0,5.0,0.611,0.278,0.111,0.167,0.222,0.556,4.5,All
690,Lucas Giolito,608337,2922,749.0,1287,529,497,1106,472,1344.0,1034.0,0.44,0.379,0.181,0.17,0.162,0.769,3.9,All
691,Lucas Sims,608371,450,118.0,190,66,57,194,80,176.0,124.0,0.422,0.431,0.147,0.127,0.178,0.705,3.81,All
692,Luinder Avila,679883,1510,365.0,663,238,250,609,250,651.0,490.0,0.439,0.403,0.158,0.166,0.166,0.753,4.14,All
693,Luis Castillo,622491,5360,1335.0,2529,958,1132,1873,720,2766.0,2097.0,0.472,0.349,0.179,0.211,0.134,0.758,4.01,All
694,Luis Contreras,664351,224,54.0,99,33,34,92,33,99.0,67.0,0.442,0.411,0.147,0.152,0.147,0.677,4.15,All
695,Luis Curvelo,681168,520,135.0,233,96,97,191,81,248.0,193.0,0.448,0.367,0.185,0.187,0.156,0.778,3.85,All
696,Luis De Leon,801725,114,32.0,53,25,18,36,27,51.0,44.0,0.465,0.316,0.219,0.158,0.237,0.863,3.56,All
697,Luis F. Castillo,622379,168,41.0,67,29,30,72,22,74.0,59.0,0.399,0.429,0.173,0.179,0.131,0.797,4.1,All
698,Luis Garcia,472610,1161,302.0,526,220,218,415,171,575.0,441.0,0.453,0.357,0.189,0.188,0.147,0.767,3.84,All
699,Luis Garcia,677651,106,27.0,47,19,20,40,15,51.0,39.0,0.443,0.377,0.179,0.189,0.142,0.765,3.93,All
700,Luis Gastelum,703725,552,143.0,269,88,78,195,94,263.0,167.0,0.487,0.353,0.159,0.141,0.17,0.635,3.86,All
701,Luis Gil,661563,1425,358.0,619,248,235,558,251,616.0,487.0,0.434,0.392,0.174,0.165,0.176,0.791,3.98,All
702,Luis Guerrero,692285,289,72.0,118,48,43,123,37,129.0,91.0,0.408,0.426,0.166,0.149,0.128,0.705,4.01,All
703,Luis L. Ortiz,682847,1501,382.0,724,243,251,534,269,698.0,496.0,0.482,0.356,0.162,0.167,0.179,0.711,3.93,All
704,Luis Medina,665622,1248,305.0,579,176,184,493,218,537.0,364.0,0.464,0.395,0.141,0.147,0.175,0.678,4.09,All
705,Luis Mey,682825,1036,248.0,479,138,159,419,194,423.0,299.0,0.462,0.404,0.133,0.153,0.187,0.707,4.18,All
706,Luis Morales,806960,1167,289.0,504,199,200,464,191,512.0,399.0,0.432,0.398,0.171,0.171,0.164,0.779,4.04,All
707,Luis Perales,691384,250,60.0,119,34,49,97,28,125.0,83.0,0.476,0.388,0.136,0.196,0.112,0.664,4.17,All
708,Luis Peralta,678821,436,101.0,185,65,80,186,67,183.0,145.0,0.424,0.427,0.149,0.183,0.154,0.792,4.32,All
709,Luis Severino,622663,3817,975.0,1730,688,763,1399,610,1808.0,1453.0,0.453,0.367,0.18,0.2,0.16,0.804,3.91,All
710,Luis Torrens,620443,45,19.0,7,18,0,20,6,19.0,18.0,0.156,0.444,0.4,0.0,0.133,0.947,2.37,All
711,Luis Vazquez,676679,32,14.0,8,13,1,11,6,15.0,14.0,0.25,0.344,0.406,0.031,0.188,0.933,2.29,All
712,Luisangel Acuna,682668,28,10.0,5,9,1,14,4,10.0,10.0,0.179,0.5,0.321,0.036,0.143,1.0,2.8,All
713,Luke Jackson,592426,782,214.0,339,150,130,293,124,365.0,282.0,0.434,0.375,0.192,0.166,0.159,0.773,3.65,All
714,Luke Little,681432,95,20.0,42,9,13,44,22,29.0,22.0,0.442,0.463,0.095,0.137,0.232,0.759,4.75,All
715,Luke Maile,571912,21,7.0,7,6,4,8,2,11.0,10.0,0.333,0.381,0.286,0.19,0.095,0.909,3.0,All
716,Luke Murphy,684665,339,79.0,157,50,71,132,52,155.0,121.0,0.463,0.389,0.147,0.209,0.153,0.781,4.29,All
717,Luke Weaver,596133,1944,494.0,967,320,386,657,261,1026.0,713.0,0.497,0.338,0.165,0.199,0.134,0.695,3.94,All
718,Luke Williams,663897,71,25.0,27,20,15,24,9,38.0,35.0,0.38,0.338,0.282,0.211,0.127,0.921,2.84,All
719,Lyon Richardson,680689,742,184.0,312,127,101,303,141,298.0,229.0,0.42,0.408,0.171,0.136,0.19,0.768,4.03,All
720,MacKenzie Gore,669022,5762,1418.0,2708,916,1126,2138,798,2826.0,2052.0,0.47,0.371,0.159,0.195,0.138,0.726,4.06,All
721,Manuel Rodriguez,655889,531,144.0,239,100,90,192,78,261.0,193.0,0.45,0.362,0.188,0.169,0.147,0.739,3.69,All
722,Marc Church,687847,99,23.0,39,12,13,48,16,35.0,25.0,0.394,0.485,0.121,0.131,0.162,0.714,4.3,All
723,Marco Gonzales,594835,121,28.0,52,22,20,47,22,52.0,43.0,0.43,0.388,0.182,0.165,0.182,0.827,4.32,All
724,Marco Raya,694397,100,25.0,40,18,13,42,16,42.0,31.0,0.4,0.42,0.18,0.13,0.16,0.738,4.0,All
725,Marcus Stroman,573186,704,175.0,304,131,136,269,102,333.0,269.0,0.432,0.382,0.186,0.193,0.145,0.808,4.02,All
726,Mark Leiter Jr.,643410,1384,362.0,639,235,205,510,242,632.0,445.0,0.462,0.368,0.17,0.148,0.175,0.704,3.82,All
727,Mark Manfredi,815081,245,60.0,109,37,40,99,43,103.0,77.0,0.445,0.404,0.151,0.163,0.176,0.748,4.08,All
728,Martin Perez,527048,3149,823.0,1328,589,465,1232,571,1346.0,1063.0,0.422,0.391,0.187,0.148,0.181,0.79,3.83,All
729,Mason Adams,690279,388,101.0,184,65,81,139,69,180.0,146.0,0.474,0.358,0.168,0.209,0.178,0.811,3.84,All
730,Mason Barnett,686930,1258,308.0,545,207,224,506,200,552.0,433.0,0.433,0.402,0.165,0.178,0.159,0.784,4.08,All
731,Mason Black,696131,631,161.0,272,115,108,244,112,275.0,224.0,0.431,0.387,0.182,0.171,0.177,0.815,3.92,All
732,Mason Englert,669438,1331,338.0,643,244,264,444,210,677.0,511.0,0.483,0.334,0.183,0.198,0.158,0.755,3.94,All
733,Mason Fluharty,689254,1885,468.0,902,298,321,685,300,899.0,626.0,0.479,0.363,0.158,0.17,0.159,0.696,4.03,All
734,Mason Miller,695243,2067,486.0,1135,208,335,724,340,1002.0,547.0,0.549,0.35,0.101,0.162,0.164,0.546,4.25,All
735,Mason Montgomery,682254,1985,474.0,1039,259,394,687,306,992.0,657.0,0.523,0.346,0.13,0.198,0.154,0.662,4.19,All
736,Mason Thompson,666168,239,58.0,100,37,38,102,40,97.0,76.0,0.418,0.427,0.155,0.159,0.167,0.784,4.12,All
737,Matt Bowman,621199,447,114.0,196,88,82,163,77,207.0,171.0,0.438,0.365,0.197,0.183,0.172,0.826,3.92,All
738,Matt Brash,666374,1085,260.0,496,161,149,428,205,452.0,311.0,0.457,0.394,0.148,0.137,0.189,0.688,4.17,All
739,Matt Gage,657424,1058,262.0,470,182,197,406,150,501.0,382.0,0.444,0.384,0.172,0.186,0.142,0.762,4.04,All
740,Matt Krook,640454,252,61.0,112,36,42,104,41,107.0,81.0,0.444,0.413,0.143,0.167,0.163,0.757,4.13,All
741,Matt Pushard,690155,120,32.0,51,20,21,49,21,50.0,42.0,0.425,0.408,0.167,0.175,0.175,0.84,3.75,All
742,Matt Sauer,669422,512,129.0,237,95,114,180,72,260.0,210.0,0.463,0.352,0.186,0.223,0.141,0.808,3.97,All
743,Matt Seelinger,676910,52,15.0,22,9,8,21,7,24.0,17.0,0.423,0.404,0.173,0.154,0.135,0.708,3.47,All
744,Matt Strahm,621381,1627,415.0,818,279,353,530,262,835.0,638.0,0.503,0.326,0.171,0.217,0.161,0.764,3.92,All
745,Matt Svanson,694335,1752,441.0,827,285,353,640,303,809.0,639.0,0.472,0.365,0.163,0.201,0.173,0.79,3.97,All
746,Matt Waldron,663362,794,219.0,353,164,152,277,134,383.0,316.0,0.445,0.349,0.207,0.191,0.169,0.825,3.63,All
747,Matt Wilkinson,683363,382,99.0,164,77,60,141,71,170.0,138.0,0.429,0.369,0.202,0.157,0.186,0.812,3.86,All
748,Matthew Boyd,571510,4613,1211.0,2193,869,909,1551,736,2326.0,1794.0,0.475,0.336,0.188,0.197,0.16,0.771,3.81,All
749,Matthew Festa,670036,1884,505.0,901,336,333,647,305,932.0,673.0,0.478,0.343,0.178,0.177,0.162,0.722,3.73,All
750,Matthew Liberatore,669461,4920,1300.0,2239,926,877,1755,846,2319.0,1810.0,0.455,0.357,0.188,0.178,0.172,0.781,3.78,All
751,Max Fried,608331,4805,1235.0,2200,846,804,1759,808,2238.0,1655.0,0.458,0.366,0.176,0.167,0.168,0.739,3.89,All
752,Max Kranick,668820,869,244.0,386,187,170,296,116,457.0,358.0,0.444,0.341,0.215,0.196,0.133,0.783,3.56,All
753,Max Lazar,676661,774,205.0,334,159,127,281,135,358.0,286.0,0.432,0.363,0.205,0.164,0.174,0.799,3.78,All
754,Max Meyer,676974,2830,747.0,1325,488,462,1017,483,1328.0,954.0,0.468,0.359,0.172,0.163,0.171,0.718,3.79,All
755,Max Rajcic,691008,163,39.0,71,25,24,67,29,67.0,51.0,0.436,0.411,0.153,0.147,0.178,0.761,4.18,All
756,Max Scherzer,453286,2645,671.0,1250,479,545,916,412,1317.0,1027.0,0.473,0.346,0.181,0.206,0.156,0.78,3.94,All
757,Max Schuemann,680474,14,5.0,3,4,1,7,2,5.0,5.0,0.214,0.5,0.286,0.071,0.143,1.0,2.8,All
758,McCade Brown,685326,502,126.0,221,81,89,200,79,223.0,171.0,0.44,0.398,0.161,0.177,0.157,0.767,3.98,All
759,Merrill Kelly,518876,5381,1429.0,2434,1029,999,1918,821,2642.0,2035.0,0.452,0.356,0.191,0.186,0.153,0.77,3.77,All
760,Michael Darrell-Hicks,690382,158,43.0,65,30,21,63,26,69.0,51.0,0.411,0.399,0.19,0.133,0.165,0.739,3.67,All
761,Michael Fulmer,605242,330,76.0,158,49,56,123,54,153.0,106.0,0.479,0.373,0.148,0.17,0.164,0.693,4.34,All
762,Michael Grove,675627,89,28.0,42,22,10,25,19,45.0,32.0,0.472,0.281,0.247,0.112,0.213,0.711,3.18,All
763,Michael Kelly,547184,779,195.0,354,137,123,288,153,338.0,262.0,0.454,0.37,0.176,0.158,0.196,0.775,3.99,All
764,Michael King,650633,4200,1065.0,1923,716,722,1561,716,1923.0,1445.0,0.458,0.372,0.17,0.172,0.17,0.751,3.94,All
765,Michael Kopech,656629,231,53.0,105,28,38,98,39,94.0,67.0,0.455,0.424,0.121,0.165,0.169,0.713,4.36,All
766,Michael Lorenzen,547179,4718,1225.0,2050,903,817,1765,772,2181.0,1728.0,0.435,0.374,0.191,0.173,0.164,0.792,3.85,All
767,Michael McGreevy,700241,4147,1077.0,1716,836,658,1595,681,1871.0,1500.0,0.414,0.385,0.202,0.159,0.164,0.802,3.85,All
768,Michael Mercado,675650,85,20.0,37,12,18,36,11,38.0,30.0,0.435,0.424,0.141,0.212,0.129,0.789,4.25,All
769,Michael Petersen,656848,1425,335.0,715,205,311,505,197,723.0,517.0,0.502,0.354,0.144,0.218,0.138,0.715,4.25,All
770,Michael Rucker,621074,703,173.0,344,111,136,248,126,329.0,248.0,0.489,0.353,0.158,0.193,0.179,0.754,4.06,All
771,Michael Soroka,647336,3291,832.0,1575,550,652,1166,555,1570.0,1203.0,0.479,0.354,0.167,0.198,0.169,0.766,3.96,All
772,Michael Stefanic,683021,7,3.0,1,3,0,3,1,3.0,3.0,0.143,0.429,0.429,0.0,0.143,1.0,2.33,All
773,Michael Tonkin,543859,397,103.0,180,71,67,146,77,174.0,138.0,0.453,0.368,0.179,0.169,0.194,0.793,3.85,All
774,Michael Wacha,608379,5607,1501.0,2548,1112,1062,1947,877,2781.0,2182.0,0.454,0.347,0.198,0.189,0.156,0.785,3.74,All
775,Michel Otanez,671305,121,28.0,49,16,13,56,20,45.0,29.0,0.405,0.463,0.132,0.107,0.165,0.644,4.32,All
776,Mick Abel,690953,1081,266.0,528,175,215,378,168,535.0,393.0,0.488,0.35,0.162,0.199,0.155,0.735,4.06,All
777,Miguel Castro,612434,105,28.0,43,18,15,44,21,40.0,33.0,0.41,0.419,0.171,0.143,0.2,0.825,3.75,All
778,Miguel Rojas,500743,122,51.0,30,46,14,46,13,63.0,60.0,0.246,0.377,0.377,0.115,0.107,0.952,2.39,All
779,Miguel Ullola,699044,183,48.0,86,30,33,67,31,85.0,64.0,0.47,0.366,0.164,0.18,0.169,0.753,3.81,All
780,Mike Burrows,681347,3107,824.0,1444,578,569,1085,502,1520.0,1151.0,0.465,0.349,0.186,0.183,0.162,0.757,3.77,All
781,Mike Clevinger,605182,114,31.0,40,20,18,54,10,50.0,38.0,0.351,0.474,0.175,0.158,0.088,0.76,3.68,All
782,Mike Paredes,702474,552,154.0,232,118,102,202,76,274.0,221.0,0.42,0.366,0.214,0.185,0.138,0.807,3.58,All
783,Mike Vasil,678024,1646,417.0,705,280,249,661,285,700.0,532.0,0.428,0.402,0.17,0.151,0.173,0.76,3.95,All
784,Mike Yastrzemski,573262,21,7.0,3,5,1,13,1,7.0,6.0,0.143,0.619,0.238,0.048,0.048,0.857,3.0,All
785,Miles Mastrobuoni,670156,23,6.0,6,4,2,13,3,7.0,6.0,0.261,0.565,0.174,0.087,0.13,0.857,3.83,All
786,Miles Mikolas,571945,4310,1166.0,1893,944,803,1473,761,2076.0,1752.0,0.439,0.342,0.219,0.186,0.177,0.844,3.7,All
787,Mitch Bratt,683352,730,193.0,317,136,155,277,110,343.0,292.0,0.434,0.379,0.186,0.212,0.151,0.851,3.78,All
788,Mitch Farris,815083,1329,344.0,593,222,204,514,210,605.0,432.0,0.446,0.387,0.167,0.153,0.158,0.714,3.86,All
789,Mitch Keller,656605,4758,1252.0,2176,901,909,1681,790,2286.0,1816.0,0.457,0.353,0.189,0.191,0.166,0.794,3.8,All
790,Mitch Spence,687765,1554,429.0,688,319,260,547,229,778.0,583.0,0.443,0.352,0.205,0.167,0.147,0.749,3.62,All
791,Mitchell Parker,680730,3370,903.0,1532,689,657,1149,501,1720.0,1354.0,0.455,0.341,0.204,0.195,0.149,0.787,3.73,All
792,Myles Straw,664702,54,20.0,12,19,4,23,6,25.0,23.0,0.222,0.426,0.352,0.074,0.111,0.92,2.7,All
793,Nabil Crismatt,622503,534,153.0,242,118,74,174,108,252.0,192.0,0.453,0.326,0.221,0.139,0.202,0.762,3.49,All
794,Nate Eaton,681987,14,4.0,4,4,2,6,2,6.0,6.0,0.286,0.429,0.286,0.143,0.143,1.0,3.5,All
795,Nate Lavender,681320,267,73.0,142,44,53,81,54,132.0,98.0,0.532,0.303,0.165,0.199,0.202,0.742,3.66,All
796,Nate Pearson,663878,1021,265.0,444,180,181,397,160,463.0,362.0,0.435,0.389,0.176,0.177,0.157,0.782,3.85,All
797,Nathan Eovaldi,543135,4068,1089.0,1978,748,733,1342,637,2089.0,1487.0,0.486,0.33,0.184,0.18,0.157,0.712,3.74,All
798,Nathan Wiles,686249,24,7.0,10,6,6,8,2,14.0,12.0,0.417,0.333,0.25,0.25,0.083,0.857,3.43,All
799,Nestor Cortes,641482,599,157.0,260,106,85,233,110,256.0,192.0,0.434,0.389,0.177,0.142,0.184,0.75,3.82,All
800,Nic Enright,663671,532,127.0,256,83,118,193,66,273.0,201.0,0.481,0.363,0.156,0.222,0.124,0.736,4.19,All
801,Nick Anderson,623433,241,62.0,113,49,51,79,36,126.0,102.0,0.469,0.328,0.203,0.212,0.149,0.81,3.89,All
802,Nick Burdi,595897,83,21.0,38,14,15,31,16,36.0,29.0,0.458,0.373,0.169,0.181,0.193,0.806,3.95,All
803,Nick Davila,689546,447,119.0,198,89,78,160,84,203.0,171.0,0.443,0.358,0.199,0.174,0.188,0.842,3.76,All
804,Nick Frasso,693308,365,92.0,172,62,70,131,59,175.0,133.0,0.471,0.359,0.17,0.192,0.162,0.76,3.97,All
805,Nick Hernandez,663321,221,52.0,95,33,36,93,28,100.0,69.0,0.43,0.421,0.149,0.163,0.127,0.69,4.25,All
806,Nick Lodolo,666157,4285,1102.0,1987,764,773,1534,689,2062.0,1546.0,0.464,0.358,0.178,0.18,0.161,0.75,3.89,All
807,Nick Martinez,607259,5053,1388.0,2267,1089,910,1697,885,2471.0,2010.0,0.449,0.336,0.216,0.18,0.175,0.813,3.64,All
808,Nick Mears,683232,1189,303.0,582,218,248,389,186,614.0,470.0,0.489,0.327,0.183,0.209,0.156,0.765,3.92,All
809,Nick Pivetta,601713,3342,840.0,1643,556,651,1143,605,1594.0,1212.0,0.492,0.342,0.166,0.195,0.181,0.76,3.98,All
810,Nick Raquet,675919,102,24.0,46,18,21,38,21,43.0,39.0,0.451,0.373,0.176,0.206,0.206,0.907,4.25,All
811,Nick Sandlin,680704,447,109.0,188,69,56,190,67,190.0,125.0,0.421,0.425,0.154,0.125,0.15,0.658,4.1,All
812,Nicky Lopez,670032,32,9.0,11,7,4,14,6,12.0,11.0,0.344,0.438,0.219,0.125,0.188,0.917,3.56,All
813,Niko Kavadas,694359,25,9.0,10,7,6,8,3,14.0,13.0,0.4,0.32,0.28,0.24,0.12,0.929,2.78,All
814,Noah Cameron,702070,4958,1271.0,2224,900,828,1834,749,2375.0,1747.0,0.449,0.37,0.182,0.167,0.151,0.736,3.9,All
815,Noah Davis,663562,251,65.0,110,37,33,104,53,94.0,70.0,0.438,0.414,0.147,0.131,0.211,0.745,3.86,All
816,Noah Murdock,668716,456,110.0,211,63,67,182,97,177.0,132.0,0.463,0.399,0.138,0.147,0.213,0.746,4.15,All
817,Noah Schultz,702273,1220,311.0,562,207,219,451,224,545.0,430.0,0.461,0.37,0.17,0.18,0.184,0.789,3.92,All
818,Nolan Hoffman,676510,221,63.0,97,44,38,80,37,104.0,82.0,0.439,0.362,0.199,0.172,0.167,0.788,3.51,All
819,Nolan Kingham,663884,22,6.0,8,3,3,11,3,8.0,6.0,0.364,0.5,0.136,0.136,0.136,0.75,3.67,All
820,Nolan McLean,690997,3572,909.0,1694,562,611,1316,691,1565.0,1178.0,0.474,0.368,0.157,0.171,0.193,0.753,3.93,All
821,Omar Cruz,678316,81,18.0,31,10,10,40,9,32.0,20.0,0.383,0.494,0.123,0.123,0.111,0.625,4.5,All
822,Orion Kerkering,689147,2170,530.0,1018,334,351,818,434,918.0,690.0,0.469,0.377,0.154,0.162,0.2,0.752,4.09,All
823,Orlando Arcia,606115,14,5.0,3,3,0,8,3,3.0,3.0,0.214,0.571,0.214,0.0,0.214,1.0,2.8,All
824,Orlando Ribalta,687377,1251,298.0,609,195,265,447,174,630.0,464.0,0.487,0.357,0.156,0.212,0.139,0.737,4.2,All
825,Osvaldo Bido,674370,1697,442.0,769,310,312,618,251,828.0,623.0,0.453,0.364,0.183,0.184,0.148,0.752,3.84,All
826,Oswald Peraza,672724,41,16.0,12,15,4,14,6,21.0,19.0,0.293,0.341,0.366,0.098,0.146,0.905,2.56,All
827,Owen Murphy,702566,212,56.0,105,43,54,64,28,120.0,97.0,0.495,0.302,0.203,0.255,0.132,0.808,3.79,All
828,Owen White,669391,119,35.0,48,26,22,45,14,60.0,48.0,0.403,0.378,0.218,0.185,0.118,0.8,3.4,All
829,P.J. Higgins,664731,10,3.0,5,2,1,3,2,5.0,3.0,0.5,0.3,0.2,0.1,0.2,0.6,3.33,All
830,PJ Poulin,676571,1058,262.0,464,174,172,420,200,438.0,346.0,0.439,0.397,0.164,0.163,0.189,0.79,4.04,All
831,Pablo Lopez,641154,1259,312.0,598,215,235,446,202,611.0,453.0,0.475,0.354,0.171,0.187,0.16,0.741,4.04,All
832,Pablo Reyes,622569,18,8.0,4,8,3,6,1,11.0,11.0,0.222,0.333,0.444,0.167,0.056,1.0,2.25,All
833,Parker Messick,800048,3515,894.0,1653,609,636,1253,576,1686.0,1252.0,0.47,0.356,0.173,0.181,0.164,0.743,3.93,All
834,Parker Mushinski,656786,139,34.0,55,29,21,55,26,58.0,51.0,0.396,0.396,0.209,0.151,0.187,0.879,4.09,All
835,Patrick Corbin,571578,4001,1022.0,1743,744,655,1514,619,1867.0,1403.0,0.436,0.378,0.186,0.164,0.155,0.751,3.91,All
836,Patrick Monteverde,687287,152,38.0,66,30,41,56,14,82.0,71.0,0.434,0.368,0.197,0.27,0.092,0.866,4.0,All
837,Patrick Sandoval,663776,1109,295.0,508,195,191,406,181,522.0,388.0,0.458,0.366,0.176,0.172,0.163,0.743,3.76,All
838,Paul Blackburn,621112,1873,500.0,817,353,314,703,302,868.0,669.0,0.436,0.375,0.188,0.168,0.161,0.771,3.75,All
839,Paul Gervase,801434,260,73.0,112,46,31,102,47,111.0,77.0,0.431,0.392,0.177,0.119,0.181,0.694,3.56,All
840,Paul Sewald,623149,1138,292.0,571,197,224,370,192,576.0,421.0,0.502,0.325,0.173,0.197,0.169,0.731,3.9,All
841,Paul Skenes,694973,5791,1422.0,2849,907,1151,2035,839,2917.0,2068.0,0.492,0.351,0.157,0.199,0.145,0.709,4.07,All
842,Paxton Schultz,687606,1060,262.0,482,180,186,398,188,474.0,368.0,0.455,0.375,0.17,0.175,0.177,0.776,4.05,All
843,Payton Tolle,801139,2590,676.0,1338,433,579,819,351,1420.0,1020.0,0.517,0.316,0.167,0.224,0.136,0.718,3.83,All
844,Pedro Pages,686780,16,7.0,5,7,3,4,2,10.0,10.0,0.312,0.25,0.438,0.188,0.125,1.0,2.29,All
845,Penn Murfee,682171,232,63.0,101,44,34,87,40,105.0,78.0,0.435,0.375,0.19,0.147,0.172,0.743,3.68,All
846,Pete Fairbanks,664126,1755,426.0,891,268,333,596,315,844.0,604.0,0.508,0.34,0.153,0.19,0.179,0.716,4.12,All
847,Peter Lambert,663567,2541,641.0,1204,425,502,912,385,1243.0,930.0,0.474,0.359,0.167,0.198,0.152,0.748,3.96,All
848,Peter Strzelecki,657265,251,61.0,102,45,43,104,41,106.0,88.0,0.406,0.414,0.179,0.171,0.163,0.83,4.11,All
849,Peyton Gray,682608,954,246.0,468,168,181,318,163,473.0,353.0,0.491,0.333,0.176,0.19,0.171,0.746,3.88,All
850,Peyton Pallette,688883,442,97.0,201,56,69,185,81,176.0,126.0,0.455,0.419,0.127,0.156,0.183,0.716,4.56,All
851,Phil Maton,664208,1554,382.0,792,221,269,541,283,730.0,493.0,0.51,0.348,0.142,0.173,0.182,0.675,4.07,All
852,Philip Abner,691769,384,104.0,164,75,70,145,58,181.0,146.0,0.427,0.378,0.195,0.182,0.151,0.807,3.69,All
853,Pierce Johnson,572955,1771,439.0,856,304,294,611,361,799.0,600.0,0.483,0.345,0.172,0.166,0.204,0.751,4.03,All
854,Pierson Ohl,701487,544,133.0,259,99,113,186,85,273.0,213.0,0.476,0.342,0.182,0.208,0.156,0.78,4.09,All
855,Porter Hodge,687863,624,146.0,303,89,120,232,104,288.0,211.0,0.486,0.372,0.143,0.192,0.167,0.733,4.27,All
856,Quinn Mathews,687273,786,190.0,350,132,129,304,125,357.0,262.0,0.445,0.387,0.168,0.164,0.159,0.734,4.14,All
857,Quinn Priester,682990,2468,653.0,1084,465,385,919,410,1139.0,860.0,0.439,0.372,0.188,0.156,0.166,0.755,3.78,All
858,Rafael Flores Jr.,804668,8,5.0,2,5,0,1,1,6.0,5.0,0.25,0.125,0.625,0.0,0.125,0.833,1.6,All
859,Rafael Montero,606160,1088,251.0,503,158,200,427,149,512.0,362.0,0.462,0.392,0.145,0.184,0.137,0.707,4.33,All
860,Raisel Iglesias,628452,1857,496.0,962,328,338,567,327,963.0,670.0,0.518,0.305,0.177,0.182,0.176,0.696,3.74,All
861,Randy Dobnak,677976,1301,327.0,555,248,226,498,217,586.0,475.0,0.427,0.383,0.191,0.174,0.167,0.811,3.98,All
862,Randy Rodriguez,678495,808,198.0,420,116,158,272,134,402.0,277.0,0.52,0.337,0.144,0.196,0.166,0.689,4.08,All
863,Randy Vasquez,681190,4310,1134.0,1909,872,843,1529,695,2086.0,1721.0,0.443,0.355,0.202,0.196,0.161,0.825,3.8,All
864,Randy Wynne,691094,47,13.0,24,9,16,14,5,28.0,25.0,0.511,0.298,0.191,0.34,0.106,0.893,3.62,All
865,Ranger Suarez,624133,4731,1244.0,2191,862,841,1678,850,2202.0,1715.0,0.463,0.355,0.182,0.178,0.18,0.779,3.8,All
866,Ray Kerr,678061,180,55.0,82,41,27,57,30,93.0,69.0,0.456,0.317,0.228,0.15,0.167,0.742,3.27,All
867,Raymond Burgos,670103,231,69.0,110,56,44,65,41,125.0,102.0,0.476,0.281,0.242,0.19,0.177,0.816,3.35,All
868,Reed Garrett,657585,979,236.0,459,147,161,373,163,443.0,308.0,0.469,0.381,0.15,0.164,0.166,0.695,4.15,All
869,Reese McGuire,624512,26,9.0,8,8,1,10,6,10.0,9.0,0.308,0.385,0.308,0.038,0.231,0.9,2.89,All
870,Reese Olson,681857,1159,283.0,519,190,170,450,194,515.0,362.0,0.448,0.388,0.164,0.147,0.167,0.703,4.1,All
871,Reid Detmers,672282,3958,980.0,2003,621,740,1334,665,1959.0,1372.0,0.506,0.337,0.157,0.187,0.168,0.7,4.04,All
872,Reiver Sanmartin,665665,374,99.0,157,75,53,142,67,165.0,129.0,0.42,0.38,0.201,0.142,0.179,0.782,3.78,All
873,Reynaldo Lopez,625643,1434,364.0,632,253,254,549,235,650.0,511.0,0.441,0.383,0.176,0.177,0.164,0.786,3.94,All
874,Rhett Lowder,695076,2223,580.0,958,418,371,847,400,976.0,791.0,0.431,0.381,0.188,0.167,0.18,0.81,3.83,All
875,Rich Hill,448179,171,43.0,69,31,23,71,33,67.0,54.0,0.404,0.415,0.181,0.135,0.193,0.806,3.98,All
876,Richard Fitts,690916,735,195.0,352,134,156,249,95,391.0,292.0,0.479,0.339,0.182,0.212,0.129,0.747,3.77,All
877,Richard Lovelady,663992,826,212.0,385,140,144,301,145,379.0,286.0,0.466,0.364,0.169,0.174,0.176,0.755,3.9,All
878,Ricky Tiedemann,694357,124,29.0,57,14,14,53,29,42.0,28.0,0.46,0.427,0.113,0.113,0.234,0.667,4.28,All
879,Ricky Vanasco,676568,171,40.0,72,30,24,69,34,68.0,54.0,0.421,0.404,0.175,0.14,0.199,0.794,4.28,All
880,Rico Garcia,670329,1586,400.0,758,264,269,564,241,781.0,535.0,0.478,0.356,0.166,0.17,0.152,0.685,3.96,All
881,Riley Cornelio,683000,658,152.0,304,87,112,267,81,310.0,202.0,0.462,0.406,0.132,0.17,0.123,0.652,4.33,All
882,Riley Martin,702303,118,32.0,63,19,27,36,23,59.0,47.0,0.534,0.305,0.161,0.229,0.195,0.797,3.69,All
883,Riley O'Brien,676617,1833,468.0,831,298,301,704,316,813.0,603.0,0.453,0.384,0.163,0.164,0.172,0.742,3.92,All
884,River Ryan,689981,43,12.0,18,8,4,17,8,18.0,12.0,0.419,0.395,0.186,0.093,0.186,0.667,3.58,All
885,Roansy Contreras,672710,197,51.0,85,42,34,70,32,95.0,76.0,0.431,0.355,0.213,0.173,0.162,0.8,3.86,All
886,Rob Zastryzny,642239,347,90.0,157,62,53,128,48,171.0,116.0,0.452,0.369,0.179,0.153,0.138,0.678,3.86,All
887,Robbie Ray,592662,5746,1416.0,2610,941,1068,2195,801,2750.0,2021.0,0.454,0.382,0.164,0.186,0.139,0.735,4.06,All
888,Robby Ahlstrom,695239,660,161.0,296,111,119,253,98,309.0,230.0,0.448,0.383,0.168,0.18,0.148,0.744,4.1,All
889,Robby Snelling,702281,86,22.0,38,16,14,32,12,42.0,30.0,0.442,0.372,0.186,0.163,0.14,0.714,3.91,All
890,Robert Garcia,676395,1222,329.0,604,220,214,398,220,604.0,435.0,0.494,0.326,0.18,0.175,0.18,0.72,3.71,All
891,Robert Gasser,688107,1832,471.0,878,323,365,631,300,901.0,700.0,0.479,0.344,0.176,0.199,0.164,0.777,3.89,All
892,Robert Stephenson,596112,147,41.0,78,27,23,42,24,81.0,50.0,0.531,0.286,0.184,0.156,0.163,0.617,3.59,All
893,Robert Stock,476594,620,162.0,283,109,114,228,97,294.0,224.0,0.456,0.368,0.176,0.184,0.156,0.762,3.83,All
894,Robert Suarez,663158,1543,388.0,776,264,365,503,206,834.0,634.0,0.503,0.326,0.171,0.237,0.134,0.76,3.98,All
895,Robinson Pina,673820,61,14.0,25,12,9,24,11,26.0,21.0,0.41,0.393,0.197,0.148,0.18,0.808,4.36,All
896,Roddery Munoz,682610,342,76.0,163,41,64,138,44,160.0,105.0,0.477,0.404,0.12,0.187,0.129,0.656,4.5,All
897,Rodolfo Duran,660710,45,19.0,13,18,7,14,4,27.0,25.0,0.289,0.311,0.4,0.156,0.089,0.926,2.37,All
898,Roki Sasaki,808963,2693,677.0,1249,452,485,992,393,1308.0,939.0,0.464,0.368,0.168,0.18,0.146,0.718,3.98,All
899,Rolddy Munoz,691548,127,33.0,54,17,13,56,22,49.0,30.0,0.425,0.441,0.134,0.102,0.173,0.612,3.85,All
900,Ron Marinaccio,676760,1207,302.0,534,204,225,469,159,579.0,429.0,0.442,0.389,0.169,0.186,0.132,0.741,4.0,All
901,Ronel Blanco,669854,1334,335.0,621,225,235,488,200,646.0,461.0,0.466,0.366,0.169,0.176,0.15,0.714,3.98,All
902,Ronny Henriquez,678692,1158,301.0,579,174,190,405,181,572.0,366.0,0.5,0.35,0.15,0.164,0.156,0.64,3.85,All
903,Rowdy Tellez,642133,23,11.0,4,10,3,9,1,13.0,13.0,0.174,0.391,0.435,0.13,0.043,1.0,2.09,All
904,Ryan Bergert,686701,1312,322.0,609,214,251,489,208,615.0,468.0,0.464,0.373,0.163,0.191,0.159,0.761,4.07,All
905,Ryan Borucki,621366,979,247.0,436,174,151,369,147,463.0,328.0,0.445,0.377,0.178,0.154,0.15,0.708,3.96,All
906,Ryan Brasier,518489,404,105.0,182,80,84,142,55,207.0,164.0,0.45,0.351,0.198,0.208,0.136,0.792,3.85,All
907,Ryan Burr,621114,39,8.0,20,4,3,15,8,16.0,7.0,0.513,0.385,0.103,0.077,0.205,0.438,4.88,All
908,Ryan Feltner,663372,2508,666.0,1098,487,442,923,357,1228.0,934.0,0.438,0.368,0.194,0.176,0.142,0.761,3.77,All
909,Ryan Fernandez,681676,911,238.0,420,150,152,341,120,450.0,303.0,0.461,0.374,0.165,0.167,0.132,0.673,3.83,All
910,Ryan Fitzgerald,680837,24,8.0,8,8,3,8,4,12.0,11.0,0.333,0.333,0.333,0.125,0.167,0.917,3.0,All
911,Ryan Gusto,687473,3114,821.0,1483,584,604,1047,536,1530.0,1191.0,0.476,0.336,0.188,0.194,0.172,0.778,3.79,All
912,Ryan Helsley,664854,1256,316.0,628,201,240,427,186,643.0,443.0,0.5,0.34,0.16,0.191,0.148,0.689,3.97,All
913,Ryan Johnson,696270,1910,481.0,870,340,330,700,320,890.0,675.0,0.455,0.366,0.178,0.173,0.168,0.758,3.97,All
914,Ryan Loutos,702795,231,68.0,97,50,38,84,41,106.0,88.0,0.42,0.364,0.216,0.165,0.177,0.83,3.4,All
915,Ryan Pepiot,686752,2699,679.0,1292,445,555,962,385,1352.0,1001.0,0.479,0.356,0.165,0.206,0.143,0.74,3.97,All
916,Ryan Pressly,519151,661,182.0,281,134,116,246,111,304.0,251.0,0.425,0.372,0.203,0.175,0.168,0.826,3.63,All
917,Ryan Rolison,669020,1653,441.0,721,317,295,615,283,755.0,613.0,0.436,0.372,0.192,0.178,0.171,0.812,3.75,All
918,Ryan Thompson,657044,1317,356.0,601,265,221,451,231,634.0,493.0,0.456,0.342,0.201,0.168,0.175,0.778,3.7,All
919,Ryan Walker,676254,1637,416.0,744,292,274,601,335,701.0,567.0,0.454,0.367,0.178,0.167,0.205,0.809,3.94,All
920,Ryan Watson,670245,1137,302.0,520,215,199,402,179,556.0,415.0,0.457,0.354,0.189,0.175,0.157,0.746,3.76,All
921,Ryan Weathers,677960,2923,734.0,1361,500,465,1062,526,1335.0,969.0,0.466,0.363,0.171,0.159,0.18,0.726,3.98,All
922,Ryan Weiss,680802,530,131.0,242,81,98,207,87,236.0,180.0,0.457,0.391,0.153,0.185,0.164,0.763,4.05,All
923,Ryan Yarbrough,642232,2032,519.0,922,374,332,736,352,944.0,708.0,0.454,0.362,0.184,0.163,0.173,0.75,3.92,All
924,Ryan Zeferjahn,666171,2319,547.0,1090,302,379,927,393,999.0,688.0,0.47,0.4,0.13,0.163,0.169,0.689,4.24,All
925,Ryne Nelson,669194,3811,984.0,1799,714,826,1298,547,1965.0,1544.0,0.472,0.341,0.187,0.217,0.144,0.786,3.87,All
926,Ryne Stanek,592773,2112,513.0,1000,327,433,785,256,1071.0,762.0,0.473,0.372,0.155,0.205,0.121,0.711,4.12,All
927,Sam Bachman,696147,1143,303.0,516,197,151,430,207,506.0,348.0,0.451,0.376,0.172,0.132,0.181,0.688,3.77,All
928,Sam Haggerty,664059,6,3.0,3,2,0,1,2,3.0,2.0,0.5,0.167,0.333,0.0,0.333,0.667,2.0,All
929,Sam Hentges,656529,650,160.0,290,97,102,263,109,278.0,201.0,0.446,0.405,0.149,0.157,0.168,0.723,4.06,All
930,Sam Long,669674,786,188.0,356,132,161,298,126,362.0,293.0,0.453,0.379,0.168,0.205,0.16,0.809,4.18,All
931,Sam Moll,594580,1413,336.0,631,213,223,569,262,582.0,437.0,0.447,0.403,0.151,0.158,0.185,0.751,4.21,All
932,Sammy Peralta,671111,477,140.0,223,96,72,158,101,218.0,169.0,0.468,0.331,0.201,0.151,0.212,0.775,3.41,All
933,Samuel Aldegheri,691951,913,224.0,393,158,165,362,144,407.0,323.0,0.43,0.396,0.173,0.181,0.158,0.794,4.08,All
934,Samy Natera Jr.,696519,580,131.0,299,68,107,213,90,277.0,178.0,0.516,0.367,0.117,0.184,0.155,0.643,4.43,All
935,Sandy Alcantara,645261,6162,1632.0,2874,1203,1222,2085,986,3091.0,2442.0,0.466,0.338,0.195,0.198,0.16,0.79,3.78,All
936,Sauryn Lao,666659,185,49.0,86,37,31,62,26,97.0,68.0,0.465,0.335,0.2,0.168,0.141,0.701,3.78,All
937,Sawyer Gipson-Long,687830,463,133.0,215,99,80,149,76,238.0,180.0,0.464,0.322,0.214,0.173,0.164,0.756,3.48,All
938,Scott Alexander,518397,313,81.0,122,63,51,128,45,140.0,114.0,0.39,0.409,0.201,0.163,0.144,0.814,3.86,All
939,Scott Barlow,605130,1863,451.0,839,274,256,750,339,774.0,530.0,0.45,0.403,0.147,0.137,0.182,0.685,4.13,All
940,Scott Blewett,656240,1243,337.0,541,241,211,461,156,625.0,455.0,0.435,0.371,0.194,0.17,0.126,0.728,3.69,All
941,Scott Effross,664123,156,50.0,64,42,27,50,24,82.0,69.0,0.41,0.321,0.269,0.173,0.154,0.841,3.12,All
942,Scott Kingery,664068,37,18.0,8,17,1,12,4,21.0,18.0,0.216,0.324,0.459,0.027,0.108,0.857,2.06,All
943,Scott McGough,543518,297,75.0,131,51,48,115,39,143.0,99.0,0.441,0.387,0.172,0.162,0.131,0.692,3.96,All
944,Sean Burke,680732,5167,1290.0,2483,839,1004,1845,849,2473.0,1848.0,0.481,0.357,0.162,0.194,0.164,0.747,4.01,All
945,Sean Guenther,674944,154,43.0,68,30,20,56,34,64.0,52.0,0.442,0.364,0.195,0.13,0.221,0.812,3.58,All
946,Sean Hjelle,663546,254,71.0,107,53,29,94,53,107.0,82.0,0.421,0.37,0.209,0.114,0.209,0.766,3.58,All
947,Sean Manaea,640455,3488,890.0,1752,596,748,1140,567,1781.0,1356.0,0.502,0.327,0.171,0.214,0.163,0.761,3.92,All
948,Sean Newcomb,656794,2964,743.0,1410,501,543,1053,561,1350.0,1053.0,0.476,0.355,0.169,0.183,0.189,0.78,3.99,All
949,Sean Reynolds,669308,494,117.0,214,72,90,208,75,211.0,163.0,0.433,0.421,0.146,0.182,0.152,0.773,4.22,All
950,Sean Sullivan,807743,412,114.0,187,84,81,141,74,197.0,165.0,0.454,0.342,0.204,0.197,0.18,0.838,3.61,All
951,Seranthony Dominguez,622554,2187,510.0,1014,300,392,873,318,996.0,693.0,0.464,0.399,0.137,0.179,0.145,0.696,4.29,All
952,Seth Halvorsen,678020,1166,310.0,498,215,198,453,155,558.0,415.0,0.427,0.389,0.184,0.17,0.133,0.744,3.76,All
953,Seth Johnson,686751,769,200.0,379,122,147,268,129,372.0,269.0,0.493,0.349,0.159,0.191,0.168,0.723,3.84,All
954,Seth Lonsway,675920,33,11.0,13,9,3,11,7,15.0,12.0,0.394,0.333,0.273,0.091,0.212,0.8,3.0,All
955,Seth Lugo,607625,5167,1342.0,2312,965,889,1890,949,2327.0,1871.0,0.447,0.366,0.187,0.172,0.184,0.804,3.85,All
956,Seth Martinez,661527,142,33.0,68,24,26,50,25,67.0,50.0,0.479,0.352,0.169,0.183,0.176,0.746,4.3,All
957,Shane Baz,669358,5639,1479.0,2629,1008,1071,2002,899,2738.0,2091.0,0.466,0.355,0.179,0.19,0.159,0.764,3.81,All
958,Shane Bieber,669456,1575,401.0,684,288,232,603,274,698.0,521.0,0.434,0.383,0.183,0.147,0.174,0.746,3.93,All
959,Shane Drohan,675660,1933,510.0,907,342,325,684,317,932.0,675.0,0.469,0.354,0.177,0.168,0.164,0.724,3.79,All
960,Shane McClanahan,663556,1830,487.0,852,337,306,641,301,888.0,650.0,0.466,0.35,0.184,0.167,0.164,0.732,3.76,All
961,Shane Smith,681343,2644,664.0,1241,428,486,975,405,1264.0,916.0,0.469,0.369,0.162,0.184,0.153,0.725,3.98,All
962,Shaun Anderson,641312,568,149.0,246,107,89,215,90,263.0,196.0,0.433,0.379,0.188,0.157,0.158,0.745,3.81,All
963,Shawn Armstrong,542888,1719,429.0,840,276,344,603,294,822.0,622.0,0.489,0.351,0.161,0.2,0.171,0.757,4.01,All
964,Shawn Dubin,681869,551,145.0,241,104,90,206,99,246.0,195.0,0.437,0.374,0.189,0.163,0.18,0.793,3.8,All
965,Shelby Miller,571946,705,182.0,361,113,129,231,118,356.0,243.0,0.512,0.328,0.16,0.183,0.167,0.683,3.87,All
966,Shinnosuke Ogasawara,829272,674,173.0,299,123,109,252,115,307.0,235.0,0.444,0.374,0.182,0.162,0.171,0.765,3.9,All
967,Shohei Ohtani,660271,2088,527.0,1027,330,363,731,348,1009.0,694.0,0.492,0.35,0.158,0.174,0.167,0.688,3.96,All
968,Shota Imanaga,684007,4975,1269.0,2389,910,985,1676,681,2618.0,1901.0,0.48,0.337,0.183,0.198,0.137,0.726,3.92,All
969,Simeon Woods Richardson,680573,3042,773.0,1332,539,542,1171,478,1393.0,1085.0,0.438,0.385,0.177,0.178,0.157,0.779,3.94,All
970,Slade Cecconi,677944,4066,1068.0,1819,785,692,1462,710,1894.0,1483.0,0.447,0.36,0.193,0.17,0.175,0.783,3.81,All
971,Sonny Gray,543243,5117,1414.0,2364,973,823,1780,912,2425.0,1805.0,0.462,0.348,0.19,0.161,0.178,0.744,3.62,All
972,Spencer Arrighetti,681293,2562,648.0,1132,408,391,1022,454,1085.0,803.0,0.442,0.399,0.159,0.153,0.177,0.74,3.95,All
973,Spencer Bivens,702352,1421,372.0,677,270,296,474,258,689.0,570.0,0.476,0.334,0.19,0.208,0.182,0.827,3.82,All
974,Spencer Miles,693686,1482,380.0,716,265,305,501,277,704.0,572.0,0.483,0.338,0.179,0.206,0.187,0.812,3.9,All
975,Spencer Schwellenbach,680885,1573,433.0,775,306,278,492,266,815.0,584.0,0.493,0.313,0.195,0.177,0.169,0.717,3.63,All
976,Spencer Strider,675911,2801,704.0,1270,447,469,1084,390,1327.0,920.0,0.453,0.387,0.16,0.167,0.139,0.693,3.98,All
977,Spencer Turnbull,605513,125,33.0,54,25,19,46,20,59.0,44.0,0.432,0.368,0.2,0.152,0.16,0.746,3.79,All
978,Stephen Kolek,663568,2527,684.0,1098,522,450,907,425,1195.0,975.0,0.435,0.359,0.207,0.178,0.168,0.816,3.69,All
979,Steven Cruz,674444,1566,428.0,737,288,299,541,220,805.0,589.0,0.471,0.345,0.184,0.191,0.14,0.732,3.66,All
980,Steven Matz,571927,2449,637.0,1151,482,467,816,449,1184.0,950.0,0.47,0.333,0.197,0.191,0.183,0.802,3.84,All
981,Steven Okert,595345,2103,535.0,1047,346,375,710,328,1065.0,726.0,0.498,0.338,0.165,0.178,0.156,0.682,3.93,All
982,Steven Wilson,621051,974,239.0,445,165,181,364,146,464.0,349.0,0.457,0.374,0.169,0.186,0.15,0.752,4.08,All
983,T.J. McFarland,519008,272,74.0,112,63,39,97,52,123.0,102.0,0.412,0.357,0.232,0.143,0.191,0.829,3.68,All
984,TJ Shook,669298,135,36.0,61,27,23,47,23,64.0,50.0,0.452,0.348,0.2,0.17,0.17,0.781,3.75,All
985,Taijuan Walker,592836,2485,653.0,1059,492,421,934,431,1120.0,916.0,0.426,0.376,0.198,0.169,0.173,0.818,3.81,All
986,Taj Bradley,671737,5325,1353.0,2473,881,996,1971,817,2537.0,1885.0,0.464,0.37,0.165,0.187,0.153,0.743,3.94,All
987,Tanner Andrews,681084,43,11.0,14,8,6,21,4,18.0,14.0,0.326,0.488,0.186,0.14,0.093,0.778,3.91,All
988,Tanner Banks,621383,1711,429.0,818,307,353,586,273,852.0,662.0,0.478,0.342,0.179,0.206,0.16,0.777,3.99,All
989,Tanner Bibee,676440,5844,1516.0,2650,1089,988,2105,1009,2730.0,2086.0,0.453,0.36,0.186,0.169,0.173,0.764,3.85,All
990,Tanner Gordon,685299,2848,783.0,1334,597,605,917,419,1512.0,1203.0,0.468,0.322,0.21,0.212,0.147,0.796,3.64,All
991,Tanner Houck,656557,749,203.0,320,149,112,280,136,333.0,261.0,0.427,0.374,0.199,0.15,0.182,0.784,3.69,All
992,Tanner McDougal,701780,25,5.0,7,1,4,17,2,6.0,5.0,0.28,0.68,0.04,0.16,0.08,0.833,5.0,All
993,Tanner Rainey,663432,328,78.0,147,42,49,139,47,142.0,91.0,0.448,0.424,0.128,0.149,0.143,0.641,4.21,All
994,Tanner Scott,656945,1860,475.0,986,306,388,568,260,1032.0,699.0,0.53,0.305,0.165,0.209,0.14,0.677,3.92,All
995,Tarik Skubal,669373,5131,1345.0,2696,858,1016,1577,778,2776.0,1890.0,0.525,0.307,0.167,0.198,0.152,0.681,3.81,All
996,Tatsuya Imai,837227,1443,335.0,672,184,238,587,226,629.0,423.0,0.466,0.407,0.128,0.165,0.157,0.672,4.31,All
997,Tayler Saucedo,642048,559,150.0,247,98,81,214,87,258.0,179.0,0.442,0.383,0.175,0.145,0.156,0.694,3.73,All
998,Tayler Scott,605463,536,134.0,228,91,74,217,88,231.0,167.0,0.425,0.405,0.17,0.138,0.164,0.723,4.0,All
999,Taylor Clarke,664199,1884,479.0,830,366,337,688,282,914.0,706.0,0.441,0.365,0.194,0.179,0.15,0.772,3.93,All
1000,Taylor Rashi,688497,407,98.0,189,60,57,158,81,168.0,117.0,0.464,0.388,0.147,0.14,0.199,0.696,4.15,All
1001,Taylor Rogers,573124,1972,483.0,923,323,333,726,403,843.0,667.0,0.468,0.368,0.164,0.169,0.204,0.791,4.08,All
1002,Tejay Antone,622088,890,227.0,441,148,145,301,177,411.0,297.0,0.496,0.338,0.166,0.163,0.199,0.723,3.92,All
1003,Thomas Harrington,802419,200,50.0,88,36,41,76,27,97.0,77.0,0.44,0.38,0.18,0.205,0.135,0.794,4.0,All
1004,Thomas Hatch,641672,586,150.0,237,113,118,236,64,286.0,231.0,0.404,0.403,0.193,0.201,0.109,0.808,3.91,All
1005,Thomas Pannone,623381,56,14.0,26,10,14,20,8,28.0,25.0,0.464,0.357,0.179,0.25,0.143,0.893,4.0,All
1006,Tim Herrin,682120,1705,421.0,773,261,259,671,281,753.0,526.0,0.453,0.394,0.153,0.152,0.165,0.699,4.05,All
1007,Tim Hill,657612,1704,499.0,763,405,331,536,288,880.0,748.0,0.448,0.315,0.238,0.194,0.169,0.85,3.41,All
1008,Tim Mayza,641835,1355,333.0,628,232,234,495,247,613.0,469.0,0.463,0.365,0.171,0.173,0.182,0.765,4.07,All
1009,Tobias Myers,668964,1652,445.0,755,336,336,561,240,851.0,675.0,0.457,0.34,0.203,0.203,0.145,0.793,3.71,All
1010,Tom Cosgrove,676680,332,90.0,161,64,78,107,52,173.0,143.0,0.485,0.322,0.193,0.235,0.157,0.827,3.69,All
1011,Tomas Nido,621512,9,6.0,2,5,0,2,2,5.0,5.0,0.222,0.222,0.556,0.0,0.222,1.0,1.5,All
1012,Tommy Henry,674072,107,26.0,54,16,21,37,18,52.0,37.0,0.505,0.346,0.15,0.196,0.168,0.712,4.12,All
1013,Tommy Kahnle,592454,1203,310.0,525,217,189,461,204,538.0,408.0,0.436,0.383,0.18,0.157,0.17,0.758,3.88,All
1014,Tommy Nance,667297,1436,379.0,701,249,249,486,273,677.0,502.0,0.488,0.338,0.173,0.173,0.19,0.742,3.79,All
1015,Tomoyuki Sugano,608372,5001,1304.0,2098,1026,876,1877,768,2355.0,1912.0,0.42,0.375,0.205,0.175,0.154,0.812,3.84,All
1016,Tony Gonsolin,664062,672,172.0,304,105,95,263,120,289.0,202.0,0.452,0.391,0.156,0.141,0.179,0.699,3.91,All
1017,Tony Santillan,663574,1934,490.0,897,316,359,721,296,917.0,682.0,0.464,0.373,0.163,0.186,0.153,0.744,3.95,All
1018,Touki Toussaint,657053,37,11.0,17,7,4,13,7,17.0,11.0,0.459,0.351,0.189,0.108,0.189,0.647,3.36,All
1019,Travis Adams,701519,1573,397.0,714,263,281,596,229,748.0,548.0,0.454,0.379,0.167,0.179,0.146,0.733,3.96,All
1020,Travis Jankowski,608671,13,6.0,3,4,2,6,1,6.0,6.0,0.231,0.462,0.308,0.154,0.077,1.0,2.17,All
1021,Trent Harris,805345,332,84.0,168,50,51,114,78,140.0,104.0,0.506,0.343,0.151,0.154,0.235,0.743,3.95,All
1022,Trent Thornton,663423,1374,372.0,620,275,258,479,221,674.0,535.0,0.451,0.349,0.2,0.188,0.161,0.794,3.69,All
1023,Trevor Martin,694680,229,66.0,93,50,35,86,34,109.0,85.0,0.406,0.376,0.218,0.153,0.148,0.78,3.47,All
1024,Trevor McDonald,686790,1350,370.0,611,261,209,478,257,614.0,474.0,0.453,0.354,0.193,0.155,0.19,0.772,3.65,All
1025,Trevor Megill,656730,1617,421.0,837,267,299,513,278,826.0,568.0,0.518,0.317,0.165,0.185,0.172,0.688,3.84,All
1026,Trevor Richards,670950,1371,354.0,624,255,264,492,217,661.0,519.0,0.455,0.359,0.186,0.193,0.158,0.785,3.87,All
1027,Trevor Rogers,669432,4262,1105.0,2158,776,909,1328,678,2255.0,1696.0,0.506,0.312,0.182,0.213,0.159,0.752,3.86,All
1028,Trevor Williams,592866,1918,483.0,862,354,350,702,311,905.0,709.0,0.449,0.366,0.185,0.182,0.162,0.783,3.97,All
1029,Trey Gibson,694346,619,161.0,267,105,92,247,117,255.0,197.0,0.431,0.399,0.17,0.149,0.189,0.773,3.84,All
1030,Trey Yesavage,702056,1828,455.0,849,290,309,689,274,865.0,599.0,0.464,0.377,0.159,0.169,0.15,0.692,4.02,All
1031,Tristan Beck,663941,1096,304.0,489,232,190,375,184,537.0,422.0,0.446,0.342,0.212,0.173,0.168,0.786,3.61,All
1032,Triston McKenzie,663474,123,30.0,45,19,22,59,12,52.0,41.0,0.366,0.48,0.154,0.179,0.098,0.788,4.1,All
1033,Troy Johnston,687859,35,9.0,17,7,10,11,5,19.0,17.0,0.486,0.314,0.2,0.286,0.143,0.895,3.89,All
1034,Troy Melton,675512,2429,650.0,1097,460,456,872,360,1197.0,917.0,0.452,0.359,0.189,0.188,0.148,0.766,3.74,All
1035,Troy Taylor,700187,136,37.0,53,31,22,52,20,64.0,54.0,0.39,0.382,0.228,0.162,0.147,0.844,3.68,All
1036,Tucker Barnhart,571466,22,11.0,5,10,1,7,4,11.0,11.0,0.227,0.318,0.455,0.045,0.182,1.0,2.0,All
1037,Ty Adcock,686654,82,14.0,46,6,30,30,8,44.0,36.0,0.561,0.366,0.073,0.366,0.098,0.818,5.86,All
1038,Ty Blach,621389,30,9.0,15,7,3,8,8,14.0,10.0,0.5,0.267,0.233,0.1,0.267,0.714,3.33,All
1039,Ty Johnson,694494,123,28.0,67,14,25,42,21,60.0,40.0,0.545,0.341,0.114,0.203,0.171,0.667,4.39,All
1040,Ty Madden,680744,720,180.0,332,121,147,267,98,355.0,268.0,0.461,0.371,0.168,0.204,0.136,0.755,4.0,All
1041,Tyler Alexander,641302,2716,712.0,1252,518,489,946,471,1298.0,1021.0,0.461,0.348,0.191,0.18,0.173,0.787,3.81,All
1042,Tyler Anderson,542881,2339,595.0,1060,435,423,844,350,1145.0,859.0,0.453,0.361,0.186,0.181,0.15,0.75,3.93,All
1043,Tyler Callihan,682997,53,15.0,15,11,8,27,7,19.0,19.0,0.283,0.509,0.208,0.151,0.132,1.0,3.53,All
1044,Tyler Davis,699823,479,121.0,228,81,105,170,67,242.0,186.0,0.476,0.355,0.169,0.219,0.14,0.769,3.96,All
1045,Tyler Ferguson,621053,1283,322.0,608,204,239,471,206,606.0,445.0,0.474,0.367,0.159,0.186,0.161,0.734,3.98,All
1046,Tyler Gilbert,656457,974,244.0,443,164,172,367,154,453.0,338.0,0.455,0.377,0.168,0.177,0.158,0.746,3.99,All
1047,Tyler Glasnow,607192,2545,629.0,1187,367,387,991,478,1076.0,759.0,0.466,0.389,0.144,0.152,0.188,0.705,4.05,All
1048,Tyler Heineman,623168,122,53.0,41,50,18,31,23,68.0,68.0,0.336,0.254,0.41,0.148,0.189,1.0,2.3,All
1049,Tyler Holton,663947,2288,611.0,1026,451,360,811,396,1081.0,821.0,0.448,0.354,0.197,0.157,0.173,0.759,3.74,All
1050,Tyler Kinley,641755,2133,526.0,1001,348,347,784,351,998.0,700.0,0.469,0.368,0.163,0.163,0.165,0.701,4.06,All
1051,Tyler Mahle,641816,3694,938.0,1702,663,676,1329,613,1751.0,1346.0,0.461,0.36,0.179,0.183,0.166,0.769,3.94,All
1052,Tyler Matzek,554431,127,35.0,56,23,24,48,19,60.0,47.0,0.441,0.378,0.181,0.189,0.15,0.783,3.63,All
1053,Tyler Owens,687074,66,15.0,25,11,8,30,13,23.0,19.0,0.379,0.455,0.167,0.121,0.197,0.826,4.4,All
1054,Tyler Phillips,663969,3078,833.0,1374,600,445,1104,541,1433.0,1052.0,0.446,0.359,0.195,0.145,0.176,0.734,3.7,All
1055,Tyler Rogers,643511,2003,584.0,960,467,409,576,389,1038.0,880.0,0.479,0.288,0.233,0.204,0.194,0.848,3.43,All
1056,Tyler Samaniego,701719,315,90.0,133,63,42,119,56,139.0,109.0,0.422,0.378,0.2,0.133,0.178,0.784,3.5,All
1057,Tyler Schweitzer,805326,566,154.0,252,124,109,190,80,296.0,233.0,0.445,0.336,0.219,0.193,0.141,0.787,3.68,All
1058,Tyler Tolbert,686475,106,33.0,31,29,6,46,24,36.0,35.0,0.292,0.434,0.274,0.057,0.226,0.972,3.21,All
1059,Tyler Uberstine,700413,45,11.0,26,8,10,11,8,26.0,18.0,0.578,0.244,0.178,0.222,0.178,0.692,4.09,All
1060,Tyler Wade,642180,18,6.0,3,5,0,10,3,5.0,5.0,0.167,0.556,0.278,0.0,0.167,1.0,3.0,All
1061,Tyler Wells,669330,1414,358.0,724,247,284,443,220,751.0,535.0,0.512,0.313,0.175,0.201,0.156,0.712,3.95,All
1062,Tyler Zuber,676604,939,233.0,456,159,183,324,176,439.0,342.0,0.486,0.345,0.169,0.195,0.187,0.779,4.03,All
1063,Tylor Megill,656731,1234,305.0,594,176,207,464,216,554.0,384.0,0.481,0.376,0.143,0.168,0.175,0.693,4.05,All
1064,Tyron Guerrero,594027,590,161.0,310,115,140,165,93,332.0,255.0,0.525,0.28,0.195,0.237,0.158,0.768,3.66,All
1065,Valente Bellozo,678368,1500,394.0,651,298,280,551,211,738.0,582.0,0.434,0.367,0.199,0.187,0.141,0.789,3.81,All
1066,Victor Mederos,682989,856,219.0,379,144,146,333,121,400.0,291.0,0.443,0.389,0.168,0.171,0.141,0.728,3.91,All
1067,Victor Robles,645302,26,9.0,9,8,3,9,6,11.0,11.0,0.346,0.346,0.308,0.115,0.231,1.0,2.89,All
1068,Victor Vodnik,680767,1916,469.0,810,320,321,786,264,866.0,645.0,0.423,0.41,0.167,0.168,0.138,0.745,4.09,All
1069,Vidal Brujan,660644,23,11.0,4,10,0,9,4,10.0,10.0,0.174,0.391,0.435,0.0,0.174,1.0,2.09,All
1070,Vince Velasquez,592826,43,11.0,19,10,8,14,8,21.0,18.0,0.442,0.326,0.233,0.186,0.186,0.857,3.91,All
1071,Vinny Capra,681962,32,15.0,9,14,1,9,6,17.0,15.0,0.281,0.281,0.438,0.031,0.188,0.882,2.13,All
1072,Wade Miley,489119,205,55.0,83,40,34,82,39,84.0,74.0,0.405,0.4,0.195,0.166,0.19,0.881,3.73,All
1073,Walbert Urena,700712,2409,603.0,1111,390,412,908,380,1121.0,809.0,0.461,0.377,0.162,0.171,0.158,0.722,4.0,All
1074,Walker Buehler,621111,4731,1195.0,2100,843,864,1788,817,2126.0,1714.0,0.444,0.378,0.178,0.183,0.173,0.806,3.96,All
1075,Wander Suero,593833,142,32.0,68,21,29,53,19,70.0,51.0,0.479,0.373,0.148,0.204,0.134,0.729,4.44,All
1076,Wandy Peralta,593974,2343,624.0,1024,458,406,861,315,1167.0,871.0,0.437,0.367,0.195,0.173,0.134,0.746,3.75,All
1077,Welinton Herrera,700327,45,10.0,21,7,10,17,7,21.0,17.0,0.467,0.378,0.156,0.222,0.156,0.81,4.5,All
1078,Weston Wilson,642215,96,33.0,35,33,12,28,22,46.0,45.0,0.365,0.292,0.344,0.125,0.229,0.978,2.91,All
1079,Wikelman Gonzalez,682790,368,87.0,172,50,59,146,61,161.0,109.0,0.467,0.397,0.136,0.16,0.166,0.677,4.23,All
1080,Wilber Dotel,696062,665,166.0,315,113,125,237,111,317.0,238.0,0.474,0.356,0.17,0.188,0.167,0.751,4.01,All
1081,Wilkin Ramos,678576,61,15.0,26,10,7,25,13,23.0,17.0,0.426,0.41,0.164,0.115,0.213,0.739,4.07,All
1082,Will Dion,702021,714,183.0,354,118,144,242,109,363.0,262.0,0.496,0.339,0.165,0.202,0.153,0.722,3.9,All
1083,Will Klein,694361,1072,257.0,504,153,194,415,195,462.0,347.0,0.47,0.387,0.143,0.181,0.182,0.751,4.17,All
1084,Will Vest,676684,1621,399.0,789,263,302,569,274,778.0,569.0,0.487,0.351,0.162,0.186,0.169,0.731,4.06,All
1085,Will Warren,701542,5394,1372.0,2436,921,859,2037,1021,2336.0,1789.0,0.452,0.378,0.171,0.159,0.189,0.766,3.93,All
1086,Will Wilson,669717,26,8.0,7,8,3,11,4,11.0,11.0,0.269,0.423,0.308,0.115,0.154,1.0,3.25,All
1087,Willi Castro,650489,12,4.0,1,4,1,7,0,5.0,5.0,0.083,0.583,0.333,0.083,0.0,1.0,3.0,All
1088,William Kempner,687531,199,50.0,97,30,30,72,36,91.0,60.0,0.487,0.362,0.151,0.151,0.181,0.659,3.98,All
1089,Willie MacIver,680862,18,10.0,5,10,0,3,5,10.0,10.0,0.278,0.167,0.556,0.0,0.278,1.0,1.8,All
1090,Winston Santos,692437,33,9.0,14,7,4,12,8,13.0,11.0,0.424,0.364,0.212,0.121,0.242,0.846,3.67,All
1091,Woo-Suk Go,808970,86,22.0,40,15,18,31,11,44.0,33.0,0.465,0.36,0.174,0.209,0.128,0.75,3.91,All
1092,Wyatt Mills,670090,151,35.0,63,20,27,68,21,62.0,48.0,0.417,0.45,0.132,0.179,0.139,0.774,4.31,All
1093,Wyatt Olds,681544,266,64.0,135,36,54,95,38,133.0,90.0,0.508,0.357,0.135,0.203,0.143,0.677,4.16,All
1094,Xzavion Curry,675540,405,110.0,165,81,73,159,62,183.0,154.0,0.407,0.393,0.2,0.18,0.153,0.842,3.68,All
1095,Yacksel Rios,605441,13,5.0,7,3,1,3,4,6.0,4.0,0.538,0.231,0.231,0.077,0.308,0.667,2.6,All
1096,Yaramil Hiraldo,682274,507,132.0,241,78,90,188,50,269.0,168.0,0.475,0.371,0.154,0.178,0.099,0.625,3.84,All
1097,Yariel Rodriguez,684320,1331,340.0,560,223,215,548,185,598.0,442.0,0.421,0.412,0.168,0.162,0.139,0.739,3.91,All
1098,Yennier Cano,666974,1770,450.0,804,313,285,653,319,798.0,602.0,0.454,0.369,0.177,0.161,0.18,0.754,3.93,All
1099,Yerry De los Santos,660787,909,243.0,413,175,163,321,161,427.0,340.0,0.454,0.353,0.193,0.179,0.177,0.796,3.74,All
1100,Yilber Diaz,700270,206,49.0,86,34,36,86,34,86.0,70.0,0.417,0.417,0.165,0.175,0.165,0.814,4.2,All
1101,Yimi Garcia,554340,359,89.0,175,52,60,132,64,163.0,113.0,0.487,0.368,0.145,0.167,0.178,0.693,4.03,All
1102,Yoendrys Gomez,672782,2234,563.0,1013,372,405,849,343,1042.0,782.0,0.453,0.38,0.167,0.181,0.154,0.75,3.97,All
1103,Yohan Ramirez,670990,2004,497.0,974,288,366,742,357,905.0,662.0,0.486,0.37,0.144,0.183,0.178,0.731,4.03,All
1104,Yoshinobu Yamamoto,808967,5441,1365.0,2653,878,977,1910,922,2608.0,1865.0,0.488,0.351,0.161,0.18,0.169,0.715,3.99,All
1105,Yosver Zulueta,691172,140,32.0,67,23,26,50,24,66.0,50.0,0.479,0.357,0.164,0.186,0.171,0.758,4.38,All
1106,Yovanny Cruz,672442,227,60.0,104,37,39,86,39,102.0,76.0,0.458,0.379,0.163,0.172,0.172,0.745,3.78,All
1107,Yu Darvish,506433,1158,296.0,549,203,214,406,208,544.0,419.0,0.474,0.351,0.175,0.185,0.18,0.77,3.91,All
1108,Yuki Matsui,673513,2118,518.0,967,325,358,826,282,1010.0,687.0,0.457,0.39,0.153,0.169,0.133,0.68,4.09,All
1109,Yunior Marte,628708,25,5.0,11,3,4,11,2,12.0,7.0,0.44,0.44,0.12,0.16,0.08,0.583,5.0,All
1110,Yunior Marte,805074,312,83.0,124,63,51,125,47,140.0,114.0,0.397,0.401,0.202,0.163,0.151,0.814,3.76,All
1111,Yunior Tur,814305,248,66.0,105,43,31,100,38,110.0,74.0,0.423,0.403,0.173,0.125,0.153,0.673,3.76,All
1112,Yusei Kikuchi,579328,4210,1049.0,1968,712,837,1530,647,2033.0,1552.0,0.467,0.363,0.169,0.199,0.154,0.763,4.01,All
1113,Zac Gallen,668678,4917,1280.0,2167,934,793,1816,874,2227.0,1738.0,0.441,0.369,0.19,0.161,0.178,0.78,3.84,All
1114,Zac Thornton,804267,936,251.0,436,192,209,308,140,488.0,403.0,0.466,0.329,0.205,0.223,0.15,0.826,3.73,All
1115,Zach Agnos,688642,2038,542.0,854,411,361,773,257,1008.0,774.0,0.419,0.379,0.202,0.177,0.126,0.768,3.76,All
1116,Zach Brzykcy,694350,507,122.0,229,80,105,198,58,251.0,185.0,0.452,0.391,0.158,0.207,0.114,0.737,4.16,All
1117,Zach Eflin,621107,1201,326.0,533,252,216,416,186,599.0,471.0,0.444,0.346,0.21,0.18,0.155,0.786,3.68,All
1118,Zach Maxwell,687209,458,110.0,211,71,85,176,78,204.0,156.0,0.461,0.384,0.155,0.186,0.17,0.765,4.16,All
1119,Zach McCambley,685112,193,46.0,93,30,35,70,33,90.0,65.0,0.482,0.363,0.155,0.181,0.171,0.722,4.2,All
1120,Zach McKinstry,656716,61,16.0,19,10,3,32,12,17.0,13.0,0.311,0.525,0.164,0.049,0.197,0.765,3.81,All
1121,Zach Pop,647315,257,70.0,108,54,37,95,52,110.0,93.0,0.42,0.37,0.21,0.144,0.202,0.845,3.67,All
1122,Zach Thompson,605507,60,12.0,28,8,15,24,8,28.0,23.0,0.467,0.4,0.133,0.25,0.133,0.821,5.0,All
1123,Zach Thornton,804267,240,67.0,116,47,48,77,40,123.0,95.0,0.483,0.321,0.196,0.2,0.167,0.772,3.58,All
1124,Zack Kelly,677161,865,222.0,402,151,162,312,143,410.0,317.0,0.465,0.361,0.175,0.187,0.165,0.773,3.9,All
1125,Zack Littell,641793,4765,1297.0,2135,1012,954,1618,712,2435.0,1979.0,0.448,0.34,0.212,0.2,0.149,0.813,3.67,All
1126,Zack Short,670097,10,3.0,4,3,4,3,0,7.0,7.0,0.4,0.3,0.3,0.4,0.0,1.0,3.33,All
1127,Zack Wheeler,554430,4946,1207.0,2446,732,958,1768,698,2480.0,1701.0,0.495,0.357,0.148,0.194,0.141,0.686,4.1,All
1128,Zak Kent,687849,602,153.0,268,108,105,226,103,273.0,213.0,0.445,0.375,0.179,0.174,0.171,0.78,3.93,All
1129,Zebby Matthews,805673,3470,899.0,1610,628,644,1232,540,1698.0,1280.0,0.464,0.355,0.181,0.186,0.156,0.754,3.86,All
0,A.J. Minter,621345,388,107.0,179,76,67,133,58,197.0,144.0,0.461,0.343,0.196,0.173,0.149,0.731,3.63,vs LHB
1,A.J. Puk,640462,58,13.0,33,7,8,18,10,30.0,15.0,0.569,0.31,0.121,0.138,0.172,0.5,4.46,vs LHB
2,AJ Blubaugh,805123,1100,267.0,510,171,213,419,150,531.0,384.0,0.464,0.381,0.155,0.194,0.136,0.723,4.12,vs LHB
3,AJ Smith-Shawver,700363,676,180.0,309,129,114,238,112,326.0,245.0,0.457,0.352,0.191,0.169,0.166,0.752,3.76,vs LHB
4,Aaron Ashby,676879,962,235.0,463,133,119,366,221,375.0,257.0,0.481,0.38,0.138,0.124,0.23,0.685,4.09,vs LHB
5,Aaron Brooks,605156,7,2.0,3,2,2,2,1,4.0,4.0,0.429,0.286,0.286,0.286,0.143,1.0,3.5,vs LHB
6,Aaron Bummer,607481,597,148.0,273,100,78,224,129,244.0,184.0,0.457,0.375,0.168,0.131,0.216,0.754,4.03,vs LHB
7,Aaron Civale,650644,1999,481.0,908,337,348,754,385,860.0,686.0,0.454,0.377,0.169,0.174,0.193,0.798,4.16,vs LHB
8,Aaron Nola,605400,2840,687.0,1302,462,504,1076,463,1300.0,971.0,0.458,0.379,0.163,0.177,0.163,0.747,4.13,vs LHB
9,Abner Uribe,682842,943,236.0,451,146,185,346,155,442.0,332.0,0.478,0.367,0.155,0.196,0.164,0.751,4.0,vs LHB
10,Abraham Toro,647351,10,5.0,2,4,0,4,1,5.0,4.0,0.2,0.4,0.4,0.0,0.1,0.8,2.0,vs LHB
11,Adam Frazier,624428,28,8.0,10,8,5,10,5,13.0,13.0,0.357,0.357,0.286,0.179,0.179,1.0,3.5,vs LHB
12,Adam Macko,671936,297,76.0,146,46,40,105,57,135.0,88.0,0.492,0.354,0.155,0.135,0.192,0.652,3.91,vs LHB
13,Adam Mazur,800049,273,80.0,115,63,41,95,46,132.0,104.0,0.421,0.348,0.231,0.15,0.168,0.788,3.41,vs LHB
14,Adam Ottavino,493603,16,3.0,7,0,0,9,5,2.0,0.0,0.438,0.562,0.0,0.0,0.312,0.0,5.33,vs LHB
15,Adrian Del Castillo,680728,6,5.0,1,5,0,0,1,5.0,5.0,0.167,0.0,0.833,0.0,0.167,1.0,1.2,vs LHB
16,Adrian Houser,605288,2106,540.0,914,381,395,811,329,966.0,784.0,0.434,0.385,0.181,0.188,0.156,0.812,3.9,vs LHB
17,Adrian Morejon,670970,930,254.0,483,171,169,276,190,464.0,344.0,0.519,0.297,0.184,0.182,0.204,0.741,3.66,vs LHB
18,Alan Rangel,660604,361,95.0,163,65,74,133,50,178.0,140.0,0.452,0.368,0.18,0.205,0.139,0.787,3.8,vs LHB
19,Alan Trejo,676701,9,2.0,2,2,1,5,1,3.0,3.0,0.222,0.556,0.222,0.111,0.111,1.0,4.5,vs LHB
20,Albert Suarez,544150,537,138.0,213,106,89,218,68,251.0,198.0,0.397,0.406,0.197,0.166,0.127,0.789,3.89,vs LHB
21,Alec Burleson,676475,4,2.0,0,1,0,3,0,1.0,1.0,0.0,0.75,0.25,0.0,0.0,1.0,2.0,vs LHB
22,Alec Gamboa,687941,152,44.0,70,33,36,49,22,81.0,69.0,0.461,0.322,0.217,0.237,0.145,0.852,3.45,vs LHB
23,Alek Jacob,689690,282,71.0,133,55,56,94,42,146.0,111.0,0.472,0.333,0.195,0.199,0.149,0.76,3.97,vs LHB
24,Alek Manoah,666201,104,26.0,37,19,11,48,18,38.0,30.0,0.356,0.462,0.183,0.106,0.173,0.789,4.0,vs LHB
25,Alex Carrillo,692024,33,8.0,15,4,4,14,6,13.0,8.0,0.455,0.424,0.121,0.121,0.182,0.615,4.12,vs LHB
26,Alex Cook,702047,68,17.0,29,13,12,26,12,30.0,25.0,0.426,0.382,0.191,0.176,0.176,0.833,4.0,vs LHB
27,Alex Hoppe,695380,393,102.0,168,63,59,162,59,172.0,126.0,0.427,0.412,0.16,0.15,0.15,0.733,3.85,vs LHB
28,Alex Jackson,656577,18,7.0,2,6,0,10,2,6.0,6.0,0.111,0.556,0.333,0.0,0.111,1.0,2.57,vs LHB
29,Alex Lange,656638,625,147.0,287,99,125,239,91,295.0,226.0,0.459,0.382,0.158,0.2,0.146,0.766,4.25,vs LHB
30,Alex McFarlane,686934,120,31.0,63,22,21,35,22,63.0,43.0,0.525,0.292,0.183,0.175,0.183,0.683,3.87,vs LHB
31,Alex Vesia,681911,764,179.0,400,103,161,261,116,387.0,267.0,0.524,0.342,0.135,0.211,0.152,0.69,4.27,vs LHB
32,Alexis Diaz,664747,151,31.0,70,19,36,62,19,70.0,55.0,0.464,0.411,0.126,0.238,0.126,0.786,4.87,vs LHB
33,Ali Sanchez,645305,8,3.0,3,3,3,2,0,6.0,6.0,0.375,0.25,0.375,0.375,0.0,1.0,2.67,vs LHB
34,Alimber Santa,695001,125,29.0,60,21,28,44,23,58.0,49.0,0.48,0.352,0.168,0.224,0.184,0.845,4.31,vs LHB
35,Allan Winans,642216,87,22.0,41,15,21,31,11,45.0,36.0,0.471,0.356,0.172,0.241,0.126,0.8,3.95,vs LHB
36,Amed Rosario,642708,8,3.0,2,3,0,3,2,3.0,3.0,0.25,0.375,0.375,0.0,0.25,1.0,2.67,vs LHB
37,Andre Granillo,701552,241,62.0,105,45,34,91,42,108.0,80.0,0.436,0.378,0.187,0.141,0.174,0.741,3.89,vs LHB
38,Andre Pallante,669467,2755,717.0,1158,538,414,1059,458,1238.0,959.0,0.42,0.384,0.195,0.15,0.166,0.775,3.84,vs LHB
39,Andres Munoz,662253,1016,248.0,509,129,150,378,172,466.0,282.0,0.501,0.372,0.127,0.148,0.169,0.605,4.1,vs LHB
40,Andrew Abbott,671096,1424,358.0,712,249,302,463,229,732.0,553.0,0.5,0.325,0.175,0.212,0.161,0.755,3.98,vs LHB
41,Andrew Alvarez,674841,520,132.0,230,93,78,197,94,229.0,173.0,0.442,0.379,0.179,0.15,0.181,0.755,3.94,vs LHB
42,Andrew Chafin,605177,310,72.0,150,40,54,120,55,135.0,96.0,0.484,0.387,0.129,0.174,0.177,0.711,4.31,vs LHB
43,Andrew Heaney,571760,566,149.0,242,115,90,209,99,258.0,206.0,0.428,0.369,0.203,0.159,0.175,0.798,3.8,vs LHB
44,Andrew Hoffmann,694851,240,56.0,97,35,35,108,40,92.0,70.0,0.404,0.45,0.146,0.146,0.167,0.761,4.29,vs LHB
45,Andrew Kittredge,552640,696,200.0,348,144,145,204,109,383.0,289.0,0.5,0.293,0.207,0.208,0.157,0.755,3.48,vs LHB
46,Andrew Morris,702193,656,151.0,313,105,128,238,111,307.0,235.0,0.477,0.363,0.16,0.195,0.169,0.765,4.34,vs LHB
47,Andrew Nardi,677053,177,48.0,89,27,28,61,31,85.0,56.0,0.503,0.345,0.153,0.158,0.175,0.659,3.69,vs LHB
48,Andrew Painter,691725,1142,306.0,537,228,214,377,189,576.0,445.0,0.47,0.33,0.2,0.187,0.165,0.773,3.73,vs LHB
49,Andrew Saalfrank,685314,140,35.0,53,24,15,63,21,56.0,39.0,0.379,0.45,0.171,0.107,0.15,0.696,4.0,vs LHB
50,Andrew Sears,808825,110,28.0,43,22,18,45,19,46.0,40.0,0.391,0.409,0.2,0.164,0.173,0.87,3.93,vs LHB
51,Andrew Vaughn,683734,29,8.0,9,5,4,15,3,11.0,9.0,0.31,0.517,0.172,0.138,0.103,0.818,3.62,vs LHB
52,Andrew Walters,689958,5,1.0,3,0,1,2,0,3.0,1.0,0.6,0.4,0.0,0.2,0.0,0.333,5.0,vs LHB
53,Andrew Wantz,681806,25,6.0,11,4,6,10,1,14.0,10.0,0.44,0.4,0.16,0.24,0.04,0.714,4.17,vs LHB
54,Andruw Monasterio,655316,17,5.0,3,3,2,11,1,5.0,5.0,0.176,0.647,0.176,0.118,0.059,1.0,3.4,vs LHB
55,Andry Lara,691251,100,30.0,35,19,13,46,14,40.0,32.0,0.35,0.46,0.19,0.13,0.14,0.8,3.33,vs LHB
56,Angel Chivilli,683409,547,141.0,230,106,90,211,67,269.0,196.0,0.42,0.386,0.194,0.165,0.122,0.729,3.88,vs LHB
57,Angel Perdomo,622780,26,6.0,7,3,3,16,2,8.0,6.0,0.269,0.615,0.115,0.115,0.077,0.75,4.33,vs LHB
58,Angel Zerpa,672582,519,135.0,234,95,84,190,115,214.0,181.0,0.451,0.366,0.183,0.162,0.222,0.846,3.84,vs LHB
59,Anthony Banda,607455,741,180.0,327,115,101,299,118,324.0,219.0,0.441,0.404,0.155,0.136,0.159,0.676,4.12,vs LHB
60,Anthony Bender,669622,599,142.0,288,89,100,222,134,243.0,190.0,0.481,0.371,0.149,0.167,0.224,0.782,4.22,vs LHB
61,Anthony DeSclafani,543101,289,72.0,126,50,49,113,47,129.0,100.0,0.436,0.391,0.173,0.17,0.163,0.775,4.01,vs LHB
62,Anthony Gose,543238,45,11.0,19,11,6,15,9,21.0,17.0,0.422,0.333,0.244,0.133,0.2,0.81,4.09,vs LHB
63,Anthony Kay,641743,742,189.0,360,123,140,259,124,359.0,263.0,0.485,0.349,0.166,0.189,0.167,0.733,3.93,vs LHB
64,Anthony Maldonado,687424,28,7.0,10,4,4,14,5,9.0,8.0,0.357,0.5,0.143,0.143,0.179,0.889,4.0,vs LHB
65,Anthony Misiewicz,664948,48,10.0,21,5,11,22,3,23.0,16.0,0.438,0.458,0.104,0.229,0.062,0.696,4.8,vs LHB
66,Anthony Molina,683627,593,150.0,253,117,107,223,90,280.0,225.0,0.427,0.376,0.197,0.18,0.152,0.804,3.95,vs LHB
67,Anthony Nunez,689296,517,127.0,229,79,84,209,74,234.0,165.0,0.443,0.404,0.153,0.162,0.143,0.705,4.07,vs LHB
68,Anthony Veneziano,685107,276,67.0,142,45,56,89,46,141.0,102.0,0.514,0.322,0.163,0.203,0.167,0.723,4.12,vs LHB
69,Antoine Kelly,681520,13,3.0,7,2,4,4,2,7.0,6.0,0.538,0.308,0.154,0.308,0.154,0.857,4.33,vs LHB
70,Antonio Senzatela,622608,1782,475.0,727,375,281,680,276,826.0,660.0,0.408,0.382,0.21,0.158,0.155,0.799,3.75,vs LHB
71,Antwone Kelly,699008,132,33.0,64,23,39,45,14,73.0,62.0,0.485,0.341,0.174,0.295,0.106,0.849,4.0,vs LHB
72,Aroldis Chapman,547973,491,119.0,277,65,113,149,73,268.0,181.0,0.564,0.303,0.132,0.23,0.149,0.675,4.13,vs LHB
73,Austin Cox,680735,178,42.0,72,32,34,74,22,82.0,68.0,0.404,0.416,0.18,0.191,0.124,0.829,4.24,vs LHB
74,Austin Gomber,596295,200,57.0,84,45,32,71,36,93.0,77.0,0.42,0.355,0.225,0.16,0.18,0.828,3.51,vs LHB
75,Austin Hedges,595978,47,16.0,18,15,7,14,11,22.0,22.0,0.383,0.298,0.319,0.149,0.234,1.0,2.94,vs LHB
76,Austin Nola,543592,10,3.0,2,3,0,5,2,3.0,3.0,0.2,0.5,0.3,0.0,0.2,1.0,3.33,vs LHB
77,Austin Peterson,804926,8,2.0,5,1,2,2,2,4.0,3.0,0.625,0.25,0.125,0.25,0.25,0.75,4.0,vs LHB
78,Austin Pope,687166,15,4.0,6,3,5,6,1,8.0,8.0,0.4,0.4,0.2,0.333,0.067,1.0,3.75,vs LHB
79,Austin Slater,596103,2,1.0,1,1,0,0,1,1.0,1.0,0.5,0.0,0.5,0.0,0.5,1.0,2.0,vs LHB
80,Austin Voth,608723,109,29.0,38,24,18,47,10,52.0,42.0,0.349,0.431,0.22,0.165,0.092,0.808,3.76,vs LHB
81,Austin Warren,681810,501,117.0,235,74,88,192,98,211.0,162.0,0.469,0.383,0.148,0.176,0.196,0.768,4.28,vs LHB
82,Bailey Falter,663559,575,157.0,255,124,99,196,97,282.0,224.0,0.443,0.341,0.216,0.172,0.169,0.794,3.66,vs LHB
83,Bailey Horn,690544,103,26.0,41,18,18,44,12,47.0,36.0,0.398,0.427,0.175,0.175,0.117,0.766,3.96,vs LHB
84,Bailey Ober,641927,2429,632.0,1085,497,476,847,386,1196.0,978.0,0.447,0.349,0.205,0.196,0.159,0.818,3.84,vs LHB
85,Beau Brieske,689225,341,87.0,140,63,62,138,45,158.0,125.0,0.411,0.405,0.185,0.182,0.132,0.791,3.92,vs LHB
86,Beck Way,694360,204,51.0,95,33,35,76,36,92.0,68.0,0.466,0.373,0.162,0.172,0.176,0.739,4.0,vs LHB
87,Ben Bowden,641386,96,21.0,45,11,18,40,16,40.0,29.0,0.469,0.417,0.115,0.188,0.167,0.725,4.57,vs LHB
88,Ben Brown,676962,1378,358.0,652,226,213,500,239,639.0,443.0,0.473,0.363,0.164,0.155,0.173,0.693,3.85,vs LHB
89,Ben Casparius,676508,559,148.0,247,102,91,210,75,274.0,194.0,0.442,0.376,0.182,0.163,0.134,0.708,3.78,vs LHB
90,Ben Joyce,690829,185,45.0,80,28,30,77,23,85.0,58.0,0.432,0.416,0.151,0.162,0.124,0.682,4.11,vs LHB
91,Ben Lively,594902,386,90.0,172,65,77,149,63,174.0,143.0,0.446,0.386,0.168,0.199,0.163,0.822,4.29,vs LHB
92,Ben Peoples,687239,128,32.0,52,25,21,51,18,59.0,46.0,0.406,0.398,0.195,0.164,0.141,0.78,4.0,vs LHB
93,Ben Williamson,810938,24,9.0,7,8,1,9,6,9.0,9.0,0.292,0.375,0.333,0.042,0.25,1.0,2.67,vs LHB
94,Bennett Sousa,656986,520,135.0,252,85,83,183,88,249.0,170.0,0.485,0.352,0.163,0.16,0.169,0.683,3.85,vs LHB
95,Blade Tidwell,694918,661,162.0,277,115,113,269,124,268.0,230.0,0.419,0.407,0.174,0.171,0.188,0.858,4.08,vs LHB
96,Blake Adams,687060,18,6.0,7,6,4,5,1,12.0,10.0,0.389,0.278,0.333,0.222,0.056,0.833,3.0,vs LHB
97,Blake Burkhalter,686628,11,2.0,4,0,1,7,0,4.0,1.0,0.364,0.636,0.0,0.091,0.0,0.25,5.5,vs LHB
98,Blake Snell,605483,438,104.0,217,55,73,166,62,210.0,130.0,0.495,0.379,0.126,0.167,0.142,0.619,4.21,vs LHB
99,Blake Treinen,595014,396,95.0,204,59,98,133,60,203.0,157.0,0.515,0.336,0.149,0.247,0.152,0.773,4.17,vs LHB
100,Blake Walston,686796,25,6.0,10,3,2,12,3,10.0,5.0,0.4,0.48,0.12,0.08,0.12,0.5,4.17,vs LHB
101,Blake Weiman,676620,117,30.0,57,22,17,38,21,58.0,39.0,0.487,0.325,0.188,0.145,0.179,0.672,3.9,vs LHB
102,Blas Castano,680604,261,71.0,102,56,46,103,40,118.0,104.0,0.391,0.395,0.215,0.176,0.153,0.881,3.68,vs LHB
103,Bobby Miller,676272,102,22.0,45,16,15,41,21,40.0,31.0,0.441,0.402,0.157,0.147,0.206,0.775,4.64,vs LHB
104,Bowden Francis,670102,680,161.0,302,112,133,266,102,312.0,246.0,0.444,0.391,0.165,0.196,0.15,0.788,4.22,vs LHB
105,Brad Keller,641745,764,189.0,349,121,133,294,128,342.0,255.0,0.457,0.385,0.158,0.174,0.168,0.746,4.04,vs LHB
106,Brad Lord,695418,1898,435.0,924,278,450,696,271,931.0,731.0,0.487,0.367,0.146,0.237,0.143,0.785,4.36,vs LHB
107,Bradgley Rodriguez,699134,654,161.0,344,102,123,208,105,341.0,227.0,0.526,0.318,0.156,0.188,0.161,0.666,4.06,vs LHB
108,Bradley Blalock,687134,678,171.0,294,130,139,254,97,327.0,272.0,0.434,0.375,0.192,0.205,0.143,0.832,3.96,vs LHB
109,Bradley Hanner,690440,18,8.0,6,7,2,5,3,10.0,9.0,0.333,0.278,0.389,0.111,0.167,0.9,2.25,vs LHB
110,Brady Basso,669620,296,86.0,128,65,50,103,41,152.0,116.0,0.432,0.348,0.22,0.169,0.139,0.763,3.44,vs LHB
111,Brady Singer,663903,3459,864.0,1554,582,586,1323,596,1540.0,1177.0,0.449,0.382,0.168,0.169,0.172,0.764,4.0,vs LHB
112,Brandan Bidois,684049,187,45.0,90,28,32,69,25,93.0,60.0,0.481,0.369,0.15,0.171,0.134,0.645,4.16,vs LHB
113,Brandon Eisert,685126,921,226.0,428,150,160,343,129,449.0,313.0,0.465,0.372,0.163,0.174,0.14,0.697,4.08,vs LHB
114,Brandon Leibrandt,605335,51,17.0,17,15,3,19,8,24.0,19.0,0.333,0.373,0.294,0.059,0.157,0.792,3.0,vs LHB
115,Brandon Pfaadt,694297,2657,704.0,1178,535,505,944,415,1298.0,1042.0,0.443,0.355,0.201,0.19,0.156,0.803,3.77,vs LHB
116,Brandon Sproat,687075,1118,269.0,521,165,239,432,165,521.0,407.0,0.466,0.386,0.148,0.214,0.148,0.781,4.16,vs LHB
117,Brandon Waddell,663399,174,46.0,83,33,32,58,28,88.0,66.0,0.477,0.333,0.19,0.184,0.161,0.75,3.78,vs LHB
118,Brandon Walter,687888,147,39.0,70,31,30,46,27,74.0,61.0,0.476,0.313,0.211,0.204,0.184,0.824,3.77,vs LHB
119,Brandon Williamson,682227,224,61.0,99,43,32,82,36,106.0,77.0,0.442,0.366,0.192,0.143,0.161,0.726,3.67,vs LHB
120,Brandon Woodruff,605540,847,225.0,422,146,151,279,147,421.0,304.0,0.498,0.329,0.172,0.178,0.174,0.722,3.76,vs LHB
121,Brandon Young,687064,2029,533.0,888,378,384,763,281,985.0,766.0,0.438,0.376,0.186,0.189,0.138,0.778,3.81,vs LHB
122,Brandyn Garcia,805299,437,116.0,212,63,57,162,91,184.0,120.0,0.485,0.371,0.144,0.13,0.208,0.652,3.77,vs LHB
123,Brant Hurter,676428,680,183.0,321,115,98,244,154,282.0,215.0,0.472,0.359,0.169,0.144,0.226,0.762,3.72,vs LHB
124,Braxton Ashcraft,677952,1903,500.0,962,322,396,619,318,966.0,722.0,0.506,0.325,0.169,0.208,0.167,0.747,3.81,vs LHB
125,Braxton Garrett,666129,20,5.0,4,3,1,13,3,4.0,4.0,0.2,0.65,0.15,0.05,0.15,1.0,4.0,vs LHB
126,Braxton Roxby,694820,26,6.0,13,6,4,7,5,14.0,10.0,0.5,0.269,0.231,0.154,0.192,0.714,4.33,vs LHB
127,Brayan Bello,678394,2653,684.0,1121,505,490,1027,370,1256.0,1001.0,0.423,0.387,0.19,0.185,0.139,0.797,3.88,vs LHB
128,Braydon Fisher,680755,1062,239.0,507,131,177,424,200,438.0,308.0,0.477,0.399,0.123,0.167,0.188,0.703,4.44,vs LHB
129,Brenan Hanifee,669724,397,105.0,133,86,55,178,57,162.0,142.0,0.335,0.448,0.217,0.139,0.144,0.877,3.78,vs LHB
130,Brendan Beck,694341,66,16.0,26,10,9,30,9,27.0,19.0,0.394,0.455,0.152,0.136,0.136,0.704,4.12,vs LHB
131,Brendan Cellucci,676454,32,9.0,21,5,4,6,10,16.0,9.0,0.656,0.188,0.156,0.125,0.312,0.562,3.56,vs LHB
132,Brendon Little,663893,869,198.0,403,103,101,363,158,348.0,204.0,0.464,0.418,0.119,0.116,0.182,0.586,4.39,vs LHB
133,Brennan Bernardino,657514,845,216.0,380,153,137,312,153,380.0,295.0,0.45,0.369,0.181,0.162,0.181,0.776,3.91,vs LHB
134,Brent Headrick,687396,583,153.0,297,99,104,187,86,310.0,205.0,0.509,0.321,0.17,0.178,0.148,0.661,3.81,vs LHB
135,Brent Suter,608718,1056,261.0,487,192,183,377,200,479.0,380.0,0.461,0.357,0.182,0.173,0.189,0.793,4.05,vs LHB
136,Brett Kerry,695049,113,29.0,48,23,16,42,19,52.0,39.0,0.425,0.372,0.204,0.142,0.168,0.75,3.9,vs LHB
137,Brett Sullivan,664954,40,15.0,16,13,7,11,9,20.0,20.0,0.4,0.275,0.325,0.175,0.225,1.0,2.67,vs LHB
138,Brett de Geus,676969,32,6.0,15,5,10,12,4,16.0,15.0,0.469,0.375,0.156,0.312,0.125,0.938,5.33,vs LHB
139,Brian Fitzpatrick,702153,36,11.0,14,9,5,13,6,17.0,14.0,0.389,0.361,0.25,0.139,0.167,0.824,3.27,vs LHB
140,Brian Keller,662144,27,8.0,14,6,8,7,2,18.0,15.0,0.519,0.259,0.222,0.296,0.074,0.833,3.38,vs LHB
141,Brian Van Belle,687003,65,19.0,31,17,13,17,14,34.0,30.0,0.477,0.262,0.262,0.2,0.215,0.882,3.42,vs LHB
142,Brock Burke,656271,879,228.0,404,157,150,318,157,403.0,311.0,0.46,0.362,0.179,0.171,0.179,0.772,3.86,vs LHB
143,Brock Stewart,592779,456,112.0,212,76,100,168,55,233.0,176.0,0.465,0.368,0.167,0.219,0.121,0.755,4.07,vs LHB
144,Brody Hopkins,811315,7,2.0,5,1,2,1,1,5.0,3.0,0.714,0.143,0.143,0.286,0.143,0.6,3.5,vs LHB
145,Brooks Kriske,621139,196,46.0,83,33,24,80,40,76.0,59.0,0.423,0.408,0.168,0.122,0.204,0.776,4.26,vs LHB
146,Brooks Raley,548384,455,123.0,206,85,83,164,75,216.0,168.0,0.453,0.36,0.187,0.182,0.165,0.778,3.7,vs LHB
147,Bruce Zimmermann,669145,71,23.0,27,20,9,24,15,32.0,30.0,0.38,0.338,0.282,0.127,0.211,0.938,3.09,vs LHB
148,Bryan Abreu,650556,1082,273.0,519,143,157,420,190,472.0,301.0,0.48,0.388,0.132,0.145,0.176,0.638,3.96,vs LHB
149,Bryan Baker,641329,1111,268.0,563,177,234,371,177,563.0,412.0,0.507,0.334,0.159,0.211,0.159,0.732,4.15,vs LHB
150,Bryan Hoeing,663773,53,15.0,16,12,4,25,8,20.0,16.0,0.302,0.472,0.226,0.075,0.151,0.8,3.53,vs LHB
151,Bryan Hudson,663542,566,135.0,248,88,87,230,114,222.0,175.0,0.438,0.406,0.155,0.154,0.201,0.788,4.19,vs LHB
152,Bryan King,687911,781,191.0,368,135,145,278,135,367.0,282.0,0.471,0.356,0.173,0.186,0.173,0.768,4.09,vs LHB
153,Bryan Torres,663494,7,4.0,2,4,2,1,0,6.0,6.0,0.286,0.143,0.571,0.286,0.0,1.0,1.75,vs LHB
154,Bryan Woo,693433,2963,763.0,1420,527,654,1016,408,1539.0,1188.0,0.479,0.343,0.178,0.221,0.138,0.772,3.88,vs LHB
155,Bryce Elder,693821,2694,731.0,1132,514,439,1048,419,1227.0,961.0,0.42,0.389,0.191,0.163,0.156,0.783,3.69,vs LHB
156,Bryce Jarvis,686826,208,52.0,87,38,31,83,41,84.0,69.0,0.418,0.399,0.183,0.149,0.197,0.821,4.0,vs LHB
157,Bryce Miller,682243,1673,425.0,805,301,379,567,203,903.0,683.0,0.481,0.339,0.18,0.227,0.121,0.756,3.94,vs LHB
158,Brycen Mautz,802408,116,31.0,47,17,10,52,17,47.0,28.0,0.405,0.448,0.147,0.086,0.147,0.596,3.74,vs LHB
159,Bryse Wilson,669060,634,167.0,259,127,117,248,89,297.0,244.0,0.409,0.391,0.2,0.185,0.14,0.822,3.8,vs LHB
160,Bubba Chandler,696149,1776,430.0,818,287,343,671,275,830.0,632.0,0.461,0.378,0.162,0.193,0.155,0.761,4.13,vs LHB
161,Buddy Kennedy,671083,21,5.0,8,4,5,9,3,9.0,9.0,0.381,0.429,0.19,0.238,0.143,1.0,4.2,vs LHB
162,Burch Smith,572143,158,37.0,72,25,29,61,29,68.0,54.0,0.456,0.386,0.158,0.184,0.184,0.794,4.27,vs LHB
163,CJ Van Eyk,669310,92,23.0,35,22,17,35,11,46.0,39.0,0.38,0.38,0.239,0.185,0.12,0.848,4.0,vs LHB
164,Cade Cavalli,676917,2063,543.0,1000,350,360,713,353,997.0,714.0,0.485,0.346,0.17,0.175,0.171,0.716,3.8,vs LHB
165,Cade Gibson,806188,911,231.0,417,160,133,334,191,386.0,295.0,0.458,0.367,0.176,0.146,0.21,0.764,3.94,vs LHB
166,Cade Horton,690990,989,270.0,433,203,150,353,178,458.0,354.0,0.438,0.357,0.205,0.152,0.18,0.773,3.66,vs LHB
167,Cade Povich,700249,681,174.0,305,120,112,256,121,304.0,235.0,0.448,0.376,0.176,0.164,0.178,0.773,3.91,vs LHB
168,Cade Smith,671922,1262,306.0,681,168,248,413,182,667.0,419.0,0.54,0.327,0.133,0.197,0.144,0.628,4.12,vs LHB
169,Cade Winquest,685464,136,30.0,66,19,22,51,29,56.0,41.0,0.485,0.375,0.14,0.162,0.213,0.732,4.53,vs LHB
170,Caden Dana,702674,286,66.0,126,36,43,124,44,118.0,80.0,0.441,0.434,0.126,0.15,0.154,0.678,4.33,vs LHB
171,Cal Quantrill,615698,1955,474.0,880,329,396,746,279,930.0,729.0,0.45,0.382,0.168,0.203,0.143,0.784,4.12,vs LHB
172,Caleb Boushley,676961,356,89.0,150,59,47,147,64,145.0,106.0,0.421,0.413,0.166,0.132,0.18,0.731,4.0,vs LHB
173,Caleb Ferguson,657571,807,196.0,386,133,159,288,148,371.0,293.0,0.478,0.357,0.165,0.197,0.183,0.79,4.12,vs LHB
174,Caleb Freeman,673965,28,7.0,16,6,8,6,8,14.0,14.0,0.571,0.214,0.214,0.286,0.286,1.0,4.0,vs LHB
175,Caleb Kilian,668873,453,118.0,214,81,94,158,68,227.0,176.0,0.472,0.349,0.179,0.208,0.15,0.775,3.84,vs LHB
176,Caleb Thielbar,573204,739,184.0,371,124,135,244,121,374.0,260.0,0.502,0.33,0.168,0.183,0.164,0.695,4.02,vs LHB
177,Calvin Faucher,676534,1193,297.0,523,199,183,471,216,506.0,385.0,0.438,0.395,0.167,0.153,0.181,0.761,4.02,vs LHB
178,Cam Booser,592155,488,128.0,242,76,81,170,68,250.0,161.0,0.496,0.348,0.156,0.166,0.139,0.644,3.81,vs LHB
179,Cam Sanders,676742,337,80.0,141,49,46,147,48,142.0,95.0,0.418,0.436,0.145,0.136,0.142,0.669,4.21,vs LHB
180,Cam Schlittler,693645,2572,629.0,1320,364,542,888,374,1308.0,911.0,0.513,0.345,0.142,0.211,0.145,0.696,4.09,vs LHB
181,Cameron Foster,671382,114,27.0,57,16,24,41,18,55.0,40.0,0.5,0.36,0.14,0.211,0.158,0.727,4.22,vs LHB
182,Cameron Weston,687721,12,2.0,8,0,5,4,2,6.0,5.0,0.667,0.333,0.0,0.417,0.167,0.833,6.0,vs LHB
183,Camilo Doval,666808,1010,259.0,450,166,160,394,154,462.0,328.0,0.446,0.39,0.164,0.158,0.152,0.71,3.9,vs LHB
184,Carl Edwards Jr.,605218,84,20.0,45,7,9,32,23,29.0,16.0,0.536,0.381,0.083,0.107,0.274,0.552,4.2,vs LHB
185,Carlos Carrasco,471911,605,171.0,229,138,100,238,80,287.0,238.0,0.379,0.393,0.228,0.165,0.132,0.829,3.54,vs LHB
186,Carlos Cortes,666126,51,17.0,18,16,7,17,8,26.0,23.0,0.353,0.333,0.314,0.137,0.157,0.885,3.0,vs LHB
187,Carlos Duran,679922,22,6.0,7,3,3,12,2,8.0,6.0,0.318,0.545,0.136,0.136,0.091,0.75,3.67,vs LHB
188,Carlos Estevez,608032,607,150.0,279,107,118,221,105,281.0,225.0,0.46,0.364,0.176,0.194,0.173,0.801,4.05,vs LHB
189,Carlos Hernandez,672578,414,104.0,188,68,86,158,48,208.0,154.0,0.454,0.382,0.164,0.208,0.116,0.74,3.98,vs LHB
190,Carlos Rodon,607074,1119,268.0,539,166,195,414,186,519.0,365.0,0.482,0.37,0.148,0.174,0.166,0.703,4.18,vs LHB
191,Carlos Rodriguez,692230,178,41.0,79,25,30,74,15,89.0,56.0,0.444,0.416,0.14,0.169,0.084,0.629,4.34,vs LHB
192,Carlos Vargas,672841,583,170.0,262,133,107,188,106,289.0,240.0,0.449,0.322,0.228,0.184,0.182,0.83,3.43,vs LHB
193,Carmen Mlodzinski,669387,2040,525.0,901,384,331,755,337,948.0,721.0,0.442,0.37,0.188,0.162,0.165,0.761,3.89,vs LHB
194,Carson Fulmer,608334,240,65.0,115,39,39,86,40,114.0,80.0,0.479,0.358,0.162,0.162,0.167,0.702,3.69,vs LHB
195,Carson Kelly,608348,17,5.0,6,5,3,6,3,8.0,8.0,0.353,0.353,0.294,0.176,0.176,1.0,3.4,vs LHB
196,Carson Palmquist,687223,340,84.0,153,51,62,136,57,147.0,114.0,0.45,0.4,0.15,0.182,0.168,0.776,4.05,vs LHB
197,Carson Ragsdale,685068,36,12.0,16,11,8,9,5,22.0,19.0,0.444,0.25,0.306,0.222,0.139,0.864,3.0,vs LHB
198,Carson Seymour,693313,568,147.0,238,110,93,220,84,264.0,203.0,0.419,0.387,0.194,0.164,0.148,0.769,3.86,vs LHB
199,Carson Spiers,686730,153,40.0,60,29,24,64,24,65.0,53.0,0.392,0.418,0.19,0.157,0.157,0.815,3.82,vs LHB
200,Carson Whisenhunt,687931,253,68.0,105,45,39,103,43,107.0,84.0,0.415,0.407,0.178,0.154,0.17,0.785,3.72,vs LHB
201,Carter Baumler,691945,64,14.0,28,9,13,27,8,29.0,22.0,0.438,0.422,0.141,0.203,0.125,0.759,4.57,vs LHB
202,Casey Kelly,543391,5,1.0,2,1,1,2,1,2.0,2.0,0.4,0.4,0.2,0.2,0.2,1.0,5.0,vs LHB
203,Casey Lawrence,596271,122,33.0,43,30,17,49,20,53.0,47.0,0.352,0.402,0.246,0.139,0.164,0.887,3.7,vs LHB
204,Casey Legumina,668984,942,226.0,462,153,217,327,135,480.0,373.0,0.49,0.347,0.162,0.23,0.143,0.777,4.17,vs LHB
205,Casey Mize,663554,2417,635.0,1127,456,431,834,407,1176.0,891.0,0.466,0.345,0.189,0.178,0.168,0.758,3.81,vs LHB
206,Cesar Perdomo,702885,123,30.0,54,25,26,44,15,64.0,53.0,0.439,0.358,0.203,0.211,0.122,0.828,4.1,vs LHB
207,Cesar Salazar,663967,14,5.0,3,4,1,7,2,5.0,5.0,0.214,0.5,0.286,0.071,0.143,1.0,2.8,vs LHB
208,Chad Dallas,689149,100,24.0,38,14,20,48,13,39.0,34.0,0.38,0.48,0.14,0.2,0.13,0.872,4.17,vs LHB
209,Chad Green,643338,282,75.0,137,51,71,94,34,154.0,124.0,0.486,0.333,0.181,0.252,0.121,0.805,3.76,vs LHB
210,Chad Patrick,694477,1760,448.0,813,305,378,642,240,878.0,688.0,0.462,0.365,0.173,0.215,0.136,0.784,3.93,vs LHB
211,Chadwick Tromp,644433,11,4.0,2,3,1,6,1,4.0,4.0,0.182,0.545,0.273,0.091,0.091,1.0,2.75,vs LHB
212,Charlie Barnes,656212,73,23.0,22,17,4,34,11,28.0,21.0,0.301,0.466,0.233,0.055,0.151,0.75,3.17,vs LHB
213,Charlie Morton,450203,1384,342.0,665,204,266,515,209,660.0,472.0,0.48,0.372,0.147,0.192,0.151,0.715,4.05,vs LHB
214,Chas McCormick,676801,17,5.0,6,3,3,8,3,6.0,6.0,0.353,0.471,0.176,0.176,0.176,1.0,3.4,vs LHB
215,Chase Burns,695505,2066,498.0,1000,289,391,777,297,992.0,684.0,0.484,0.376,0.14,0.189,0.144,0.69,4.15,vs LHB
216,Chase Dollander,801403,1291,328.0,554,230,239,507,185,599.0,469.0,0.429,0.393,0.178,0.185,0.143,0.783,3.94,vs LHB
217,Chase Lee,695445,328,78.0,141,55,55,132,66,130.0,110.0,0.43,0.402,0.168,0.168,0.201,0.846,4.21,vs LHB
218,Chase Petty,695534,303,86.0,120,67,44,116,43,144.0,111.0,0.396,0.383,0.221,0.145,0.142,0.771,3.52,vs LHB
219,Chase Shugart,663767,654,161.0,280,112,100,262,119,273.0,213.0,0.428,0.401,0.171,0.153,0.182,0.78,4.06,vs LHB
220,Chase Silseth,681217,613,143.0,273,84,99,256,85,272.0,185.0,0.445,0.418,0.137,0.162,0.139,0.68,4.29,vs LHB
221,Chase Solesky,686678,15,4.0,7,3,3,5,3,7.0,6.0,0.467,0.333,0.2,0.2,0.2,0.857,3.75,vs LHB
222,Chayce McDermott,694646,200,47.0,82,30,37,88,28,84.0,67.0,0.41,0.44,0.15,0.185,0.14,0.798,4.26,vs LHB
223,Chris Bassitt,605135,2660,679.0,1166,482,486,1012,417,1231.0,972.0,0.438,0.38,0.181,0.183,0.157,0.79,3.92,vs LHB
224,Chris Devenski,606965,201,49.0,88,40,43,73,28,100.0,83.0,0.438,0.363,0.199,0.214,0.139,0.83,4.1,vs LHB
225,Chris Flexen,623167,289,77.0,113,63,46,113,43,133.0,110.0,0.391,0.391,0.218,0.159,0.149,0.827,3.75,vs LHB
226,Chris Martin,455119,348,90.0,162,65,66,121,58,169.0,131.0,0.466,0.348,0.187,0.19,0.167,0.775,3.87,vs LHB
227,Chris Murphy,669684,539,130.0,246,82,92,211,76,252.0,177.0,0.456,0.391,0.152,0.171,0.141,0.702,4.15,vs LHB
228,Chris Paddack,663978,1977,503.0,891,391,409,695,273,1009.0,803.0,0.451,0.352,0.198,0.207,0.138,0.796,3.93,vs LHB
229,Chris Roycroft,688297,472,126.0,201,90,100,181,62,229.0,190.0,0.426,0.383,0.191,0.212,0.131,0.83,3.75,vs LHB
230,Chris Sale,519242,1004,260.0,532,156,176,316,193,494.0,337.0,0.53,0.315,0.155,0.175,0.192,0.682,3.86,vs LHB
231,Chris Stratton,608717,202,49.0,90,32,33,80,37,85.0,65.0,0.446,0.396,0.158,0.163,0.183,0.765,4.12,vs LHB
232,Christian Koss,683766,25,12.0,8,12,3,5,4,16.0,15.0,0.32,0.2,0.48,0.12,0.16,0.938,2.08,vs LHB
233,Christian Montes De Oca,801216,21,4.0,10,3,4,8,3,10.0,7.0,0.476,0.381,0.143,0.19,0.143,0.7,5.25,vs LHB
234,Christian Roa,685005,118,30.0,39,19,17,60,12,46.0,36.0,0.331,0.508,0.161,0.144,0.102,0.783,3.93,vs LHB
235,Christian Scott,681035,1244,296.0,630,185,289,429,174,641.0,475.0,0.506,0.345,0.149,0.232,0.14,0.741,4.2,vs LHB
236,Cionel Perez,672335,528,130.0,263,87,109,178,85,265.0,196.0,0.498,0.337,0.165,0.206,0.161,0.74,4.06,vs LHB
237,Clarke Schmidt,657376,649,163.0,312,102,134,235,112,302.0,237.0,0.481,0.362,0.157,0.206,0.173,0.785,3.98,vs LHB
238,Clay Holmes,605280,2470,621.0,1076,436,409,958,433,1079.0,851.0,0.436,0.388,0.177,0.166,0.175,0.789,3.98,vs LHB
239,Clayton Beeter,690925,656,155.0,284,83,109,289,103,264.0,192.0,0.433,0.441,0.127,0.166,0.157,0.727,4.23,vs LHB
240,Clayton Kershaw,477132,360,94.0,155,70,53,135,64,161.0,124.0,0.431,0.375,0.194,0.147,0.178,0.77,3.83,vs LHB
241,Codi Heuer,676051,152,37.0,67,25,31,60,16,76.0,56.0,0.441,0.395,0.164,0.204,0.105,0.737,4.11,vs LHB
242,Cody Bolton,675989,225,55.0,92,36,39,97,39,89.0,75.0,0.409,0.431,0.16,0.173,0.173,0.843,4.09,vs LHB
243,Cody Bradford,674003,217,62.0,89,53,31,75,49,93.0,85.0,0.41,0.346,0.244,0.143,0.226,0.914,3.5,vs LHB
244,Cody Laweryson,689520,210,52.0,108,34,47,68,39,103.0,81.0,0.514,0.324,0.162,0.224,0.186,0.786,4.04,vs LHB
245,Cody Ponce,664074,24,6.0,14,4,6,6,1,17.0,10.0,0.583,0.25,0.167,0.25,0.042,0.588,4.0,vs LHB
246,Cody Poteet,547001,37,8.0,15,6,5,16,5,16.0,11.0,0.405,0.432,0.162,0.135,0.135,0.688,4.62,vs LHB
247,Cole Henry,669371,512,128.0,231,74,93,207,71,234.0,169.0,0.451,0.404,0.145,0.182,0.139,0.722,4.0,vs LHB
248,Cole Irvin,608344,27,10.0,11,8,6,8,3,16.0,14.0,0.407,0.296,0.296,0.222,0.111,0.875,2.7,vs LHB
249,Cole Ragans,666142,483,121.0,219,69,82,195,75,213.0,154.0,0.453,0.404,0.143,0.17,0.155,0.723,3.99,vs LHB
250,Cole Sands,663485,674,171.0,301,126,138,247,98,329.0,265.0,0.447,0.366,0.187,0.205,0.145,0.805,3.94,vs LHB
251,Cole Sulser,642121,680,172.0,309,122,126,249,81,350.0,253.0,0.454,0.366,0.179,0.185,0.119,0.723,3.95,vs LHB
252,Cole Wilcox,677961,267,71.0,133,45,40,89,50,128.0,85.0,0.498,0.333,0.169,0.15,0.187,0.664,3.76,vs LHB
253,Cole Winn,668390,619,154.0,266,103,108,250,96,273.0,211.0,0.43,0.404,0.166,0.174,0.155,0.773,4.02,vs LHB
254,Coleman Crow,689441,159,41.0,71,32,34,56,27,76.0,68.0,0.447,0.352,0.201,0.214,0.17,0.895,3.88,vs LHB
255,Colin Holderman,670059,649,159.0,291,102,114,256,96,297.0,218.0,0.448,0.394,0.157,0.176,0.148,0.734,4.08,vs LHB
256,Colin Poche,621363,137,28.0,58,16,23,63,25,49.0,40.0,0.423,0.46,0.117,0.168,0.182,0.816,4.89,vs LHB
257,Colin Rea,607067,2669,691.0,1183,495,459,991,476,1202.0,956.0,0.443,0.371,0.185,0.172,0.178,0.795,3.86,vs LHB
258,Colin Selby,681882,126,34.0,53,25,25,48,15,63.0,50.0,0.421,0.381,0.198,0.198,0.119,0.794,3.71,vs LHB
259,Collin Snider,676092,206,52.0,105,38,55,63,28,115.0,93.0,0.51,0.306,0.184,0.267,0.136,0.809,3.96,vs LHB
260,Colton Gordon,676467,437,114.0,201,85,74,151,92,194.0,161.0,0.46,0.346,0.195,0.169,0.211,0.83,3.83,vs LHB
261,Connelly Early,813349,490,129.0,254,77,94,159,91,240.0,172.0,0.518,0.324,0.157,0.192,0.186,0.717,3.8,vs LHB
262,Connor Brogdon,641401,566,130.0,257,95,113,214,72,279.0,209.0,0.454,0.378,0.168,0.2,0.127,0.749,4.35,vs LHB
263,Connor Gillispie,687362,251,66.0,115,44,40,92,49,110.0,85.0,0.458,0.367,0.175,0.159,0.195,0.773,3.8,vs LHB
264,Connor Phillips,683175,503,118.0,231,62,85,210,94,199.0,148.0,0.459,0.417,0.123,0.169,0.187,0.744,4.26,vs LHB
265,Connor Prielipp,687570,580,144.0,273,95,102,212,105,263.0,197.0,0.471,0.366,0.164,0.176,0.181,0.749,4.03,vs LHB
266,Connor Seabold,657756,379,89.0,177,64,93,138,59,182.0,157.0,0.467,0.364,0.169,0.245,0.156,0.863,4.26,vs LHB
267,Connor Thomas,671162,186,53.0,77,42,31,67,33,85.0,74.0,0.414,0.36,0.226,0.167,0.177,0.871,3.51,vs LHB
268,Cooper Criswell,681867,399,110.0,179,85,79,135,66,198.0,166.0,0.449,0.338,0.213,0.198,0.165,0.838,3.63,vs LHB
269,Cooper Hjerpe,687309,99,20.0,51,9,25,39,17,43.0,34.0,0.515,0.394,0.091,0.253,0.172,0.791,4.95,vs LHB
270,Cooper Hummel,669450,11,4.0,4,4,0,3,3,5.0,4.0,0.364,0.273,0.364,0.0,0.273,0.8,2.75,vs LHB
271,Corbin Burnes,669203,705,174.0,325,108,110,272,126,307.0,219.0,0.461,0.386,0.153,0.156,0.179,0.713,4.05,vs LHB
272,Corbin Martin,656686,213,54.0,93,35,32,85,38,90.0,67.0,0.437,0.399,0.164,0.15,0.178,0.744,3.94,vs LHB
273,Craig Kimbrel,518886,507,121.0,220,79,102,208,56,243.0,183.0,0.434,0.41,0.156,0.201,0.11,0.753,4.19,vs LHB
274,Craig Yoho,684974,419,108.0,192,73,73,154,76,189.0,147.0,0.458,0.368,0.174,0.174,0.181,0.778,3.88,vs LHB
275,Cristian Javier,664299,891,221.0,413,157,162,321,148,422.0,321.0,0.464,0.36,0.176,0.182,0.166,0.761,4.03,vs LHB
276,Cristian Mena,691441,55,14.0,26,7,10,22,6,27.0,17.0,0.473,0.4,0.127,0.182,0.109,0.63,3.93,vs LHB
277,Cristopher Sanchez,650911,1241,359.0,634,231,181,376,221,644.0,414.0,0.511,0.303,0.186,0.146,0.178,0.643,3.46,vs LHB
278,DJ Herz,687792,4,2.0,1,2,0,1,1,2.0,2.0,0.25,0.25,0.5,0.0,0.25,1.0,2.0,vs LHB
279,DL Hall,669084,640,161.0,295,92,101,253,114,273.0,195.0,0.461,0.395,0.144,0.158,0.178,0.714,3.98,vs LHB
280,Dan Altavilla,656186,227,66.0,105,42,43,80,27,120.0,85.0,0.463,0.352,0.185,0.189,0.119,0.708,3.44,vs LHB
281,Dane Dunning,641540,183,45.0,87,30,36,66,25,92.0,66.0,0.475,0.361,0.164,0.197,0.137,0.717,4.07,vs LHB
282,Daniel Duarte,650960,271,69.0,147,46,70,78,45,148.0,116.0,0.542,0.288,0.17,0.258,0.166,0.784,3.93,vs LHB
283,Daniel Espino,682982,116,28.0,58,14,22,44,14,58.0,36.0,0.5,0.379,0.121,0.19,0.121,0.621,4.14,vs LHB
284,Daniel Lynch IV,663738,856,244.0,371,175,123,310,144,402.0,302.0,0.433,0.362,0.204,0.144,0.168,0.751,3.51,vs LHB
285,Daniel Palencia,694037,687,162.0,328,98,139,261,90,336.0,239.0,0.477,0.38,0.143,0.202,0.131,0.711,4.24,vs LHB
286,Daniel Robert,642016,106,27.0,53,18,21,35,15,56.0,39.0,0.5,0.33,0.17,0.198,0.142,0.696,3.93,vs LHB
287,Danny Coulombe,543056,473,125.0,212,90,81,171,77,225.0,173.0,0.448,0.362,0.19,0.171,0.163,0.769,3.78,vs LHB
288,Danny Young,664849,196,48.0,81,25,15,90,44,62.0,41.0,0.413,0.459,0.128,0.077,0.224,0.661,4.08,vs LHB
289,Darren McCaughan,670766,16,5.0,9,4,3,3,5,8.0,7.0,0.562,0.188,0.25,0.188,0.312,0.875,3.2,vs LHB
290,Dauri Moreta,664294,125,30.0,64,17,26,44,18,63.0,43.0,0.512,0.352,0.136,0.208,0.144,0.683,4.17,vs LHB
291,David Bednar,670280,1124,268.0,577,171,221,376,193,555.0,393.0,0.513,0.335,0.152,0.197,0.172,0.708,4.19,vs LHB
292,David Festa,701581,444,114.0,209,75,99,160,49,235.0,174.0,0.471,0.36,0.169,0.223,0.11,0.74,3.89,vs LHB
293,David Morgan,688158,537,132.0,238,82,108,217,64,256.0,192.0,0.443,0.404,0.153,0.201,0.119,0.75,4.07,vs LHB
294,David Peterson,656849,1233,350.0,633,222,202,378,232,623.0,429.0,0.513,0.307,0.18,0.164,0.188,0.689,3.52,vs LHB
295,David Robertson,502085,142,35.0,64,22,23,56,26,60.0,47.0,0.451,0.394,0.155,0.162,0.183,0.783,4.06,vs LHB
296,David Sandlin,689818,324,87.0,146,61,60,117,56,151.0,121.0,0.451,0.361,0.188,0.185,0.173,0.801,3.72,vs LHB
297,Davis Daniel,669721,54,15.0,23,11,11,20,8,26.0,23.0,0.426,0.37,0.204,0.204,0.148,0.885,3.6,vs LHB
298,Davis Martin,663436,2612,661.0,1151,482,511,979,396,1237.0,996.0,0.441,0.375,0.185,0.196,0.152,0.805,3.95,vs LHB
299,Dax Fulton,690978,171,41.0,78,24,32,69,24,78.0,58.0,0.456,0.404,0.14,0.187,0.14,0.744,4.17,vs LHB
300,Daysbel Hernandez,678226,341,72.0,149,37,55,155,50,136.0,92.0,0.437,0.455,0.109,0.161,0.147,0.676,4.74,vs LHB
301,Dean Kremer,665152,2384,584.0,1097,424,448,863,356,1165.0,876.0,0.46,0.362,0.178,0.188,0.149,0.752,4.08,vs LHB
302,Dedniel Nunez,673380,195,53.0,83,37,32,75,22,98.0,69.0,0.426,0.385,0.19,0.164,0.113,0.704,3.68,vs LHB
303,Dennis Santana,642701,939,238.0,453,160,192,326,129,484.0,353.0,0.482,0.347,0.17,0.204,0.137,0.729,3.95,vs LHB
304,Derek Law,571882,78,18.0,30,14,15,34,10,34.0,29.0,0.385,0.436,0.179,0.192,0.128,0.853,4.33,vs LHB
305,Devin Williams,642207,895,214.0,442,126,173,327,120,448.0,300.0,0.494,0.365,0.141,0.193,0.134,0.67,4.18,vs LHB
306,Didier Fuentes,800311,839,192.0,432,118,191,289,111,439.0,309.0,0.515,0.344,0.141,0.228,0.132,0.704,4.37,vs LHB
307,Dietrich Enns,608650,404,104.0,197,70,72,137,72,195.0,143.0,0.488,0.339,0.173,0.178,0.178,0.733,3.88,vs LHB
308,Dillon Tate,622253,61,15.0,21,8,13,32,6,23.0,21.0,0.344,0.525,0.131,0.213,0.098,0.913,4.07,vs LHB
309,Dom Hamel,687589,4,2.0,1,2,1,1,0,3.0,3.0,0.25,0.25,0.5,0.25,0.0,1.0,2.0,vs LHB
310,Domingo Gonzalez,682445,47,12.0,16,8,7,23,7,17.0,15.0,0.34,0.489,0.17,0.149,0.149,0.882,3.92,vs LHB
311,Doug Nikhazy,680951,49,10.0,25,5,8,19,8,22.0,13.0,0.51,0.388,0.102,0.163,0.163,0.591,4.9,vs LHB
312,Drew Anderson,623454,950,248.0,467,172,204,311,150,489.0,377.0,0.492,0.327,0.181,0.215,0.158,0.771,3.83,vs LHB
313,Drew Pomeranz,519141,515,138.0,265,89,118,161,71,283.0,208.0,0.515,0.313,0.173,0.229,0.138,0.735,3.73,vs LHB
314,Drew Rasmussen,656876,2930,713.0,1452,475,622,1003,474,1453.0,1098.0,0.496,0.342,0.162,0.212,0.162,0.756,4.11,vs LHB
315,Drew Rom,680723,140,34.0,65,20,20,55,29,56.0,42.0,0.464,0.393,0.143,0.143,0.207,0.75,4.12,vs LHB
316,Drew Sommers,805427,342,94.0,190,55,60,97,76,169.0,120.0,0.556,0.284,0.161,0.175,0.222,0.71,3.64,vs LHB
317,Drey Jameson,686753,216,55.0,88,38,35,90,30,96.0,73.0,0.407,0.417,0.176,0.162,0.139,0.76,3.93,vs LHB
318,Dugan Darnell,699911,77,21.0,29,15,12,33,11,33.0,27.0,0.377,0.429,0.195,0.156,0.143,0.818,3.67,vs LHB
319,Duncan Davitt,701474,45,13.0,17,10,7,18,4,23.0,17.0,0.378,0.4,0.222,0.156,0.089,0.739,3.46,vs LHB
320,Dustin May,669160,2720,694.0,1260,442,499,1018,477,1225.0,952.0,0.463,0.374,0.162,0.183,0.175,0.777,3.92,vs LHB
321,Dylan Cease,656302,3239,749.0,1575,413,596,1251,478,1510.0,1015.0,0.486,0.386,0.128,0.184,0.148,0.672,4.32,vs LHB
322,Dylan Dodd,689266,526,128.0,241,84,87,201,70,255.0,171.0,0.458,0.382,0.16,0.165,0.133,0.671,4.11,vs LHB
323,Dylan Lee,669276,890,221.0,450,142,148,298,133,458.0,294.0,0.506,0.335,0.16,0.166,0.149,0.642,4.03,vs LHB
324,Dylan Moore,664238,8,3.0,2,3,2,3,0,5.0,5.0,0.25,0.375,0.375,0.25,0.0,1.0,2.67,vs LHB
325,Dylan Ross,697811,2,1.0,0,1,0,1,0,1.0,1.0,0.0,0.5,0.5,0.0,0.0,1.0,2.0,vs LHB
326,Dylan Smith,681916,373,90.0,174,57,80,142,49,182.0,137.0,0.466,0.381,0.153,0.214,0.131,0.753,4.14,vs LHB
327,Easton Lucas,687922,134,27.0,67,13,31,54,15,65.0,44.0,0.5,0.403,0.097,0.231,0.112,0.677,4.96,vs LHB
328,Easton McGee,668834,219,62.0,103,46,54,70,27,122.0,100.0,0.47,0.32,0.21,0.247,0.123,0.82,3.53,vs LHB
329,Eddy Yean,678868,91,24.0,42,20,18,29,17,45.0,39.0,0.462,0.319,0.22,0.198,0.187,0.867,3.79,vs LHB
330,Edgardo Henriquez,683618,567,135.0,281,75,118,211,73,282.0,196.0,0.496,0.372,0.132,0.208,0.129,0.695,4.2,vs LHB
331,Eduard Bazardo,660825,1117,279.0,541,179,196,397,244,476.0,376.0,0.484,0.355,0.16,0.175,0.218,0.79,4.0,vs LHB
332,Eduardo Rivera,700842,93,20.0,41,10,16,42,11,40.0,26.0,0.441,0.452,0.108,0.172,0.118,0.65,4.65,vs LHB
333,Eduardo Rodriguez,593958,1447,378.0,626,284,245,537,238,672.0,536.0,0.433,0.371,0.196,0.169,0.164,0.798,3.83,vs LHB
334,Eduardo Salazar,674285,265,68.0,111,52,51,102,44,119.0,103.0,0.419,0.385,0.196,0.192,0.166,0.866,3.9,vs LHB
335,Eduarniel Nunez,674384,104,27.0,47,16,18,41,16,47.0,34.0,0.452,0.394,0.154,0.173,0.154,0.723,3.85,vs LHB
336,Edward Cabrera,665795,2006,517.0,877,347,322,782,324,900.0,673.0,0.437,0.39,0.173,0.161,0.162,0.748,3.88,vs LHB
337,Edwin Diaz,621242,805,189.0,411,97,150,297,124,384.0,247.0,0.511,0.369,0.12,0.186,0.154,0.643,4.26,vs LHB
338,Edwin Uceta,670955,540,142.0,266,82,100,192,52,296.0,185.0,0.493,0.356,0.152,0.185,0.096,0.625,3.8,vs LHB
339,Eiberson Castellano,682769,16,6.0,5,6,2,5,1,10.0,8.0,0.312,0.312,0.375,0.125,0.062,0.8,2.67,vs LHB
340,Eli Morgan,669212,240,65.0,113,47,44,80,42,118.0,91.0,0.471,0.333,0.196,0.183,0.175,0.771,3.69,vs LHB
341,Elieser Hernandez,622694,112,27.0,49,18,19,45,19,48.0,37.0,0.438,0.402,0.161,0.17,0.17,0.771,4.15,vs LHB
342,Elmer Rodriguez,695684,227,54.0,90,32,30,105,36,86.0,63.0,0.396,0.463,0.141,0.132,0.159,0.733,4.2,vs LHB
343,Elvin Rodriguez,660730,123,31.0,58,22,24,43,17,63.0,46.0,0.472,0.35,0.179,0.195,0.138,0.73,3.97,vs LHB
344,Elvis Alvarado,665660,830,181.0,403,100,160,327,102,401.0,260.0,0.486,0.394,0.12,0.193,0.123,0.648,4.59,vs LHB
345,Elvis Peguero,665625,69,19.0,31,11,10,27,8,34.0,21.0,0.449,0.391,0.159,0.145,0.116,0.618,3.63,vs LHB
346,Emerson Hancock,676106,2089,526.0,947,366,432,776,275,1038.0,809.0,0.453,0.371,0.175,0.207,0.132,0.779,3.97,vs LHB
347,Emiliano Teodo,693713,31,7.0,13,4,6,14,6,11.0,10.0,0.419,0.452,0.129,0.194,0.194,0.909,4.43,vs LHB
348,Emilio Pagan,641941,937,224.0,461,133,197,343,118,476.0,330.0,0.492,0.366,0.142,0.21,0.126,0.693,4.18,vs LHB
349,Emmanuel Clase,661403,314,86.0,155,66,65,93,50,171.0,132.0,0.494,0.296,0.21,0.207,0.159,0.772,3.65,vs LHB
350,Emmanuel Rivera,656896,16,4.0,5,3,2,8,3,5.0,5.0,0.312,0.5,0.188,0.125,0.188,1.0,4.0,vs LHB
351,Emmet Sheehan,686218,1537,364.0,752,228,305,557,230,750.0,538.0,0.489,0.362,0.148,0.198,0.15,0.717,4.22,vs LHB
352,Enmanuel De Jesus,646241,291,82.0,139,61,50,91,57,143.0,113.0,0.478,0.313,0.21,0.172,0.196,0.79,3.55,vs LHB
353,Enrique Hernandez,571771,63,19.0,16,15,8,32,8,23.0,23.0,0.254,0.508,0.238,0.127,0.127,1.0,3.32,vs LHB
354,Enyel De Los Santos,660853,1009,263.0,462,202,202,345,127,537.0,406.0,0.458,0.342,0.2,0.2,0.126,0.756,3.84,vs LHB
355,Erasmo Ramirez,541640,97,24.0,42,19,20,36,15,46.0,39.0,0.433,0.371,0.196,0.206,0.155,0.848,4.04,vs LHB
356,Eric Cerantola,672021,89,19.0,36,5,8,48,15,26.0,13.0,0.404,0.539,0.056,0.09,0.169,0.5,4.68,vs LHB
357,Eric Lauer,641778,863,239.0,422,173,164,268,156,439.0,339.0,0.489,0.311,0.2,0.19,0.181,0.772,3.61,vs LHB
358,Eric Orze,679358,713,197.0,315,142,110,256,124,333.0,255.0,0.442,0.359,0.199,0.154,0.174,0.766,3.62,vs LHB
359,Erick Fedde,607200,2583,639.0,1030,479,418,1074,425,1084.0,902.0,0.399,0.416,0.185,0.162,0.165,0.832,4.04,vs LHB
360,Erik Miller,669062,572,143.0,263,83,71,226,105,241.0,156.0,0.46,0.395,0.145,0.124,0.184,0.647,4.0,vs LHB
361,Erik Sabrowski,681870,459,126.0,234,68,86,157,73,229.0,159.0,0.51,0.342,0.148,0.187,0.159,0.694,3.64,vs LHB
362,Erik Swanson,657024,66,13.0,26,10,15,30,8,28.0,25.0,0.394,0.455,0.152,0.227,0.121,0.893,5.08,vs LHB
363,Erik Tolman,680899,83,21.0,44,12,14,27,19,37.0,26.0,0.53,0.325,0.145,0.169,0.229,0.703,3.95,vs LHB
364,Ethan Pecko,814490,312,73.0,128,54,55,130,45,137.0,109.0,0.41,0.417,0.173,0.176,0.144,0.796,4.27,vs LHB
365,Ethan Roberts,681799,246,64.0,103,43,43,100,40,105.0,86.0,0.419,0.407,0.175,0.175,0.163,0.819,3.84,vs LHB
366,Eury Perez,691587,2476,567.0,1227,342,544,907,301,1268.0,893.0,0.496,0.366,0.138,0.22,0.122,0.704,4.37,vs LHB
367,Evan Phillips,623465,210,48.0,98,29,36,83,36,91.0,65.0,0.467,0.395,0.138,0.171,0.171,0.714,4.38,vs LHB
368,Evan Sisk,681895,553,128.0,246,63,78,244,98,210.0,144.0,0.445,0.441,0.114,0.141,0.177,0.686,4.32,vs LHB
369,Ezequiel Duran,677649,6,3.0,1,3,0,2,1,3.0,3.0,0.167,0.333,0.5,0.0,0.167,1.0,2.0,vs LHB
370,Felix Bautista,642585,332,76.0,156,40,59,136,43,153.0,100.0,0.47,0.41,0.12,0.178,0.13,0.654,4.37,vs LHB
371,Fernando Cruz,518585,820,201.0,374,118,95,328,150,341.0,215.0,0.456,0.4,0.144,0.116,0.183,0.63,4.08,vs LHB
372,Forrest Whitley,666215,165,37.0,79,19,37,67,20,78.0,56.0,0.479,0.406,0.115,0.224,0.121,0.718,4.46,vs LHB
373,Foster Griffin,656492,732,188.0,366,118,134,248,142,341.0,254.0,0.5,0.339,0.161,0.183,0.194,0.745,3.89,vs LHB
374,Framber Valdez,664285,1134,322.0,529,221,182,384,200,549.0,405.0,0.466,0.339,0.195,0.16,0.176,0.738,3.52,vs LHB
375,Franco Aleman,680916,192,48.0,94,30,37,68,29,95.0,67.0,0.49,0.354,0.156,0.193,0.151,0.705,4.0,vs LHB
376,Frankie Montas,593423,339,89.0,148,68,67,123,44,172.0,135.0,0.437,0.363,0.201,0.198,0.13,0.785,3.81,vs LHB
377,Fraser Ellard,686642,162,35.0,73,13,26,76,23,63.0,39.0,0.451,0.469,0.08,0.16,0.142,0.619,4.63,vs LHB
378,Freddy Peralta,642547,3374,818.0,1500,547,595,1327,468,1579.0,1151.0,0.445,0.393,0.162,0.176,0.139,0.729,4.12,vs LHB
379,Freddy Tarnok,676206,85,19.0,41,8,13,36,22,27.0,21.0,0.482,0.424,0.094,0.153,0.259,0.778,4.47,vs LHB
380,Gabe Speier,642100,756,199.0,401,125,148,230,141,385.0,276.0,0.53,0.304,0.165,0.196,0.187,0.717,3.8,vs LHB
381,Gabriel Hughes,687312,769,186.0,347,139,148,283,130,356.0,288.0,0.451,0.368,0.181,0.192,0.169,0.809,4.13,vs LHB
382,Gage Jump,695611,451,117.0,209,76,88,166,72,213.0,164.0,0.463,0.368,0.169,0.195,0.16,0.77,3.85,vs LHB
383,Garrett Acton,670183,111,26.0,50,12,14,49,15,47.0,26.0,0.45,0.441,0.108,0.126,0.135,0.553,4.27,vs LHB
384,Garrett Cleavinger,664076,555,157.0,278,88,81,189,112,254.0,172.0,0.501,0.341,0.159,0.146,0.202,0.677,3.54,vs LHB
385,Garrett Crochet,676979,618,171.0,313,111,116,194,100,324.0,230.0,0.506,0.314,0.18,0.188,0.162,0.71,3.61,vs LHB
386,Garrett Hampson,641658,1,1.0,0,1,0,0,0,1.0,1.0,0.0,0.0,1.0,0.0,0.0,1.0,1.0,vs LHB
387,Garrett McDaniels,680729,75,19.0,33,11,10,31,14,30.0,21.0,0.44,0.413,0.147,0.133,0.187,0.7,3.95,vs LHB
388,Garrett Stallings,668831,96,24.0,38,20,15,38,15,43.0,36.0,0.396,0.396,0.208,0.156,0.156,0.837,4.0,vs LHB
389,Garrett Stubbs,596117,26,13.0,8,13,4,5,3,18.0,17.0,0.308,0.192,0.5,0.154,0.115,0.944,2.0,vs LHB
390,Garrett Whitlock,676477,958,242.0,516,151,214,291,124,543.0,366.0,0.539,0.304,0.158,0.223,0.129,0.674,3.96,vs LHB
391,Gary Sanchez,596142,13,4.0,2,4,1,7,1,5.0,5.0,0.154,0.538,0.308,0.077,0.077,1.0,3.25,vs LHB
392,Gavin Collyer,686560,231,49.0,102,27,38,102,38,91.0,65.0,0.442,0.442,0.117,0.165,0.165,0.714,4.71,vs LHB
393,Gavin Hollowell,668970,153,41.0,72,28,24,53,27,73.0,52.0,0.471,0.346,0.183,0.157,0.176,0.712,3.73,vs LHB
394,Gavin Williams,668909,3264,796.0,1656,465,641,1143,542,1579.0,1107.0,0.507,0.35,0.142,0.196,0.166,0.701,4.1,vs LHB
395,Genesis Cabrera,650893,295,78.0,128,55,42,112,50,133.0,98.0,0.434,0.38,0.186,0.142,0.169,0.737,3.78,vs LHB
396,Geoff Hartlieb,664129,239,62.0,104,38,54,97,29,113.0,93.0,0.435,0.406,0.159,0.226,0.121,0.823,3.85,vs LHB
397,George Kirby,669923,2607,663.0,1198,468,508,941,386,1280.0,980.0,0.46,0.361,0.18,0.195,0.148,0.766,3.93,vs LHB
398,George Klassen,691946,276,74.0,120,51,40,105,36,135.0,91.0,0.435,0.38,0.185,0.145,0.13,0.674,3.73,vs LHB
399,George Soriano,666277,983,240.0,486,157,191,340,151,491.0,350.0,0.494,0.346,0.16,0.194,0.154,0.713,4.1,vs LHB
400,Gerardo Carrillo,672629,225,55.0,98,29,39,98,36,91.0,68.0,0.436,0.436,0.129,0.173,0.16,0.747,4.09,vs LHB
401,German Marquez,608566,1661,438.0,690,319,310,652,243,766.0,634.0,0.415,0.393,0.192,0.187,0.146,0.828,3.79,vs LHB
402,Gerrit Cole,543037,1170,298.0,602,198,250,370,214,585.0,450.0,0.515,0.316,0.169,0.214,0.183,0.769,3.93,vs LHB
403,Gerson Garabito,642520,68,22.0,30,15,5,23,12,33.0,20.0,0.441,0.338,0.221,0.074,0.176,0.606,3.09,vs LHB
404,Gordon Graceffo,700669,891,230.0,387,163,154,341,146,404.0,320.0,0.434,0.383,0.183,0.173,0.164,0.792,3.87,vs LHB
405,Graham Ashcraft,668933,778,201.0,366,128,129,284,126,368.0,260.0,0.47,0.365,0.165,0.166,0.162,0.707,3.87,vs LHB
406,Grant Anderson,681982,817,193.0,390,121,171,306,95,416.0,293.0,0.477,0.375,0.148,0.209,0.116,0.704,4.23,vs LHB
407,Grant Holman,680880,167,45.0,68,34,27,65,17,85.0,64.0,0.407,0.389,0.204,0.162,0.102,0.753,3.71,vs LHB
408,Grant Holmes,656550,2344,613.0,1010,431,380,903,343,1097.0,816.0,0.431,0.385,0.184,0.162,0.146,0.744,3.82,vs LHB
409,Grant Taylor,691799,1019,260.0,518,148,169,353,214,452.0,318.0,0.508,0.346,0.145,0.166,0.21,0.704,3.92,vs LHB
410,Grant Wolfram,664991,681,170.0,338,107,131,236,125,320.0,242.0,0.496,0.347,0.157,0.192,0.184,0.756,4.01,vs LHB
411,Grayson Rodriguez,680570,1022,247.0,480,173,203,369,159,494.0,377.0,0.47,0.361,0.169,0.199,0.156,0.763,4.14,vs LHB
412,Greg Weissert,669711,830,202.0,373,142,167,315,107,408.0,310.0,0.449,0.38,0.171,0.201,0.129,0.76,4.11,vs LHB
413,Gregory Santos,666619,89,21.0,33,15,16,41,17,31.0,31.0,0.371,0.461,0.169,0.18,0.191,1.0,4.24,vs LHB
414,Gregory Soto,642397,811,216.0,370,133,115,308,158,345.0,250.0,0.456,0.38,0.164,0.142,0.195,0.725,3.75,vs LHB
415,Griffin Canning,656288,1579,393.0,700,261,286,618,225,736.0,549.0,0.443,0.391,0.165,0.181,0.142,0.746,4.02,vs LHB
416,Griffin Jax,643377,1584,413.0,776,263,241,545,256,783.0,508.0,0.49,0.344,0.166,0.152,0.162,0.649,3.84,vs LHB
417,Guillo Zuniga,670871,13,3.0,6,1,3,6,2,5.0,4.0,0.462,0.462,0.077,0.231,0.154,0.8,4.33,vs LHB
418,Gunnar Hoglund,680684,301,69.0,145,52,62,104,49,148.0,114.0,0.482,0.346,0.173,0.206,0.163,0.77,4.36,vs LHB
419,Gus Varland,681402,282,71.0,144,45,53,93,50,139.0,102.0,0.511,0.33,0.16,0.188,0.177,0.734,3.97,vs LHB
420,Hagen Smith,696146,124,33.0,56,21,15,47,25,52.0,36.0,0.452,0.379,0.169,0.121,0.202,0.692,3.76,vs LHB
421,Hancel Rincon,684516,28,6.0,12,4,6,12,3,13.0,11.0,0.429,0.429,0.143,0.214,0.107,0.846,4.67,vs LHB
422,Hayden Birdsong,806185,614,146.0,257,91,97,266,96,252.0,189.0,0.419,0.433,0.148,0.158,0.156,0.75,4.21,vs LHB
423,Hayden Harris,802686,5,2.0,1,2,0,2,1,2.0,2.0,0.2,0.4,0.4,0.0,0.2,1.0,2.5,vs LHB
424,Hayden Juenger,696522,120,32.0,43,25,17,52,19,49.0,42.0,0.358,0.433,0.208,0.142,0.158,0.857,3.75,vs LHB
425,Hayden Wesneski,669713,702,182.0,323,134,135,245,109,348.0,269.0,0.46,0.349,0.191,0.192,0.155,0.773,3.86,vs LHB
426,Hector Neris,593576,285,66.0,137,38,51,110,44,131.0,89.0,0.481,0.386,0.133,0.179,0.154,0.679,4.32,vs LHB
427,Hoby Milner,571948,796,205.0,387,161,154,248,174,374.0,317.0,0.486,0.312,0.202,0.193,0.219,0.848,3.88,vs LHB
428,Hogan Harris,663687,974,228.0,453,142,146,379,195,400.0,290.0,0.465,0.389,0.146,0.15,0.2,0.725,4.27,vs LHB
429,Huascar Brazoban,623211,897,228.0,377,157,142,363,138,396.0,303.0,0.42,0.405,0.175,0.158,0.154,0.765,3.93,vs LHB
430,Hunter Barco,682995,106,28.0,49,19,20,38,19,49.0,40.0,0.462,0.358,0.179,0.189,0.179,0.816,3.79,vs LHB
431,Hunter Bigge,685801,237,62.0,108,41,40,88,33,116.0,82.0,0.456,0.371,0.173,0.169,0.139,0.707,3.82,vs LHB
432,Hunter Brown,686613,2715,626.0,1263,358,448,1094,438,1183.0,811.0,0.465,0.403,0.132,0.165,0.161,0.686,4.34,vs LHB
433,Hunter Dobbins,690928,983,254.0,430,186,166,367,172,444.0,354.0,0.437,0.373,0.189,0.169,0.175,0.797,3.87,vs LHB
434,Hunter Gaddis,683769,943,232.0,455,144,174,344,131,468.0,321.0,0.483,0.365,0.153,0.185,0.139,0.686,4.06,vs LHB
435,Hunter Greene,668881,1162,281.0,616,165,251,381,175,606.0,417.0,0.53,0.328,0.142,0.216,0.151,0.688,4.14,vs LHB
436,Hunter Harvey,640451,134,30.0,66,20,23,48,26,60.0,44.0,0.493,0.358,0.149,0.172,0.194,0.733,4.47,vs LHB
437,Hunter Stratton,676702,181,50.0,95,36,43,50,32,99.0,79.0,0.525,0.276,0.199,0.238,0.177,0.798,3.62,vs LHB
438,Hunter Strickland,519326,147,42.0,61,33,28,53,21,73.0,61.0,0.415,0.361,0.224,0.19,0.143,0.836,3.5,vs LHB
439,Hurston Waldrep,694462,646,157.0,276,101,97,269,103,274.0,198.0,0.427,0.416,0.156,0.15,0.159,0.723,4.11,vs LHB
440,Ian Anderson,666120,68,16.0,34,12,18,22,7,39.0,30.0,0.5,0.324,0.176,0.265,0.103,0.769,4.25,vs LHB
441,Ian Gibaut,664139,176,48.0,70,37,28,69,27,80.0,66.0,0.398,0.392,0.21,0.159,0.153,0.825,3.67,vs LHB
442,Ian Hamilton,641656,299,76.0,144,55,75,100,39,160.0,131.0,0.482,0.334,0.184,0.251,0.13,0.819,3.93,vs LHB
443,Ian Seymour,693855,990,258.0,513,171,201,306,167,517.0,373.0,0.518,0.309,0.173,0.203,0.169,0.721,3.84,vs LHB
444,Ildemaro Vargas,545121,16,8.0,1,7,0,8,1,7.0,7.0,0.062,0.5,0.438,0.0,0.062,1.0,2.0,vs LHB
445,Isaac Mattson,676755,780,183.0,372,123,181,285,110,385.0,305.0,0.477,0.365,0.158,0.232,0.141,0.792,4.26,vs LHB
446,Isaiah Campbell,663462,42,12.0,19,11,7,12,8,22.0,18.0,0.452,0.286,0.262,0.167,0.19,0.818,3.5,vs LHB
447,Isiah Kiner-Falefa,643396,6,1.0,2,1,1,3,1,2.0,2.0,0.333,0.5,0.167,0.167,0.167,1.0,6.0,vs LHB
448,J.P. Feyereisen,656420,32,8.0,14,6,6,12,3,17.0,12.0,0.438,0.375,0.188,0.188,0.094,0.706,4.0,vs LHB
449,J.P. France,641585,95,24.0,38,15,19,42,13,40.0,34.0,0.4,0.442,0.158,0.2,0.137,0.85,3.96,vs LHB
450,J.T. Ginn,669372,1992,526.0,794,356,267,842,293,857.0,628.0,0.399,0.423,0.179,0.134,0.147,0.733,3.79,vs LHB
451,JP Sears,676664,527,143.0,238,103,81,186,85,256.0,184.0,0.452,0.353,0.195,0.154,0.161,0.719,3.69,vs LHB
452,JR Ritchie,702275,735,178.0,314,104,126,317,111,307.0,231.0,0.427,0.431,0.141,0.171,0.151,0.752,4.13,vs LHB
453,JT Brubaker,664141,725,178.0,310,126,135,289,113,323.0,264.0,0.428,0.399,0.174,0.186,0.156,0.817,4.07,vs LHB
454,Jack Anderson,681252,97,23.0,53,13,22,31,17,49.0,35.0,0.546,0.32,0.134,0.227,0.175,0.714,4.22,vs LHB
455,Jack Dreyer,676263,800,216.0,363,152,143,285,122,393.0,302.0,0.454,0.356,0.19,0.179,0.152,0.768,3.7,vs LHB
456,Jack Flaherty,656427,2404,573.0,1107,360,422,937,413,1054.0,786.0,0.46,0.39,0.15,0.176,0.172,0.746,4.2,vs LHB
457,Jack Kochanowicz,686799,1727,459.0,731,332,318,664,244,819.0,651.0,0.423,0.384,0.192,0.184,0.141,0.795,3.76,vs LHB
458,Jack Leiter,683004,2116,528.0,982,348,420,786,318,1012.0,769.0,0.464,0.371,0.164,0.198,0.15,0.76,4.01,vs LHB
459,Jack Little,669193,12,5.0,5,5,2,2,2,8.0,7.0,0.417,0.167,0.417,0.167,0.167,0.875,2.4,vs LHB
460,Jack Perkins,678022,1513,368.0,715,226,286,572,246,695.0,515.0,0.473,0.378,0.149,0.189,0.163,0.741,4.11,vs LHB
461,Jack Ralston,667652,161,41.0,67,28,14,66,40,55.0,44.0,0.416,0.41,0.174,0.087,0.248,0.8,3.93,vs LHB
462,Jack Sinclair,695378,55,15.0,23,11,12,21,8,26.0,23.0,0.418,0.382,0.2,0.218,0.145,0.885,3.67,vs LHB
463,Jack Weisenburger,674073,98,23.0,52,14,27,32,12,54.0,41.0,0.531,0.327,0.143,0.276,0.122,0.759,4.26,vs LHB
464,Jackson Jobe,695549,918,228.0,422,153,166,343,151,424.0,321.0,0.46,0.374,0.167,0.181,0.164,0.757,4.03,vs LHB
465,Jackson Kent,800600,160,44.0,73,30,29,57,29,74.0,59.0,0.456,0.356,0.188,0.181,0.181,0.797,3.64,vs LHB
466,Jackson Kowar,663804,168,43.0,72,30,32,66,22,80.0,62.0,0.429,0.393,0.179,0.19,0.131,0.775,3.91,vs LHB
467,Jackson Rutledge,671131,597,149.0,247,113,113,237,69,291.0,226.0,0.414,0.397,0.189,0.189,0.116,0.777,4.01,vs LHB
468,Jacob Amaya,676070,1,1.0,0,1,0,0,0,1.0,1.0,0.0,0.0,1.0,0.0,0.0,1.0,1.0,vs LHB
469,Jacob Barnes,606930,66,14.0,27,9,10,30,11,25.0,19.0,0.409,0.455,0.136,0.152,0.167,0.76,4.71,vs LHB
470,Jacob Latz,656641,799,208.0,382,151,146,266,129,404.0,302.0,0.478,0.333,0.189,0.183,0.161,0.748,3.84,vs LHB
471,Jacob Lopez,682052,937,227.0,456,147,166,334,188,415.0,316.0,0.487,0.356,0.157,0.177,0.201,0.761,4.13,vs LHB
472,Jacob Misiorowski,694819,2085,497.0,1162,235,407,688,301,1095.0,649.0,0.557,0.33,0.113,0.195,0.144,0.593,4.2,vs LHB
473,Jacob Stallings,607732,19,6.0,7,6,6,6,1,12.0,12.0,0.368,0.316,0.316,0.316,0.053,1.0,3.17,vs LHB
474,Jacob Waguespack,621097,284,80.0,126,57,38,101,52,131.0,97.0,0.444,0.356,0.201,0.134,0.183,0.74,3.55,vs LHB
475,Jacob Webb,657097,1125,284.0,556,193,194,376,173,576.0,387.0,0.494,0.334,0.172,0.172,0.154,0.672,3.96,vs LHB
476,Jacob deGrom,594798,2961,717.0,1466,446,554,1049,440,1472.0,1002.0,0.495,0.354,0.151,0.187,0.149,0.681,4.13,vs LHB
477,Jaden Hill,677955,602,155.0,273,100,120,229,87,286.0,220.0,0.453,0.38,0.166,0.199,0.145,0.769,3.88,vs LHB
478,Jake Bauers,641343,30,10.0,6,6,4,18,2,10.0,10.0,0.2,0.6,0.2,0.133,0.067,1.0,3.0,vs LHB
479,Jake Bennett,687562,401,109.0,195,71,74,135,72,194.0,147.0,0.486,0.337,0.177,0.185,0.18,0.758,3.68,vs LHB
480,Jake Bird,656234,659,166.0,324,108,115,227,135,297.0,225.0,0.492,0.344,0.164,0.175,0.205,0.758,3.97,vs LHB
481,Jake Eder,671109,111,38.0,45,30,14,36,17,58.0,44.0,0.405,0.324,0.27,0.126,0.153,0.759,2.92,vs LHB
482,Jake Irvin,663623,2727,717.0,1207,512,492,1008,450,1269.0,1008.0,0.443,0.37,0.188,0.18,0.165,0.794,3.8,vs LHB
483,Jake Meyers,676694,7,2.0,1,2,0,4,1,2.0,2.0,0.143,0.571,0.286,0.0,0.143,1.0,3.5,vs LHB
484,Jake Palisch,669449,5,1.0,2,1,1,2,1,2.0,2.0,0.4,0.4,0.2,0.2,0.2,1.0,5.0,vs LHB
485,Jake Rogers,668670,45,14.0,12,12,3,21,9,15.0,15.0,0.267,0.467,0.267,0.067,0.2,1.0,3.21,vs LHB
486,Jake Woodford,663765,403,107.0,161,86,70,156,60,187.0,156.0,0.4,0.387,0.213,0.174,0.149,0.834,3.77,vs LHB
487,Jakob Junis,596001,842,220.0,361,170,137,311,164,367.0,307.0,0.429,0.369,0.202,0.163,0.195,0.837,3.83,vs LHB
488,Jalen Beeks,656222,573,145.0,271,98,111,204,83,286.0,212.0,0.473,0.356,0.171,0.194,0.145,0.741,3.95,vs LHB
489,James Karinchak,675916,61,13.0,28,8,7,25,14,22.0,15.0,0.459,0.41,0.131,0.115,0.23,0.682,4.69,vs LHB
490,James McCann,543510,48,15.0,12,12,5,24,5,19.0,17.0,0.25,0.5,0.25,0.104,0.104,0.895,3.2,vs LHB
491,Jameson Taillon,592791,1886,455.0,847,317,303,722,348,816.0,627.0,0.449,0.383,0.168,0.161,0.185,0.768,4.15,vs LHB
492,Janson Junk,676083,2094,551.0,962,422,424,710,368,1014.0,846.0,0.459,0.339,0.202,0.202,0.176,0.834,3.8,vs LHB
493,Jared Jones,683003,957,236.0,457,142,164,358,138,461.0,308.0,0.478,0.374,0.148,0.171,0.144,0.668,4.06,vs LHB
494,Jared Koenig,657649,469,121.0,220,81,78,168,96,205.0,161.0,0.469,0.358,0.173,0.166,0.205,0.785,3.88,vs LHB
495,Jared Shuster,694363,168,49.0,68,40,31,60,23,85.0,72.0,0.405,0.357,0.238,0.185,0.137,0.847,3.43,vs LHB
496,Jared Simpson,688692,31,8.0,13,4,5,14,7,10.0,9.0,0.419,0.452,0.129,0.161,0.226,0.9,3.88,vs LHB
497,Jared Triolo,669707,3,2.0,0,2,0,1,0,2.0,2.0,0.0,0.333,0.667,0.0,0.0,1.0,1.5,vs LHB
498,Jared Young,676724,7,2.0,2,2,0,3,1,3.0,2.0,0.286,0.429,0.286,0.0,0.143,0.667,3.5,vs LHB
499,Jason Adam,592094,807,192.0,377,129,139,301,106,400.0,271.0,0.467,0.373,0.16,0.172,0.131,0.678,4.2,vs LHB
500,Jason Alexander,669920,880,229.0,363,169,125,348,160,372.0,294.0,0.412,0.395,0.192,0.142,0.182,0.79,3.84,vs LHB
501,Jason Foley,671345,213,55.0,72,43,36,98,22,93.0,79.0,0.338,0.46,0.202,0.169,0.103,0.849,3.87,vs LHB
502,Javier Assad,665871,1037,255.0,467,187,207,383,178,476.0,395.0,0.45,0.369,0.18,0.2,0.172,0.83,4.07,vs LHB
503,Javier Sanoja,691594,118,36.0,43,31,29,44,8,66.0,60.0,0.364,0.373,0.263,0.246,0.068,0.909,3.28,vs LHB
504,Jayden Murray,681151,289,72.0,137,52,62,100,33,156.0,115.0,0.474,0.346,0.18,0.215,0.114,0.737,4.01,vs LHB
505,Jayvien Sandridge,682144,18,3.0,9,0,4,9,3,6.0,4.0,0.5,0.5,0.0,0.222,0.167,0.667,6.0,vs LHB
506,Jedixson Paez,699151,103,28.0,41,22,18,40,11,52.0,41.0,0.398,0.388,0.214,0.175,0.107,0.788,3.68,vs LHB
507,Jeff Brigham,656257,56,16.0,23,12,13,21,7,28.0,25.0,0.411,0.375,0.214,0.232,0.125,0.893,3.5,vs LHB
508,Jeff Criswell,676105,30,7.0,11,4,6,15,2,13.0,10.0,0.367,0.5,0.133,0.2,0.067,0.769,4.29,vs LHB
509,Jeff Hoffman,656546,1218,294.0,611,166,230,441,171,606.0,397.0,0.502,0.362,0.136,0.189,0.14,0.655,4.14,vs LHB
510,Jeffrey Springs,605488,1255,329.0,537,244,211,474,220,561.0,461.0,0.428,0.378,0.194,0.168,0.175,0.822,3.81,vs LHB
511,Jefry Yan,642376,146,37.0,67,19,19,60,28,58.0,38.0,0.459,0.411,0.13,0.13,0.192,0.655,3.95,vs LHB
512,Jeremiah Estrada,669093,799,192.0,383,110,145,306,112,381.0,259.0,0.479,0.383,0.138,0.181,0.14,0.68,4.16,vs LHB
513,Jesse Chavez,445926,68,17.0,28,10,9,30,14,24.0,19.0,0.412,0.441,0.147,0.132,0.206,0.792,4.0,vs LHB
514,Jesse Hahn,534910,24,6.0,9,4,3,11,4,9.0,7.0,0.375,0.458,0.167,0.125,0.167,0.778,4.0,vs LHB
515,Jesse Scholtens,669947,415,111.0,186,85,83,144,64,207.0,169.0,0.448,0.347,0.205,0.2,0.154,0.816,3.74,vs LHB
516,Jesus Luzardo,666200,1327,349.0,703,201,212,423,244,660.0,414.0,0.53,0.319,0.151,0.16,0.184,0.627,3.8,vs LHB
517,Jesus Tinoco,622786,144,34.0,59,25,21,60,28,56.0,46.0,0.41,0.417,0.174,0.146,0.194,0.821,4.24,vs LHB
518,Jhoan Duran,661395,1126,276.0,564,170,235,392,145,589.0,406.0,0.501,0.348,0.151,0.209,0.129,0.689,4.08,vs LHB
519,Jhonathan Diaz,646242,23,6.0,9,6,3,8,5,10.0,9.0,0.391,0.348,0.261,0.13,0.217,0.9,3.83,vs LHB
520,Jhonny Pereda,640902,36,10.0,15,8,7,13,6,17.0,15.0,0.417,0.361,0.222,0.194,0.167,0.882,3.6,vs LHB
521,Jhony Brito,666745,43,14.0,19,13,5,11,4,28.0,19.0,0.442,0.256,0.302,0.116,0.093,0.679,3.07,vs LHB
522,Jimmy Herget,623474,1071,257.0,469,176,195,426,175,470.0,375.0,0.438,0.398,0.164,0.182,0.163,0.798,4.17,vs LHB
523,JoJo Romero,668941,740,194.0,359,126,100,255,164,321.0,229.0,0.485,0.345,0.17,0.135,0.222,0.713,3.81,vs LHB
524,Joe Boyle,671212,692,162.0,322,96,116,274,113,305.0,212.0,0.465,0.396,0.139,0.168,0.163,0.695,4.27,vs LHB
525,Joe La Sorsa,686747,36,14.0,14,12,0,10,9,17.0,12.0,0.389,0.278,0.333,0.0,0.25,0.706,2.57,vs LHB
526,Joe Mantiply,573009,283,80.0,127,60,51,96,55,132.0,111.0,0.449,0.339,0.212,0.18,0.194,0.841,3.54,vs LHB
527,Joe Rock,697812,188,49.0,82,24,30,82,33,73.0,55.0,0.436,0.436,0.128,0.16,0.176,0.753,3.84,vs LHB
528,Joe Ross,605452,470,128.0,186,97,81,187,43,240.0,179.0,0.396,0.398,0.206,0.172,0.091,0.746,3.67,vs LHB
529,Joe Ryan,657746,2736,697.0,1348,482,576,906,453,1376.0,1060.0,0.493,0.331,0.176,0.211,0.166,0.77,3.93,vs LHB
530,Joel Kuhnel,669270,347,92.0,127,73,49,147,45,155.0,123.0,0.366,0.424,0.21,0.141,0.13,0.794,3.77,vs LHB
531,Joel Payamps,606303,261,66.0,119,46,38,96,49,116.0,84.0,0.456,0.368,0.176,0.146,0.188,0.724,3.95,vs LHB
532,Joel Peguero,666711,197,52.0,86,44,50,67,23,107.0,94.0,0.437,0.34,0.223,0.254,0.117,0.879,3.79,vs LHB
533,Joey Cantillo,676282,1102,279.0,503,186,207,413,173,516.0,395.0,0.456,0.375,0.169,0.188,0.157,0.766,3.95,vs LHB
534,Joey Estes,683155,162,47.0,65,36,28,61,23,78.0,64.0,0.401,0.377,0.222,0.173,0.142,0.821,3.45,vs LHB
535,Joey Gerber,680702,113,26.0,54,19,22,40,24,49.0,41.0,0.478,0.354,0.168,0.195,0.212,0.837,4.35,vs LHB
536,Joey Lucchesi,664192,387,93.0,178,65,77,144,64,179.0,142.0,0.46,0.372,0.168,0.199,0.165,0.793,4.16,vs LHB
537,Joey Wentz,666214,510,129.0,220,88,90,202,74,234.0,179.0,0.431,0.396,0.173,0.176,0.145,0.765,3.95,vs LHB
538,Joey Wiemer,686894,14,4.0,4,3,3,7,1,6.0,6.0,0.286,0.5,0.214,0.214,0.071,1.0,3.5,vs LHB
539,Johan Oviedo,670912,329,87.0,146,57,48,126,58,145.0,105.0,0.444,0.383,0.173,0.146,0.176,0.724,3.78,vs LHB
540,John Brebbia,605154,299,67.0,148,42,69,109,53,137.0,112.0,0.495,0.365,0.14,0.231,0.177,0.818,4.46,vs LHB
541,John Curtiss,595928,281,63.0,143,46,74,92,34,155.0,120.0,0.509,0.327,0.164,0.263,0.121,0.774,4.46,vs LHB
542,John King,667463,733,213.0,322,171,128,240,113,380.0,301.0,0.439,0.327,0.233,0.175,0.154,0.792,3.44,vs LHB
543,John Klein,804619,46,11.0,18,7,8,21,8,17.0,15.0,0.391,0.457,0.152,0.174,0.174,0.882,4.18,vs LHB
544,John Rooney,680701,17,4.0,8,1,1,8,5,4.0,2.0,0.471,0.471,0.059,0.059,0.294,0.5,4.25,vs LHB
545,John Schreiber,670167,920,224.0,391,172,165,357,149,414.0,340.0,0.425,0.388,0.187,0.179,0.162,0.821,4.11,vs LHB
546,Jon Berti,542932,27,9.0,5,6,1,16,3,8.0,7.0,0.185,0.593,0.222,0.037,0.111,0.875,3.0,vs LHB
547,Jon Gray,592351,82,28.0,32,23,13,27,11,44.0,36.0,0.39,0.329,0.28,0.159,0.134,0.818,2.93,vs LHB
548,Jonah Bride,681146,46,12.0,20,10,11,16,7,23.0,21.0,0.435,0.348,0.217,0.239,0.152,0.913,3.83,vs LHB
549,Jonah Tong,804636,451,109.0,209,72,91,170,68,213.0,164.0,0.463,0.377,0.16,0.202,0.151,0.77,4.14,vs LHB
550,Jonathan Bowlan,680742,881,205.0,437,126,175,318,120,443.0,301.0,0.496,0.361,0.143,0.199,0.136,0.679,4.3,vs LHB
551,Jonathan Cannon,686563,932,244.0,407,166,181,359,114,459.0,351.0,0.437,0.385,0.178,0.194,0.122,0.765,3.82,vs LHB
552,Jonathan Heasley,669169,20,8.0,10,7,6,3,3,14.0,13.0,0.5,0.15,0.35,0.3,0.15,0.929,2.5,vs LHB
553,Jonathan Hernandez,642546,196,47.0,85,32,36,79,28,89.0,68.0,0.434,0.403,0.163,0.184,0.143,0.764,4.17,vs LHB
554,Jonathan Loaisiga,642528,659,174.0,289,133,124,237,74,348.0,259.0,0.439,0.36,0.202,0.188,0.112,0.744,3.79,vs LHB
555,Jonathan Pintaro,702752,259,65.0,111,39,47,109,38,112.0,88.0,0.429,0.421,0.151,0.181,0.147,0.786,3.98,vs LHB
556,Jorbit Vivas,678391,22,13.0,4,10,3,8,1,13.0,13.0,0.182,0.364,0.455,0.136,0.045,1.0,1.69,vs LHB
557,Jordan Hicks,663855,896,219.0,416,132,164,348,161,387.0,298.0,0.464,0.388,0.147,0.183,0.18,0.77,4.09,vs LHB
558,Jordan Leasure,673929,607,141.0,291,87,138,229,68,310.0,225.0,0.479,0.377,0.143,0.227,0.112,0.726,4.3,vs LHB
559,Jordan Montgomery,656756,139,33.0,68,24,27,47,29,63.0,51.0,0.489,0.338,0.173,0.194,0.209,0.81,4.21,vs LHB
560,Jordan Romano,605447,662,158.0,336,97,117,229,125,308.0,214.0,0.508,0.346,0.147,0.177,0.189,0.695,4.19,vs LHB
561,Jordan Weems,607179,50,10.0,17,7,7,26,6,18.0,14.0,0.34,0.52,0.14,0.14,0.12,0.778,5.0,vs LHB
562,Jordan Wicks,696136,134,42.0,57,37,30,40,14,80.0,67.0,0.425,0.299,0.276,0.224,0.104,0.838,3.19,vs LHB
563,Jorge Alcala,660896,425,105.0,207,70,73,148,74,203.0,143.0,0.487,0.348,0.165,0.172,0.174,0.704,4.05,vs LHB
564,Jorge Lopez,605347,199,52.0,89,39,42,71,35,93.0,81.0,0.447,0.357,0.196,0.211,0.176,0.871,3.83,vs LHB
565,Jorge Mateo,622761,22,6.0,7,5,3,10,3,9.0,8.0,0.318,0.455,0.227,0.136,0.136,0.889,3.67,vs LHB
566,Jose A. Ferrer,678606,874,250.0,427,189,169,258,170,445.0,362.0,0.489,0.295,0.216,0.193,0.195,0.813,3.5,vs LHB
567,Jose Alvarado,621237,542,143.0,241,93,93,208,80,254.0,188.0,0.445,0.384,0.172,0.172,0.148,0.74,3.79,vs LHB
568,Jose Berrios,621244,1431,372.0,625,253,253,553,236,642.0,508.0,0.437,0.386,0.177,0.177,0.165,0.791,3.85,vs LHB
569,Jose Butto,676130,555,128.0,232,82,91,241,81,233.0,174.0,0.418,0.434,0.148,0.164,0.146,0.747,4.34,vs LHB
570,Jose Caballero,676609,17,6.0,5,5,3,7,2,8.0,8.0,0.294,0.412,0.294,0.176,0.118,1.0,2.83,vs LHB
571,Jose Cabrera,703615,239,68.0,92,53,31,94,43,102.0,84.0,0.385,0.393,0.222,0.13,0.18,0.824,3.51,vs LHB
572,Jose Castillo,620454,258,67.0,123,45,42,90,53,115.0,87.0,0.477,0.349,0.174,0.163,0.205,0.757,3.85,vs LHB
573,Jose Corniell,692030,102,24.0,43,17,15,42,10,50.0,33.0,0.422,0.412,0.167,0.147,0.098,0.66,4.25,vs LHB
574,Jose Cuas,621016,192,41.0,85,24,29,83,22,87.0,55.0,0.443,0.432,0.125,0.151,0.115,0.632,4.68,vs LHB
575,Jose De Leon,592254,60,16.0,30,10,13,20,10,30.0,23.0,0.5,0.333,0.167,0.217,0.167,0.767,3.75,vs LHB
576,Jose Espada,664744,21,6.0,11,4,3,6,2,13.0,7.0,0.524,0.286,0.19,0.143,0.095,0.538,3.5,vs LHB
577,Jose Fermin,820862,729,173.0,343,105,130,281,110,338.0,235.0,0.471,0.385,0.144,0.178,0.151,0.695,4.21,vs LHB
578,Jose Franco,683742,197,49.0,77,32,29,88,30,79.0,61.0,0.391,0.447,0.162,0.147,0.152,0.772,4.02,vs LHB
579,Jose Herrera,645444,6,3.0,0,3,0,3,0,3.0,3.0,0.0,0.5,0.5,0.0,0.0,1.0,2.0,vs LHB
580,Jose Leclerc,600917,102,20.0,43,13,22,46,6,50.0,35.0,0.422,0.451,0.127,0.216,0.059,0.7,5.1,vs LHB
581,Jose Quijada,650671,17,3.0,7,1,4,9,1,7.0,5.0,0.412,0.529,0.059,0.235,0.059,0.714,5.67,vs LHB
582,Jose Quintana,500779,755,181.0,343,120,142,292,123,340.0,267.0,0.454,0.387,0.159,0.188,0.163,0.785,4.17,vs LHB
583,Jose Rodriguez,692064,19,5.0,5,5,1,9,1,9.0,6.0,0.263,0.474,0.263,0.053,0.053,0.667,3.8,vs LHB
584,Jose Ruiz,614179,97,29.0,43,20,13,34,12,51.0,33.0,0.443,0.351,0.206,0.134,0.124,0.647,3.34,vs LHB
585,Jose Soriano,667755,3194,815.0,1388,558,523,1248,491,1455.0,1091.0,0.435,0.391,0.175,0.164,0.154,0.75,3.92,vs LHB
586,Jose Suarez,660761,577,158.0,264,102,76,211,100,266.0,179.0,0.458,0.366,0.177,0.132,0.173,0.673,3.65,vs LHB
587,Jose Tena,677588,4,2.0,0,2,0,2,0,2.0,2.0,0.0,0.5,0.5,0.0,0.0,1.0,2.0,vs LHB
588,Jose Trevino,624431,68,22.0,20,18,6,30,9,29.0,24.0,0.294,0.441,0.265,0.088,0.132,0.828,3.09,vs LHB
589,Jose Urena,570632,507,131.0,207,99,88,201,65,241.0,189.0,0.408,0.396,0.195,0.174,0.128,0.784,3.87,vs LHB
590,Jose Urquidy,664353,318,88.0,160,65,56,93,62,163.0,122.0,0.503,0.292,0.204,0.176,0.195,0.748,3.61,vs LHB
591,Josh Ekness,694795,265,61.0,119,41,53,105,47,113.0,96.0,0.449,0.396,0.155,0.2,0.177,0.85,4.34,vs LHB
592,Josh Fleming,676596,54,12.0,22,9,15,23,5,26.0,25.0,0.407,0.426,0.167,0.278,0.093,0.962,4.5,vs LHB
593,Josh Hader,623352,354,90.0,186,57,63,111,60,183.0,123.0,0.525,0.314,0.161,0.178,0.169,0.672,3.93,vs LHB
594,Josh Rojas,668942,2,1.0,0,1,0,1,0,1.0,1.0,0.0,0.5,0.5,0.0,0.0,1.0,2.0,vs LHB
595,Josh Simpson,681006,372,93.0,172,53,63,147,67,158.0,116.0,0.462,0.395,0.142,0.169,0.18,0.734,4.0,vs LHB
596,Josh Walker,677020,233,62.0,112,45,46,76,37,120.0,95.0,0.481,0.326,0.193,0.197,0.159,0.792,3.76,vs LHB
597,Josh White,687985,24,5.0,9,2,3,13,5,6.0,5.0,0.375,0.542,0.083,0.125,0.208,0.833,4.8,vs LHB
598,Josh Winckowski,670174,86,20.0,37,14,20,35,6,45.0,34.0,0.43,0.407,0.163,0.233,0.07,0.756,4.3,vs LHB
599,Josiah Gray,680686,17,6.0,7,5,2,5,4,8.0,7.0,0.412,0.294,0.294,0.118,0.235,0.875,2.83,vs LHB
600,Jovani Moran,663558,477,119.0,226,70,78,181,78,218.0,150.0,0.474,0.379,0.147,0.164,0.164,0.688,4.01,vs LHB
601,Juan Burgos,686228,90,29.0,34,23,16,33,9,48.0,39.0,0.378,0.367,0.256,0.178,0.1,0.812,3.1,vs LHB
602,Juan Mejia,675848,1115,280.0,507,188,200,420,176,519.0,392.0,0.455,0.377,0.169,0.179,0.158,0.755,3.98,vs LHB
603,Juan Morillo,666661,869,204.0,417,116,166,336,115,418.0,284.0,0.48,0.387,0.133,0.191,0.132,0.679,4.26,vs LHB
604,Julian Aguiar,687924,25,6.0,10,5,4,10,4,11.0,9.0,0.4,0.4,0.2,0.16,0.16,0.818,4.17,vs LHB
605,Julian Fernandez,642759,85,20.0,36,15,14,34,13,38.0,29.0,0.424,0.4,0.176,0.165,0.153,0.763,4.25,vs LHB
606,Julian Garcia,670062,378,94.0,182,65,70,131,72,175.0,135.0,0.481,0.347,0.172,0.185,0.19,0.771,4.02,vs LHB
607,Julian Merryweather,657240,172,40.0,79,25,29,68,31,73.0,54.0,0.459,0.395,0.145,0.169,0.18,0.74,4.3,vs LHB
608,Justin Bruihl,677865,836,216.0,386,153,159,297,158,380.0,315.0,0.462,0.355,0.183,0.19,0.189,0.829,3.87,vs LHB
609,Justin Garza,621057,53,16.0,17,15,6,21,5,27.0,21.0,0.321,0.396,0.283,0.113,0.094,0.778,3.31,vs LHB
610,Justin Hagenman,663795,220,58.0,97,48,44,75,32,113.0,94.0,0.441,0.341,0.218,0.2,0.145,0.832,3.79,vs LHB
611,Justin Lawrence,664875,417,103.0,187,55,79,175,57,185.0,134.0,0.448,0.42,0.132,0.189,0.137,0.724,4.05,vs LHB
612,Justin Martinez,679885,265,60.0,125,25,36,115,55,95.0,61.0,0.472,0.434,0.094,0.136,0.208,0.642,4.42,vs LHB
613,Justin Slaten,686580,492,130.0,241,89,104,162,78,252.0,193.0,0.49,0.329,0.181,0.211,0.159,0.766,3.78,vs LHB
614,Justin Steele,657006,93,30.0,40,21,13,32,15,46.0,35.0,0.43,0.344,0.226,0.14,0.161,0.761,3.1,vs LHB
615,Justin Sterner,686993,825,192.0,404,131,185,290,96,439.0,317.0,0.49,0.352,0.159,0.224,0.116,0.722,4.3,vs LHB
616,Justin Topa,623437,594,155.0,267,117,125,210,101,283.0,242.0,0.449,0.354,0.197,0.21,0.17,0.855,3.83,vs LHB
617,Justin Verlander,434378,1362,332.0,653,229,264,480,221,661.0,496.0,0.479,0.352,0.168,0.194,0.162,0.75,4.1,vs LHB
618,Justin Wilson,458677,390,96.0,184,61,69,145,59,186.0,133.0,0.472,0.372,0.156,0.177,0.151,0.715,4.06,vs LHB
619,Justin Wrobleski,680736,856,233.0,417,159,158,280,150,426.0,320.0,0.487,0.327,0.186,0.185,0.175,0.751,3.67,vs LHB
620,Kade Anderson,807739,110,30.0,47,22,21,41,12,57.0,43.0,0.427,0.373,0.2,0.191,0.109,0.754,3.67,vs LHB
621,Kade Morris,695034,178,49.0,65,41,32,72,18,88.0,73.0,0.365,0.404,0.23,0.18,0.101,0.83,3.63,vs LHB
622,Kade Strowd,669704,195,47.0,91,28,33,76,33,86.0,61.0,0.467,0.39,0.144,0.169,0.169,0.709,4.15,vs LHB
623,Kai-Wei Teng,678906,1002,258.0,462,165,185,375,167,460.0,352.0,0.461,0.374,0.165,0.185,0.167,0.765,3.88,vs LHB
624,Kaleb Ort,672391,289,74.0,126,48,53,115,39,135.0,102.0,0.436,0.398,0.166,0.183,0.135,0.756,3.91,vs LHB
625,Keaton Winn,676775,335,90.0,149,64,56,122,47,166.0,122.0,0.445,0.364,0.191,0.167,0.14,0.735,3.72,vs LHB
626,Keegan Akin,669211,628,155.0,309,109,132,210,97,321.0,244.0,0.492,0.334,0.174,0.21,0.154,0.76,4.05,vs LHB
627,Keegan Thompson,624522,77,23.0,28,21,8,28,15,34.0,29.0,0.364,0.364,0.273,0.104,0.195,0.853,3.35,vs LHB
628,Keider Montero,672456,2089,546.0,917,421,400,751,361,977.0,826.0,0.439,0.36,0.202,0.191,0.173,0.845,3.83,vs LHB
629,Ken Waldichuk,686610,67,19.0,29,14,12,24,8,35.0,26.0,0.433,0.358,0.209,0.179,0.119,0.743,3.53,vs LHB
630,Kendall Graveman,608665,123,32.0,42,21,16,60,12,51.0,38.0,0.341,0.488,0.171,0.13,0.098,0.745,3.84,vs LHB
631,Kendry Rojas,696070,224,55.0,101,26,37,97,39,88.0,64.0,0.451,0.433,0.116,0.165,0.174,0.727,4.07,vs LHB
632,Kenley Jansen,445276,850,218.0,409,135,173,306,130,414.0,308.0,0.481,0.36,0.159,0.204,0.153,0.744,3.9,vs LHB
633,Kent Emanuel,592288,15,3.0,7,2,2,6,3,6.0,4.0,0.467,0.4,0.133,0.133,0.2,0.667,5.0,vs LHB
634,Kenta Maeda,628317,58,16.0,27,10,11,21,6,31.0,21.0,0.466,0.362,0.172,0.19,0.103,0.677,3.62,vs LHB
635,Kervin Castro,665645,45,12.0,20,8,11,17,5,23.0,19.0,0.444,0.378,0.178,0.244,0.111,0.826,3.75,vs LHB
636,Kevin Gausman,592332,3062,780.0,1493,549,607,1020,491,1551.0,1158.0,0.488,0.333,0.179,0.198,0.16,0.747,3.93,vs LHB
637,Kevin Ginkel,656464,811,201.0,387,131,151,293,124,394.0,283.0,0.477,0.361,0.162,0.186,0.153,0.718,4.03,vs LHB
638,Kevin Herget,643361,107,27.0,41,22,16,44,15,48.0,38.0,0.383,0.411,0.206,0.15,0.14,0.792,3.96,vs LHB
639,Kevin Kelly,687330,683,192.0,277,149,110,257,101,325.0,260.0,0.406,0.376,0.218,0.161,0.148,0.8,3.56,vs LHB
640,Kevin Newman,621028,19,7.0,6,7,4,6,2,11.0,11.0,0.316,0.316,0.368,0.211,0.105,1.0,2.71,vs LHB
641,Khristian Curtis,694753,167,42.0,69,29,30,69,27,71.0,59.0,0.413,0.413,0.174,0.18,0.162,0.831,3.98,vs LHB
642,Kirby Yates,489446,589,148.0,282,95,116,212,76,301.0,213.0,0.479,0.36,0.161,0.197,0.129,0.708,3.98,vs LHB
643,Kodai Senga,673540,1646,412.0,713,257,261,676,235,735.0,522.0,0.433,0.411,0.156,0.159,0.143,0.71,4.0,vs LHB
644,Kody Clemens,665019,6,2.0,1,2,0,3,1,2.0,2.0,0.167,0.5,0.333,0.0,0.167,1.0,3.0,vs LHB
645,Kody Funderburk,681892,778,187.0,341,116,112,321,162,294.0,230.0,0.438,0.413,0.149,0.144,0.208,0.782,4.16,vs LHB
646,Kohl Drake,684442,141,33.0,61,26,29,54,22,65.0,55.0,0.433,0.383,0.184,0.206,0.156,0.846,4.27,vs LHB
647,Kolby Allard,663465,389,106.0,186,79,74,124,72,193.0,155.0,0.478,0.319,0.203,0.19,0.185,0.803,3.67,vs LHB
648,Konnor Pilkington,663455,197,48.0,90,30,33,77,36,84.0,63.0,0.457,0.391,0.152,0.168,0.183,0.75,4.1,vs LHB
649,Korey Lee,686676,23,8.0,8,8,4,7,2,14.0,12.0,0.348,0.304,0.348,0.174,0.087,0.857,2.88,vs LHB
650,Kris Bubic,663460,619,156.0,297,104,114,218,105,296.0,219.0,0.48,0.352,0.168,0.184,0.17,0.74,3.97,vs LHB
651,Kumar Rocker,677958,2075,515.0,907,362,391,806,275,993.0,754.0,0.437,0.388,0.174,0.188,0.133,0.759,4.03,vs LHB
652,Kyle Backhus,679775,293,78.0,143,53,42,97,69,127.0,97.0,0.488,0.331,0.181,0.143,0.235,0.764,3.76,vs LHB
653,Kyle Bradish,680694,1868,481.0,834,315,337,719,293,856.0,657.0,0.446,0.385,0.169,0.18,0.157,0.768,3.88,vs LHB
654,Kyle Farmer,571657,2,2.0,0,2,0,0,0,2.0,2.0,0.0,0.0,1.0,0.0,0.0,1.0,1.0,vs LHB
655,Kyle Finnegan,640448,954,238.0,457,163,182,334,153,467.0,347.0,0.479,0.35,0.171,0.191,0.16,0.743,4.01,vs LHB
656,Kyle Freeland,607536,1047,307.0,504,229,178,314,188,545.0,409.0,0.481,0.3,0.219,0.17,0.18,0.75,3.41,vs LHB
657,Kyle Gibson,502043,130,35.0,47,29,24,54,14,62.0,53.0,0.362,0.415,0.223,0.185,0.108,0.855,3.71,vs LHB
658,Kyle Harrison,690986,768,189.0,389,133,148,246,142,380.0,286.0,0.507,0.32,0.173,0.193,0.185,0.753,4.06,vs LHB
659,Kyle Hart,606996,662,178.0,305,129,111,228,126,308.0,245.0,0.461,0.344,0.195,0.168,0.19,0.795,3.72,vs LHB
660,Kyle Hendricks,543294,1244,341.0,558,253,218,433,220,591.0,473.0,0.449,0.348,0.203,0.175,0.177,0.8,3.65,vs LHB
661,Kyle Higashioka,543309,7,4.0,2,4,1,1,1,5.0,5.0,0.286,0.143,0.571,0.143,0.143,1.0,1.75,vs LHB
662,Kyle Hurt,669165,320,83.0,164,51,68,105,43,172.0,119.0,0.512,0.328,0.159,0.212,0.134,0.692,3.86,vs LHB
663,Kyle Leahy,681517,1836,480.0,794,327,297,715,314,807.0,624.0,0.432,0.389,0.178,0.162,0.171,0.773,3.82,vs LHB
664,Kyle Nelson,669459,14,4.0,4,2,0,8,3,3.0,2.0,0.286,0.571,0.143,0.0,0.214,0.667,3.5,vs LHB
665,Kyle Nicolas,693312,358,85.0,163,46,61,149,61,148.0,107.0,0.455,0.416,0.128,0.17,0.17,0.723,4.21,vs LHB
666,LaMonte Wade Jr.,664774,1,1.0,0,1,0,0,0,1.0,1.0,0.0,0.0,1.0,0.0,0.0,1.0,1.0,vs LHB
667,Lake Bachar,669199,1367,334.0,621,207,222,539,229,599.0,431.0,0.454,0.394,0.151,0.162,0.168,0.72,4.09,vs LHB
668,Lance McCullers Jr.,621121,1032,247.0,462,144,161,426,184,422.0,306.0,0.448,0.413,0.14,0.156,0.178,0.725,4.18,vs LHB
669,Landen Roupp,694738,2650,647.0,1179,429,441,1042,462,1146.0,884.0,0.445,0.393,0.162,0.166,0.174,0.771,4.1,vs LHB
670,Landon Knack,689017,561,130.0,266,80,116,215,87,259.0,196.0,0.474,0.383,0.143,0.207,0.155,0.757,4.32,vs LHB
671,Lazaro Estrada,681751,150,38.0,60,23,18,67,22,60.0,43.0,0.4,0.447,0.153,0.12,0.147,0.717,3.95,vs LHB
672,Leo Rivas,660844,27,9.0,7,8,3,12,4,11.0,11.0,0.259,0.444,0.296,0.111,0.148,1.0,3.0,vs LHB
673,Liam Hendriks,521230,82,24.0,39,18,15,25,14,43.0,33.0,0.476,0.305,0.22,0.183,0.171,0.767,3.42,vs LHB
674,Logan Allen,671106,681,168.0,316,108,133,257,109,315.0,241.0,0.464,0.377,0.159,0.195,0.16,0.765,4.05,vs LHB
675,Logan Davidson,669722,9,2.0,2,2,0,5,2,2.0,2.0,0.222,0.556,0.222,0.0,0.222,1.0,4.5,vs LHB
676,Logan Evans,688138,649,174.0,278,132,117,239,113,297.0,249.0,0.428,0.368,0.203,0.18,0.174,0.838,3.73,vs LHB
677,Logan Gilbert,669302,2764,674.0,1382,417,526,965,399,1400.0,951.0,0.5,0.349,0.151,0.19,0.144,0.679,4.1,vs LHB
678,Logan Gillaspie,670810,44,12.0,17,8,7,19,6,19.0,15.0,0.386,0.432,0.182,0.159,0.136,0.789,3.67,vs LHB
679,Logan Henderson,701656,1220,287.0,643,179,295,398,161,661.0,477.0,0.527,0.326,0.147,0.242,0.132,0.722,4.25,vs LHB
680,Logan Porter,682515,6,2.0,1,2,0,3,0,3.0,2.0,0.167,0.5,0.333,0.0,0.0,0.667,3.0,vs LHB
681,Logan VanWey,701121,142,37.0,72,31,30,39,22,81.0,62.0,0.507,0.275,0.218,0.211,0.155,0.765,3.84,vs LHB
682,Logan Webb,657277,3109,824.0,1468,585,552,1056,593,1459.0,1142.0,0.472,0.34,0.188,0.178,0.191,0.783,3.77,vs LHB
683,Lou Trivino,642152,439,105.0,178,75,73,186,60,193.0,149.0,0.405,0.424,0.171,0.166,0.137,0.772,4.18,vs LHB
684,Lou Trivino III,642152,14,4.0,2,2,0,10,1,3.0,2.0,0.143,0.714,0.143,0.0,0.071,0.667,3.5,vs LHB
685,Louis Varland,686973,1112,301.0,559,204,229,349,149,614.0,437.0,0.503,0.314,0.183,0.206,0.134,0.712,3.69,vs LHB
686,Luarbert Arias,678215,100,27.0,42,17,24,41,13,46.0,41.0,0.42,0.41,0.17,0.24,0.13,0.891,3.7,vs LHB
687,Lucas Erceg,668674,955,246.0,402,178,170,375,117,463.0,348.0,0.421,0.393,0.186,0.178,0.123,0.752,3.88,vs LHB
688,Lucas Giolito,608337,1459,368.0,652,254,261,553,232,674.0,522.0,0.447,0.379,0.174,0.179,0.159,0.774,3.96,vs LHB
689,Lucas Sims,608371,178,48.0,79,23,27,76,37,65.0,50.0,0.444,0.427,0.129,0.152,0.208,0.769,3.71,vs LHB
690,Luinder Avila,679883,860,213.0,381,147,150,332,134,394.0,298.0,0.443,0.386,0.171,0.174,0.156,0.756,4.04,vs LHB
691,Luis Castillo,622491,2900,713.0,1332,521,656,1047,346,1506.0,1180.0,0.459,0.361,0.18,0.226,0.119,0.784,4.07,vs LHB
692,Luis Contreras,664351,107,25.0,45,15,14,47,17,43.0,29.0,0.421,0.439,0.14,0.131,0.159,0.674,4.28,vs LHB
693,Luis Curvelo,681168,243,60.0,110,42,47,91,33,119.0,89.0,0.453,0.374,0.173,0.193,0.136,0.748,4.05,vs LHB
694,Luis De Leon,801725,45,13.0,25,9,6,11,15,19.0,15.0,0.556,0.244,0.2,0.133,0.333,0.789,3.46,vs LHB
695,Luis F. Castillo,622379,49,13.0,16,12,6,21,6,22.0,18.0,0.327,0.429,0.245,0.122,0.122,0.818,3.77,vs LHB
696,Luis Garcia,472610,550,139.0,248,102,120,200,66,284.0,224.0,0.451,0.364,0.185,0.218,0.12,0.789,3.96,vs LHB
697,Luis Garcia,677651,30,7.0,12,5,4,13,6,11.0,9.0,0.4,0.433,0.167,0.133,0.2,0.818,4.29,vs LHB
698,Luis Gastelum,703725,300,76.0,147,45,46,108,49,143.0,91.0,0.49,0.36,0.15,0.153,0.163,0.636,3.95,vs LHB
699,Luis Gil,661563,753,184.0,329,130,136,294,132,327.0,268.0,0.437,0.39,0.173,0.181,0.175,0.82,4.09,vs LHB
700,Luis Guerrero,692285,109,29.0,44,21,15,44,15,50.0,36.0,0.404,0.404,0.193,0.138,0.138,0.72,3.76,vs LHB
701,Luis L. Ortiz,682847,804,198.0,384,122,133,298,139,367.0,256.0,0.478,0.371,0.152,0.165,0.173,0.698,4.06,vs LHB
702,Luis Medina,665622,593,140.0,271,75,79,247,106,240.0,155.0,0.457,0.417,0.126,0.133,0.179,0.646,4.24,vs LHB
703,Luis Mey,682825,514,124.0,238,67,84,209,87,218.0,152.0,0.463,0.407,0.13,0.163,0.169,0.697,4.15,vs LHB
704,Luis Morales,806960,546,137.0,227,91,96,228,86,232.0,187.0,0.416,0.418,0.167,0.176,0.158,0.806,3.99,vs LHB
705,Luis Perales,691384,95,23.0,44,11,16,40,8,47.0,27.0,0.463,0.421,0.116,0.168,0.084,0.574,4.13,vs LHB
706,Luis Peralta,678821,211,46.0,86,32,35,93,32,86.0,67.0,0.408,0.441,0.152,0.166,0.152,0.779,4.59,vs LHB
707,Luis Severino,622663,1974,494.0,891,341,407,742,302,930.0,750.0,0.451,0.376,0.173,0.206,0.153,0.806,4.0,vs LHB
708,Luis Torrens,620443,33,11.0,5,10,0,18,4,11.0,10.0,0.152,0.545,0.303,0.0,0.121,0.909,3.0,vs LHB
709,Luis Vazquez,676679,18,8.0,4,7,0,7,3,8.0,7.0,0.222,0.389,0.389,0.0,0.167,0.875,2.25,vs LHB
710,Luisangel Acuna,682668,18,5.0,3,4,0,11,3,4.0,4.0,0.167,0.611,0.222,0.0,0.167,1.0,3.6,vs LHB
711,Luke Jackson,592426,319,91.0,131,69,54,119,45,155.0,123.0,0.411,0.373,0.216,0.169,0.141,0.794,3.51,vs LHB
712,Luke Little,681432,38,8.0,13,2,3,23,9,6.0,5.0,0.342,0.605,0.053,0.079,0.237,0.833,4.75,vs LHB
713,Luke Maile,571912,18,6.0,6,5,4,7,2,9.0,9.0,0.333,0.389,0.278,0.222,0.111,1.0,3.0,vs LHB
714,Luke Murphy,684665,197,45.0,91,31,46,75,29,93.0,77.0,0.462,0.381,0.157,0.234,0.147,0.828,4.38,vs LHB
715,Luke Weaver,596133,1017,261.0,518,171,204,328,145,544.0,377.0,0.509,0.323,0.168,0.201,0.143,0.693,3.9,vs LHB
716,Luke Williams,663897,38,12.0,10,9,5,19,4,15.0,14.0,0.263,0.5,0.237,0.132,0.105,0.933,3.17,vs LHB
717,Lyon Richardson,680689,302,74.0,123,52,49,127,43,132.0,102.0,0.407,0.421,0.172,0.162,0.142,0.773,4.08,vs LHB
718,MacKenzie Gore,669022,1459,365.0,689,240,276,530,211,718.0,518.0,0.472,0.363,0.164,0.189,0.145,0.721,4.0,vs LHB
719,Manuel Rodriguez,655889,186,50.0,80,34,35,72,22,92.0,69.0,0.43,0.387,0.183,0.188,0.118,0.75,3.72,vs LHB
720,Marc Church,687847,51,12.0,22,6,5,23,11,17.0,11.0,0.431,0.451,0.118,0.098,0.216,0.647,4.25,vs LHB
721,Marco Gonzales,594835,59,13.0,25,9,9,25,11,23.0,18.0,0.424,0.424,0.153,0.153,0.186,0.783,4.54,vs LHB
722,Marco Raya,694397,61,14.0,24,9,7,28,11,22.0,16.0,0.393,0.459,0.148,0.115,0.18,0.727,4.36,vs LHB
723,Marcus Stroman,573186,413,105.0,181,80,81,152,61,200.0,162.0,0.438,0.368,0.194,0.196,0.148,0.81,3.93,vs LHB
724,Mark Leiter Jr.,643410,822,207.0,397,115,112,310,145,367.0,228.0,0.483,0.377,0.14,0.136,0.176,0.621,3.97,vs LHB
725,Mark Manfredi,815081,131,32.0,53,20,21,58,23,50.0,41.0,0.405,0.443,0.153,0.16,0.176,0.82,4.09,vs LHB
726,Martin Perez,527048,913,226.0,431,164,187,318,151,444.0,355.0,0.472,0.348,0.18,0.205,0.165,0.8,4.04,vs LHB
727,Mason Adams,690279,180,51.0,85,32,30,63,40,77.0,62.0,0.472,0.35,0.178,0.167,0.222,0.805,3.53,vs LHB
728,Mason Barnett,686930,618,156.0,242,113,100,263,98,257.0,215.0,0.392,0.426,0.183,0.162,0.159,0.837,3.96,vs LHB
729,Mason Black,696131,279,68.0,124,44,53,111,44,124.0,98.0,0.444,0.398,0.158,0.19,0.158,0.79,4.1,vs LHB
730,Mason Englert,669438,649,159.0,300,115,130,234,97,318.0,246.0,0.462,0.361,0.177,0.2,0.149,0.774,4.08,vs LHB
731,Mason Fluharty,689254,951,237.0,479,145,159,327,148,476.0,311.0,0.504,0.344,0.152,0.167,0.156,0.653,4.01,vs LHB
732,Mason Miller,695243,1032,239.0,545,102,168,385,175,471.0,273.0,0.528,0.373,0.099,0.163,0.17,0.58,4.32,vs LHB
733,Mason Montgomery,682254,740,174.0,382,92,140,266,111,363.0,234.0,0.516,0.359,0.124,0.189,0.15,0.645,4.25,vs LHB
734,Mason Thompson,666168,115,25.0,51,13,17,51,19,45.0,31.0,0.443,0.443,0.113,0.148,0.165,0.689,4.6,vs LHB
735,Matt Bowman,621199,199,50.0,89,38,38,72,31,96.0,76.0,0.447,0.362,0.191,0.191,0.156,0.792,3.98,vs LHB
736,Matt Brash,666374,537,127.0,253,80,80,204,96,237.0,160.0,0.471,0.38,0.149,0.149,0.179,0.675,4.23,vs LHB
737,Matt Gage,657424,485,126.0,209,81,80,195,70,220.0,163.0,0.431,0.402,0.167,0.165,0.144,0.741,3.85,vs LHB
738,Matt Krook,640454,105,27.0,52,16,17,37,21,47.0,35.0,0.495,0.352,0.152,0.162,0.2,0.745,3.89,vs LHB
739,Matt Pushard,690155,62,17.0,29,11,9,22,15,25.0,20.0,0.468,0.355,0.177,0.145,0.242,0.8,3.65,vs LHB
740,Matt Sauer,669422,239,58.0,108,43,57,88,31,120.0,101.0,0.452,0.368,0.18,0.238,0.13,0.842,4.12,vs LHB
741,Matt Seelinger,676910,31,7.0,13,3,4,15,5,11.0,7.0,0.419,0.484,0.097,0.129,0.161,0.636,4.43,vs LHB
742,Matt Strahm,621381,491,138.0,245,96,94,150,88,253.0,191.0,0.499,0.305,0.196,0.191,0.179,0.755,3.56,vs LHB
743,Matt Svanson,694335,806,196.0,381,119,181,306,122,378.0,301.0,0.473,0.38,0.148,0.225,0.151,0.796,4.11,vs LHB
744,Matt Waldron,663362,462,120.0,209,85,92,168,79,215.0,177.0,0.452,0.364,0.184,0.199,0.171,0.823,3.85,vs LHB
745,Matt Wilkinson,683363,92,28.0,41,22,15,29,18,45.0,37.0,0.446,0.315,0.239,0.163,0.196,0.822,3.29,vs LHB
746,Matthew Boyd,571510,1130,314.0,531,217,189,382,191,557.0,413.0,0.47,0.338,0.192,0.167,0.169,0.741,3.6,vs LHB
747,Matthew Festa,670036,854,232.0,402,157,137,295,154,405.0,297.0,0.471,0.345,0.184,0.16,0.18,0.733,3.68,vs LHB
748,Matthew Liberatore,669461,1157,300.0,511,202,168,444,201,512.0,373.0,0.442,0.384,0.175,0.145,0.174,0.729,3.86,vs LHB
749,Max Fried,608331,1077,284.0,503,181,159,393,199,485.0,340.0,0.467,0.365,0.168,0.148,0.185,0.701,3.79,vs LHB
750,Max Kranick,668820,474,133.0,215,97,91,162,73,239.0,189.0,0.454,0.342,0.205,0.192,0.154,0.791,3.56,vs LHB
751,Max Lazar,676661,353,93.0,153,69,55,131,57,165.0,124.0,0.433,0.371,0.195,0.156,0.161,0.752,3.8,vs LHB
752,Max Meyer,676974,1594,406.0,756,249,273,589,279,726.0,522.0,0.474,0.37,0.156,0.171,0.175,0.719,3.93,vs LHB
753,Max Rajcic,691008,75,17.0,32,12,14,31,12,32.0,27.0,0.427,0.413,0.16,0.187,0.16,0.844,4.41,vs LHB
754,Max Scherzer,453286,1558,401.0,707,301,341,550,240,768.0,645.0,0.454,0.353,0.193,0.219,0.154,0.84,3.89,vs LHB
755,McCade Brown,685326,263,63.0,109,38,56,116,35,112.0,94.0,0.414,0.441,0.144,0.213,0.133,0.839,4.17,vs LHB
756,Merrill Kelly,518876,3057,808.0,1337,588,552,1132,477,1448.0,1143.0,0.437,0.37,0.192,0.181,0.156,0.789,3.78,vs LHB
757,Michael Darrell-Hicks,690382,57,14.0,31,8,12,18,12,27.0,20.0,0.544,0.316,0.14,0.211,0.211,0.741,4.07,vs LHB
758,Michael Fulmer,605242,162,35.0,74,22,26,66,24,72.0,48.0,0.457,0.407,0.136,0.16,0.148,0.667,4.63,vs LHB
759,Michael Grove,675627,39,14.0,19,11,3,9,9,21.0,14.0,0.487,0.231,0.282,0.077,0.231,0.667,2.79,vs LHB
760,Michael Kelly,547184,327,75.0,150,52,53,125,65,137.0,105.0,0.459,0.382,0.159,0.162,0.199,0.766,4.36,vs LHB
761,Michael King,650633,2551,649.0,1148,439,432,964,438,1149.0,875.0,0.45,0.378,0.172,0.169,0.172,0.762,3.93,vs LHB
762,Michael Kopech,656629,107,22.0,48,11,19,48,15,44.0,31.0,0.449,0.449,0.103,0.178,0.14,0.705,4.86,vs LHB
763,Michael Lorenzen,547179,2541,652.0,1084,478,437,979,404,1158.0,918.0,0.427,0.385,0.188,0.172,0.159,0.793,3.9,vs LHB
764,Michael McGreevy,700241,2452,618.0,973,479,384,1000,371,1081.0,866.0,0.397,0.408,0.195,0.157,0.151,0.801,3.97,vs LHB
765,Michael Mercado,675650,39,9.0,15,5,7,19,5,15.0,12.0,0.385,0.487,0.128,0.179,0.128,0.8,4.33,vs LHB
766,Michael Petersen,656848,849,191.0,436,117,197,296,96,457.0,315.0,0.514,0.349,0.138,0.232,0.113,0.689,4.45,vs LHB
767,Michael Rucker,621074,395,94.0,192,62,89,141,66,188.0,151.0,0.486,0.357,0.157,0.225,0.167,0.803,4.2,vs LHB
768,Michael Soroka,647336,1898,485.0,885,329,371,684,331,883.0,700.0,0.466,0.36,0.173,0.195,0.174,0.793,3.91,vs LHB
769,Michael Stefanic,683021,7,3.0,1,3,0,3,1,3.0,3.0,0.143,0.429,0.429,0.0,0.143,1.0,2.33,vs LHB
770,Michael Tonkin,543859,214,55.0,95,40,33,79,43,92.0,73.0,0.444,0.369,0.187,0.154,0.201,0.793,3.89,vs LHB
771,Michael Wacha,608379,3103,827.0,1437,608,610,1058,483,1562.0,1222.0,0.463,0.341,0.196,0.197,0.156,0.782,3.75,vs LHB
772,Michel Otanez,671305,36,8.0,13,3,6,20,5,11.0,9.0,0.361,0.556,0.083,0.167,0.139,0.818,4.5,vs LHB
773,Mick Abel,690953,609,143.0,299,92,128,218,96,295.0,221.0,0.491,0.358,0.151,0.21,0.158,0.749,4.26,vs LHB
774,Miguel Castro,612434,52,14.0,20,8,8,24,10,18.0,16.0,0.385,0.462,0.154,0.154,0.192,0.889,3.71,vs LHB
775,Miguel Rojas,500743,47,24.0,10,22,4,15,5,27.0,26.0,0.213,0.319,0.468,0.085,0.106,0.963,1.96,vs LHB
776,Miguel Ullola,699044,95,26.0,46,17,17,32,16,47.0,35.0,0.484,0.337,0.179,0.179,0.168,0.745,3.65,vs LHB
777,Mike Burrows,681347,1679,440.0,744,309,279,626,269,784.0,590.0,0.443,0.373,0.184,0.166,0.16,0.753,3.82,vs LHB
778,Mike Clevinger,605182,53,15.0,17,11,11,25,4,24.0,22.0,0.321,0.472,0.208,0.208,0.075,0.917,3.53,vs LHB
779,Mike Paredes,702474,344,96.0,133,78,66,133,37,174.0,145.0,0.387,0.387,0.227,0.192,0.108,0.833,3.58,vs LHB
780,Mike Vasil,678024,786,201.0,330,137,123,319,136,331.0,260.0,0.42,0.406,0.174,0.156,0.173,0.785,3.91,vs LHB
781,Mike Yastrzemski,573262,12,4.0,1,2,1,9,0,3.0,3.0,0.083,0.75,0.167,0.083,0.0,1.0,3.0,vs LHB
782,Miles Mastrobuoni,670156,11,3.0,4,2,2,5,1,5.0,4.0,0.364,0.455,0.182,0.182,0.091,0.8,3.67,vs LHB
783,Miles Mikolas,571945,2410,648.0,1052,524,457,834,410,1166.0,983.0,0.437,0.346,0.217,0.19,0.17,0.843,3.72,vs LHB
784,Mitch Bratt,683352,174,53.0,70,43,27,61,33,80.0,70.0,0.402,0.351,0.247,0.155,0.19,0.875,3.28,vs LHB
785,Mitch Farris,815083,512,134.0,231,81,63,200,94,218.0,149.0,0.451,0.391,0.158,0.123,0.184,0.683,3.82,vs LHB
786,Mitch Keller,656605,2686,697.0,1191,512,535,983,412,1290.0,1052.0,0.443,0.366,0.191,0.199,0.153,0.816,3.85,vs LHB
787,Mitch Spence,687765,735,209.0,316,150,109,269,107,359.0,261.0,0.43,0.366,0.204,0.148,0.146,0.727,3.52,vs LHB
788,Mitchell Parker,680730,976,262.0,430,196,176,350,135,491.0,373.0,0.441,0.359,0.201,0.18,0.138,0.76,3.73,vs LHB
789,Myles Straw,664702,22,7.0,5,7,3,10,1,11.0,10.0,0.227,0.455,0.318,0.136,0.045,0.909,3.14,vs LHB
790,Nabil Crismatt,622503,215,63.0,85,54,28,76,37,102.0,82.0,0.395,0.353,0.251,0.13,0.172,0.804,3.41,vs LHB
791,Nate Eaton,681987,5,2.0,0,2,0,3,0,2.0,2.0,0.0,0.6,0.4,0.0,0.0,1.0,2.5,vs LHB
792,Nate Lavender,681320,122,37.0,67,23,24,32,28,62.0,48.0,0.549,0.262,0.189,0.197,0.23,0.774,3.3,vs LHB
793,Nate Pearson,663878,574,144.0,240,97,100,237,88,248.0,197.0,0.418,0.413,0.169,0.174,0.153,0.794,3.99,vs LHB
794,Nathan Eovaldi,543135,2240,587.0,1076,417,414,747,339,1154.0,834.0,0.48,0.333,0.186,0.185,0.151,0.723,3.82,vs LHB
795,Nathan Wiles,686249,15,3.0,6,3,4,6,2,7.0,7.0,0.4,0.4,0.2,0.267,0.133,1.0,5.0,vs LHB
796,Nestor Cortes,641482,135,39.0,60,28,20,47,26,62.0,49.0,0.444,0.348,0.207,0.148,0.193,0.79,3.46,vs LHB
797,Nic Enright,663671,221,53.0,112,37,58,72,30,119.0,95.0,0.507,0.326,0.167,0.262,0.136,0.798,4.17,vs LHB
798,Nick Anderson,623433,104,29.0,45,23,17,36,13,55.0,42.0,0.433,0.346,0.221,0.163,0.125,0.764,3.59,vs LHB
799,Nick Burdi,595897,30,10.0,9,9,4,12,4,14.0,13.0,0.3,0.4,0.3,0.133,0.133,0.929,3.0,vs LHB
800,Nick Davila,689546,253,68.0,117,52,52,84,42,127.0,105.0,0.462,0.332,0.206,0.206,0.166,0.827,3.72,vs LHB
801,Nick Frasso,693308,231,55.0,112,36,45,83,39,109.0,81.0,0.485,0.359,0.156,0.195,0.169,0.743,4.2,vs LHB
802,Nick Hernandez,663321,75,18.0,37,11,15,27,13,35.0,26.0,0.493,0.36,0.147,0.2,0.173,0.743,4.17,vs LHB
803,Nick Lodolo,666157,977,256.0,446,176,147,355,194,428.0,324.0,0.456,0.363,0.18,0.15,0.199,0.757,3.82,vs LHB
804,Nick Martinez,607259,2702,721.0,1229,550,486,923,491,1288.0,1041.0,0.455,0.342,0.204,0.18,0.182,0.808,3.75,vs LHB
805,Nick Mears,683232,545,139.0,270,105,128,170,93,282.0,236.0,0.495,0.312,0.193,0.235,0.171,0.837,3.92,vs LHB
806,Nick Pivetta,601713,1691,419.0,835,276,318,580,345,766.0,595.0,0.494,0.343,0.163,0.188,0.204,0.777,4.04,vs LHB
807,Nick Raquet,675919,46,11.0,21,8,10,17,8,21.0,18.0,0.457,0.37,0.174,0.217,0.174,0.857,4.18,vs LHB
808,Nick Sandlin,680704,205,49.0,89,26,29,90,29,86.0,55.0,0.434,0.439,0.127,0.141,0.141,0.64,4.18,vs LHB
809,Nicky Lopez,670032,4,2.0,2,2,1,0,1,3.0,3.0,0.5,0.0,0.5,0.25,0.25,1.0,2.0,vs LHB
810,Niko Kavadas,694359,12,3.0,5,1,2,6,2,4.0,3.0,0.417,0.5,0.083,0.167,0.167,0.75,4.0,vs LHB
811,Noah Cameron,702070,1190,307.0,542,222,198,426,197,567.0,423.0,0.455,0.358,0.187,0.166,0.166,0.746,3.88,vs LHB
812,Noah Davis,663562,109,28.0,43,16,15,50,18,41.0,31.0,0.394,0.459,0.147,0.138,0.165,0.756,3.89,vs LHB
813,Noah Murdock,668716,131,32.0,59,18,21,54,25,52.0,39.0,0.45,0.412,0.137,0.16,0.191,0.75,4.09,vs LHB
814,Noah Schultz,702273,280,70.0,128,44,52,108,54,118.0,96.0,0.457,0.386,0.157,0.186,0.193,0.814,4.0,vs LHB
815,Nolan Hoffman,676510,112,26.0,54,13,27,45,15,52.0,40.0,0.482,0.402,0.116,0.241,0.134,0.769,4.31,vs LHB
816,Nolan Kingham,663884,11,3.0,2,1,1,8,1,2.0,2.0,0.182,0.727,0.091,0.091,0.091,1.0,3.67,vs LHB
817,Nolan McLean,690997,2100,548.0,982,334,355,784,386,930.0,693.0,0.468,0.373,0.159,0.169,0.184,0.745,3.83,vs LHB
818,Omar Cruz,678316,37,8.0,16,5,5,16,7,14.0,10.0,0.432,0.432,0.135,0.135,0.189,0.714,4.62,vs LHB
819,Orion Kerkering,689147,986,232.0,455,143,168,388,174,424.0,316.0,0.461,0.394,0.145,0.17,0.176,0.745,4.25,vs LHB
820,Orlando Arcia,606115,11,3.0,2,1,0,8,2,1.0,1.0,0.182,0.727,0.091,0.0,0.182,1.0,3.67,vs LHB
821,Orlando Ribalta,687377,623,134.0,302,80,130,241,79,303.0,213.0,0.485,0.387,0.128,0.209,0.127,0.703,4.65,vs LHB
822,Osvaldo Bido,674370,764,192.0,369,126,160,269,107,388.0,287.0,0.483,0.352,0.165,0.209,0.14,0.74,3.98,vs LHB
823,Oswald Peraza,672724,18,6.0,4,6,1,8,3,7.0,7.0,0.222,0.444,0.333,0.056,0.167,1.0,3.0,vs LHB
824,Owen Murphy,702566,102,27.0,52,19,28,31,14,57.0,47.0,0.51,0.304,0.186,0.275,0.137,0.825,3.78,vs LHB
825,Owen White,669391,49,14.0,17,10,8,22,6,21.0,18.0,0.347,0.449,0.204,0.163,0.122,0.857,3.5,vs LHB
826,P.J. Higgins,664731,8,2.0,4,1,1,3,1,4.0,2.0,0.5,0.375,0.125,0.125,0.125,0.5,4.0,vs LHB
827,PJ Poulin,676571,469,114.0,220,68,68,181,108,180.0,136.0,0.469,0.386,0.145,0.145,0.23,0.756,4.11,vs LHB
828,Pablo Lopez,641154,706,176.0,327,126,130,253,115,338.0,257.0,0.463,0.358,0.178,0.184,0.163,0.76,4.01,vs LHB
829,Pablo Reyes,622569,8,4.0,2,4,1,2,1,5.0,5.0,0.25,0.25,0.5,0.125,0.125,1.0,2.0,vs LHB
830,Parker Messick,800048,921,244.0,434,171,163,316,153,452.0,334.0,0.471,0.343,0.186,0.177,0.166,0.739,3.77,vs LHB
831,Parker Mushinski,656786,85,21.0,39,19,17,27,17,41.0,36.0,0.459,0.318,0.224,0.2,0.2,0.878,4.05,vs LHB
832,Patrick Corbin,571578,1079,266.0,485,183,178,411,179,489.0,363.0,0.449,0.381,0.17,0.165,0.166,0.742,4.06,vs LHB
833,Patrick Monteverde,687287,70,17.0,30,14,19,26,6,38.0,33.0,0.429,0.371,0.2,0.271,0.086,0.868,4.12,vs LHB
834,Patrick Sandoval,663776,320,85.0,147,53,48,120,66,134.0,102.0,0.459,0.375,0.166,0.15,0.206,0.761,3.76,vs LHB
835,Paul Blackburn,621112,925,251.0,397,177,166,351,123,451.0,344.0,0.429,0.379,0.191,0.179,0.133,0.763,3.69,vs LHB
836,Paul Gervase,801434,116,32.0,52,22,20,42,20,54.0,42.0,0.448,0.362,0.19,0.172,0.172,0.778,3.62,vs LHB
837,Paul Sewald,623149,635,158.0,318,106,138,211,101,323.0,244.0,0.501,0.332,0.167,0.217,0.159,0.755,4.02,vs LHB
838,Paul Skenes,694973,3261,796.0,1592,495,652,1174,417,1670.0,1154.0,0.488,0.36,0.152,0.2,0.128,0.691,4.1,vs LHB
839,Paxton Schultz,687606,573,133.0,258,85,105,230,109,234.0,191.0,0.45,0.401,0.148,0.183,0.19,0.816,4.31,vs LHB
840,Payton Tolle,801139,654,187.0,309,132,106,213,104,337.0,240.0,0.472,0.326,0.202,0.162,0.159,0.712,3.5,vs LHB
841,Pedro Pages,686780,11,6.0,2,6,0,3,2,6.0,6.0,0.182,0.273,0.545,0.0,0.182,1.0,1.83,vs LHB
842,Penn Murfee,682171,69,19.0,32,11,12,26,11,32.0,23.0,0.464,0.377,0.159,0.174,0.159,0.719,3.63,vs LHB
843,Pete Fairbanks,664126,915,222.0,448,140,167,327,167,421.0,308.0,0.49,0.357,0.153,0.183,0.183,0.732,4.12,vs LHB
844,Peter Lambert,663567,1461,357.0,671,227,279,563,205,693.0,507.0,0.459,0.385,0.155,0.191,0.14,0.732,4.09,vs LHB
845,Peter Strzelecki,657265,133,27.0,59,15,29,59,18,56.0,44.0,0.444,0.444,0.113,0.218,0.135,0.786,4.93,vs LHB
846,Peyton Gray,682608,475,120.0,231,82,78,162,86,227.0,163.0,0.486,0.341,0.173,0.164,0.181,0.718,3.96,vs LHB
847,Peyton Pallette,688883,221,48.0,107,27,39,87,40,94.0,67.0,0.484,0.394,0.122,0.176,0.181,0.713,4.6,vs LHB
848,Phil Maton,664208,686,167.0,353,95,127,238,126,322.0,224.0,0.515,0.347,0.138,0.185,0.184,0.696,4.11,vs LHB
849,Philip Abner,691769,182,47.0,88,33,38,61,28,93.0,72.0,0.484,0.335,0.181,0.209,0.154,0.774,3.87,vs LHB
850,Pierce Johnson,572955,829,204.0,387,139,131,303,167,359.0,270.0,0.467,0.366,0.168,0.158,0.201,0.752,4.06,vs LHB
851,Pierson Ohl,701487,285,75.0,129,60,51,96,51,138.0,112.0,0.453,0.337,0.211,0.179,0.179,0.812,3.8,vs LHB
852,Porter Hodge,687863,244,60.0,123,37,47,84,42,118.0,84.0,0.504,0.344,0.152,0.193,0.172,0.712,4.07,vs LHB
853,Quinn Mathews,687273,227,52.0,107,34,35,86,40,101.0,69.0,0.471,0.379,0.15,0.154,0.176,0.683,4.37,vs LHB
854,Quinn Priester,682990,1123,303.0,471,212,168,440,179,504.0,387.0,0.419,0.392,0.189,0.15,0.159,0.768,3.71,vs LHB
855,Rafael Flores Jr.,804668,5,3.0,1,3,0,1,1,3.0,3.0,0.2,0.2,0.6,0.0,0.2,1.0,1.67,vs LHB
856,Rafael Montero,606160,453,106.0,195,71,77,187,53,213.0,151.0,0.43,0.413,0.157,0.17,0.117,0.709,4.27,vs LHB
857,Raisel Iglesias,628452,1028,271.0,514,185,174,329,174,525.0,362.0,0.5,0.32,0.18,0.169,0.169,0.69,3.79,vs LHB
858,Randy Dobnak,677976,785,201.0,333,159,145,293,130,362.0,305.0,0.424,0.373,0.203,0.185,0.166,0.843,3.91,vs LHB
859,Randy Rodriguez,678495,416,104.0,225,56,94,135,72,209.0,151.0,0.541,0.325,0.135,0.226,0.173,0.722,4.0,vs LHB
860,Randy Vasquez,681190,2372,610.0,1019,460,462,893,359,1120.0,925.0,0.43,0.376,0.194,0.195,0.151,0.826,3.89,vs LHB
861,Randy Wynne,691094,35,7.0,19,4,15,12,2,21.0,19.0,0.543,0.343,0.114,0.429,0.057,0.905,5.0,vs LHB
862,Ranger Suarez,624133,1146,303.0,551,200,189,395,219,532.0,390.0,0.481,0.345,0.175,0.165,0.191,0.733,3.78,vs LHB
863,Ray Kerr,678061,68,22.0,35,15,11,18,16,34.0,27.0,0.515,0.265,0.221,0.162,0.235,0.794,3.09,vs LHB
864,Raymond Burgos,670103,78,25.0,34,22,14,22,12,44.0,36.0,0.436,0.282,0.282,0.179,0.154,0.818,3.12,vs LHB
865,Reed Garrett,657585,458,105.0,206,63,81,189,69,200.0,144.0,0.45,0.413,0.138,0.177,0.151,0.72,4.36,vs LHB
866,Reese McGuire,624512,7,2.0,3,2,0,2,3,2.0,2.0,0.429,0.286,0.286,0.0,0.429,1.0,3.5,vs LHB
867,Reese Olson,681857,540,129.0,254,86,93,200,85,255.0,181.0,0.47,0.37,0.159,0.172,0.157,0.71,4.19,vs LHB
868,Reid Detmers,672282,1078,280.0,530,186,179,362,176,540.0,371.0,0.492,0.336,0.173,0.166,0.163,0.687,3.85,vs LHB
869,Reiver Sanmartin,665665,155,43.0,70,28,12,57,33,65.0,40.0,0.452,0.368,0.181,0.077,0.213,0.615,3.6,vs LHB
870,Reynaldo Lopez,625643,890,206.0,374,128,146,388,130,372.0,277.0,0.42,0.436,0.144,0.164,0.146,0.745,4.32,vs LHB
871,Rhett Lowder,695076,1435,359.0,591,247,233,597,237,601.0,481.0,0.412,0.416,0.172,0.162,0.165,0.8,4.0,vs LHB
872,Rich Hill,448179,40,11.0,14,7,3,19,6,15.0,10.0,0.35,0.475,0.175,0.075,0.15,0.667,3.64,vs LHB
873,Richard Fitts,690916,338,82.0,153,53,69,132,49,157.0,123.0,0.453,0.391,0.157,0.204,0.145,0.783,4.12,vs LHB
874,Richard Lovelady,663992,373,105.0,175,68,58,130,67,176.0,126.0,0.469,0.349,0.182,0.155,0.18,0.716,3.55,vs LHB
875,Ricky Tiedemann,694357,68,17.0,34,8,8,26,17,25.0,16.0,0.5,0.382,0.118,0.118,0.25,0.64,4.0,vs LHB
876,Ricky Vanasco,676568,74,15.0,35,11,10,28,16,30.0,21.0,0.473,0.378,0.149,0.135,0.216,0.7,4.93,vs LHB
877,Rico Garcia,670329,943,223.0,463,134,162,346,135,462.0,297.0,0.491,0.367,0.142,0.172,0.143,0.643,4.23,vs LHB
878,Riley Cornelio,683000,275,72.0,112,47,48,116,28,131.0,97.0,0.407,0.422,0.171,0.175,0.102,0.74,3.82,vs LHB
879,Riley Martin,702303,53,13.0,28,6,14,19,7,27.0,20.0,0.528,0.358,0.113,0.264,0.132,0.741,4.08,vs LHB
880,Riley O'Brien,676617,885,229.0,411,141,153,333,148,404.0,296.0,0.464,0.376,0.159,0.173,0.167,0.733,3.86,vs LHB
881,River Ryan,689981,34,9.0,15,6,4,13,6,15.0,10.0,0.441,0.382,0.176,0.118,0.176,0.667,3.78,vs LHB
882,Roansy Contreras,672710,93,25.0,40,21,15,32,17,44.0,36.0,0.43,0.344,0.226,0.161,0.183,0.818,3.72,vs LHB
883,Rob Zastryzny,642239,204,51.0,100,33,32,71,24,109.0,66.0,0.49,0.348,0.162,0.157,0.118,0.606,4.0,vs LHB
884,Robbie Ray,592662,1351,349.0,598,238,240,515,179,657.0,480.0,0.443,0.381,0.176,0.178,0.132,0.731,3.87,vs LHB
885,Robby Ahlstrom,695239,285,79.0,130,56,48,99,46,140.0,104.0,0.456,0.347,0.196,0.168,0.161,0.743,3.61,vs LHB
886,Robby Snelling,702281,31,8.0,14,6,4,11,4,16.0,10.0,0.452,0.355,0.194,0.129,0.129,0.625,3.88,vs LHB
887,Robert Garcia,676395,433,124.0,217,87,81,129,80,224.0,169.0,0.501,0.298,0.201,0.187,0.185,0.754,3.49,vs LHB
888,Robert Gasser,688107,573,143.0,274,92,97,207,99,267.0,191.0,0.478,0.361,0.161,0.169,0.173,0.715,4.01,vs LHB
889,Robert Stephenson,596112,57,16.0,33,11,10,13,9,35.0,21.0,0.579,0.228,0.193,0.175,0.158,0.6,3.56,vs LHB
890,Robert Stock,476594,388,105.0,174,71,74,143,57,187.0,146.0,0.448,0.369,0.183,0.191,0.147,0.781,3.7,vs LHB
891,Robert Suarez,663158,847,202.0,418,138,204,291,102,454.0,346.0,0.494,0.344,0.163,0.241,0.12,0.762,4.19,vs LHB
892,Robinson Pina,673820,37,8.0,16,7,7,14,5,18.0,14.0,0.432,0.378,0.189,0.189,0.135,0.778,4.62,vs LHB
893,Roddery Munoz,682610,144,30.0,72,16,34,56,14,74.0,50.0,0.5,0.389,0.111,0.236,0.097,0.676,4.8,vs LHB
894,Rodolfo Duran,660710,14,7.0,4,7,3,3,1,10.0,10.0,0.286,0.214,0.5,0.214,0.071,1.0,2.0,vs LHB
895,Roki Sasaki,808963,1579,381.0,721,249,282,609,203,767.0,531.0,0.457,0.386,0.158,0.179,0.129,0.692,4.14,vs LHB
896,Rolddy Munoz,691548,71,16.0,38,8,11,25,14,32.0,19.0,0.535,0.352,0.113,0.155,0.197,0.594,4.44,vs LHB
897,Ron Marinaccio,676760,620,146.0,264,95,116,261,77,282.0,211.0,0.426,0.421,0.153,0.187,0.124,0.748,4.25,vs LHB
898,Ronel Blanco,669854,678,168.0,305,115,121,258,102,318.0,236.0,0.45,0.381,0.17,0.178,0.15,0.742,4.04,vs LHB
899,Ronny Henriquez,678692,555,146.0,264,80,92,211,81,263.0,173.0,0.476,0.38,0.144,0.166,0.146,0.658,3.8,vs LHB
900,Rowdy Tellez,642133,3,3.0,0,3,0,0,0,3.0,3.0,0.0,0.0,1.0,0.0,0.0,1.0,1.0,vs LHB
901,Ryan Bergert,686701,734,183.0,347,123,147,264,121,349.0,271.0,0.473,0.36,0.168,0.2,0.165,0.777,4.01,vs LHB
902,Ryan Borucki,621366,477,119.0,216,78,66,183,73,221.0,146.0,0.453,0.384,0.164,0.138,0.153,0.661,4.01,vs LHB
903,Ryan Brasier,518489,160,39.0,75,27,39,58,21,81.0,66.0,0.469,0.362,0.169,0.244,0.131,0.815,4.1,vs LHB
904,Ryan Burr,621114,7,1.0,3,1,0,3,3,1.0,1.0,0.429,0.429,0.143,0.0,0.429,1.0,7.0,vs LHB
905,Ryan Feltner,663372,1364,357.0,590,252,235,522,192,650.0,489.0,0.433,0.383,0.185,0.172,0.141,0.752,3.82,vs LHB
906,Ryan Fernandez,681676,470,116.0,211,68,77,191,55,224.0,145.0,0.449,0.406,0.145,0.164,0.117,0.647,4.05,vs LHB
907,Ryan Fitzgerald,680837,11,3.0,3,3,1,5,2,4.0,4.0,0.273,0.455,0.273,0.091,0.182,1.0,3.67,vs LHB
908,Ryan Gusto,687473,1803,453.0,841,316,350,646,314,842.0,666.0,0.466,0.358,0.175,0.194,0.174,0.791,3.98,vs LHB
909,Ryan Helsley,664854,655,172.0,326,109,112,220,99,336.0,223.0,0.498,0.336,0.166,0.171,0.151,0.664,3.81,vs LHB
910,Ryan Johnson,696270,1111,275.0,492,197,196,422,180,509.0,397.0,0.443,0.38,0.177,0.176,0.162,0.78,4.04,vs LHB
911,Ryan Loutos,702795,98,29.0,43,19,13,36,21,41.0,32.0,0.439,0.367,0.194,0.133,0.214,0.78,3.38,vs LHB
912,Ryan Pepiot,686752,1287,318.0,635,194,262,458,195,634.0,458.0,0.493,0.356,0.151,0.204,0.152,0.722,4.05,vs LHB
913,Ryan Pressly,519151,335,94.0,143,68,60,124,55,156.0,129.0,0.427,0.37,0.203,0.179,0.164,0.827,3.56,vs LHB
914,Ryan Rolison,669020,759,201.0,346,141,140,272,122,365.0,282.0,0.456,0.358,0.186,0.184,0.161,0.773,3.78,vs LHB
915,Ryan Thompson,657044,564,152.0,236,121,98,207,90,267.0,222.0,0.418,0.367,0.215,0.174,0.16,0.831,3.71,vs LHB
916,Ryan Walker,676254,733,175.0,357,111,154,265,128,340.0,265.0,0.487,0.362,0.151,0.21,0.175,0.779,4.19,vs LHB
917,Ryan Watson,670245,592,148.0,263,102,103,227,84,281.0,206.0,0.444,0.383,0.172,0.174,0.142,0.733,4.0,vs LHB
918,Ryan Weathers,677960,637,168.0,301,113,93,223,107,307.0,207.0,0.473,0.35,0.177,0.146,0.168,0.674,3.79,vs LHB
919,Ryan Weiss,680802,324,80.0,141,51,58,132,51,141.0,110.0,0.435,0.407,0.157,0.179,0.157,0.78,4.05,vs LHB
920,Ryan Yarbrough,642232,713,187.0,341,134,122,238,127,348.0,257.0,0.478,0.334,0.188,0.171,0.178,0.739,3.81,vs LHB
921,Ryan Zeferjahn,666171,1027,244.0,470,142,161,415,175,437.0,305.0,0.458,0.404,0.138,0.157,0.17,0.698,4.21,vs LHB
922,Ryne Nelson,669194,1846,476.0,839,356,377,651,277,918.0,735.0,0.454,0.353,0.193,0.204,0.15,0.801,3.88,vs LHB
923,Ryne Stanek,592773,950,230.0,426,151,196,373,100,477.0,347.0,0.448,0.393,0.159,0.206,0.105,0.727,4.13,vs LHB
924,Sam Bachman,696147,582,144.0,266,81,84,235,101,246.0,165.0,0.457,0.404,0.139,0.144,0.174,0.671,4.04,vs LHB
925,Sam Hentges,656529,324,78.0,147,46,49,131,59,134.0,97.0,0.454,0.404,0.142,0.151,0.182,0.724,4.15,vs LHB
926,Sam Long,669674,301,75.0,127,53,43,121,56,124.0,96.0,0.422,0.402,0.176,0.143,0.186,0.774,4.01,vs LHB
927,Sam Moll,594580,736,182.0,355,108,112,273,148,315.0,220.0,0.482,0.371,0.147,0.152,0.201,0.698,4.04,vs LHB
928,Sammy Peralta,671111,215,62.0,102,37,33,76,42,97.0,71.0,0.474,0.353,0.172,0.153,0.195,0.732,3.47,vs LHB
929,Samuel Aldegheri,691951,279,66.0,114,43,57,122,38,119.0,100.0,0.409,0.437,0.154,0.204,0.136,0.84,4.23,vs LHB
930,Samy Natera Jr.,696519,247,56.0,125,26,36,96,45,106.0,65.0,0.506,0.389,0.105,0.146,0.182,0.613,4.41,vs LHB
931,Sandy Alcantara,645261,3494,901.0,1567,664,680,1263,515,1716.0,1355.0,0.448,0.361,0.19,0.195,0.147,0.79,3.88,vs LHB
932,Sauryn Lao,666659,80,23.0,36,20,12,24,13,43.0,32.0,0.45,0.3,0.25,0.15,0.162,0.744,3.48,vs LHB
933,Sawyer Gipson-Long,687830,242,70.0,112,48,37,82,41,119.0,85.0,0.463,0.339,0.198,0.153,0.169,0.714,3.46,vs LHB
934,Scott Alexander,518397,161,39.0,69,30,32,62,23,76.0,62.0,0.429,0.385,0.186,0.199,0.143,0.816,4.13,vs LHB
935,Scott Barlow,605130,768,185.0,349,113,116,306,136,326.0,229.0,0.454,0.398,0.147,0.151,0.177,0.702,4.15,vs LHB
936,Scott Blewett,656240,606,161.0,264,114,110,228,78,300.0,224.0,0.436,0.376,0.188,0.182,0.129,0.747,3.76,vs LHB
937,Scott Effross,664123,60,20.0,18,19,9,23,4,33.0,28.0,0.3,0.383,0.317,0.15,0.067,0.848,3.0,vs LHB
938,Scott Kingery,664068,11,5.0,5,4,1,2,1,8.0,5.0,0.455,0.182,0.364,0.091,0.091,0.625,2.2,vs LHB
939,Scott McGough,543518,157,39.0,71,21,26,65,21,71.0,47.0,0.452,0.414,0.134,0.166,0.134,0.662,4.03,vs LHB
940,Sean Burke,680732,2918,710.0,1400,450,587,1068,476,1374.0,1040.0,0.48,0.366,0.154,0.201,0.163,0.757,4.11,vs LHB
941,Sean Guenther,674944,70,21.0,32,15,7,23,17,30.0,24.0,0.457,0.329,0.214,0.1,0.243,0.8,3.33,vs LHB
942,Sean Hjelle,663546,113,32.0,40,25,14,48,17,48.0,39.0,0.354,0.425,0.221,0.124,0.15,0.812,3.53,vs LHB
943,Sean Manaea,640455,1014,256.0,511,167,202,336,180,498.0,373.0,0.504,0.331,0.165,0.199,0.178,0.749,3.96,vs LHB
944,Sean Newcomb,656794,994,263.0,475,178,173,341,205,448.0,354.0,0.478,0.343,0.179,0.174,0.206,0.79,3.78,vs LHB
945,Sean Reynolds,669308,220,48.0,101,25,47,94,34,92.0,73.0,0.459,0.427,0.114,0.214,0.155,0.793,4.58,vs LHB
946,Sean Sullivan,807743,136,37.0,59,27,21,50,29,57.0,48.0,0.434,0.368,0.199,0.154,0.213,0.842,3.68,vs LHB
947,Seranthony Dominguez,622554,1026,236.0,451,146,174,429,148,449.0,320.0,0.44,0.418,0.142,0.17,0.144,0.713,4.35,vs LHB
948,Seth Halvorsen,678020,532,143.0,214,104,84,214,69,249.0,189.0,0.402,0.402,0.195,0.158,0.13,0.759,3.72,vs LHB
949,Seth Johnson,686751,357,94.0,177,60,73,120,60,177.0,133.0,0.496,0.336,0.168,0.204,0.168,0.751,3.8,vs LHB
950,Seth Lonsway,675920,11,2.0,5,1,0,5,4,2.0,1.0,0.455,0.455,0.091,0.0,0.364,0.5,5.5,vs LHB
951,Seth Lugo,607625,3196,820.0,1395,589,551,1212,562,1422.0,1152.0,0.436,0.379,0.184,0.172,0.176,0.81,3.9,vs LHB
952,Seth Martinez,661527,96,19.0,50,11,22,35,14,47.0,33.0,0.521,0.365,0.115,0.229,0.146,0.702,5.05,vs LHB
953,Shane Baz,669358,3078,799.0,1450,526,598,1102,496,1480.0,1128.0,0.471,0.358,0.171,0.194,0.161,0.762,3.85,vs LHB
954,Shane Bieber,669456,873,213.0,379,148,131,346,159,368.0,280.0,0.434,0.396,0.17,0.15,0.182,0.761,4.1,vs LHB
955,Shane Drohan,675660,568,158.0,273,111,82,184,100,284.0,196.0,0.481,0.324,0.195,0.144,0.176,0.69,3.59,vs LHB
956,Shane McClanahan,663556,407,110.0,182,75,60,150,74,183.0,136.0,0.447,0.369,0.184,0.147,0.182,0.743,3.7,vs LHB
957,Shane Smith,681343,1477,364.0,671,237,265,569,200,708.0,504.0,0.454,0.385,0.16,0.179,0.135,0.712,4.06,vs LHB
958,Shaun Anderson,641312,284,77.0,112,56,38,116,44,124.0,94.0,0.394,0.408,0.197,0.134,0.155,0.758,3.69,vs LHB
959,Shawn Armstrong,542888,705,179.0,348,116,153,241,125,339.0,270.0,0.494,0.342,0.165,0.217,0.177,0.796,3.94,vs LHB
960,Shawn Dubin,681869,233,58.0,98,41,42,94,32,107.0,84.0,0.421,0.403,0.176,0.18,0.137,0.785,4.02,vs LHB
961,Shelby Miller,571946,372,90.0,193,51,68,128,58,186.0,120.0,0.519,0.344,0.137,0.183,0.156,0.645,4.13,vs LHB
962,Shinnosuke Ogasawara,829272,298,74.0,126,51,44,121,45,132.0,97.0,0.423,0.406,0.171,0.148,0.151,0.735,4.03,vs LHB
963,Shohei Ohtani,660271,1098,274.0,532,174,199,392,183,523.0,373.0,0.485,0.357,0.158,0.181,0.167,0.713,4.01,vs LHB
964,Shota Imanaga,684007,1259,335.0,594,226,219,439,203,617.0,447.0,0.472,0.349,0.18,0.174,0.161,0.724,3.76,vs LHB
965,Simeon Woods Richardson,680573,1559,398.0,671,275,269,613,252,694.0,548.0,0.43,0.393,0.176,0.173,0.162,0.79,3.92,vs LHB
966,Slade Cecconi,677944,2234,569.0,1006,405,429,823,355,1056.0,835.0,0.45,0.368,0.181,0.192,0.159,0.791,3.93,vs LHB
967,Sonny Gray,543243,3019,815.0,1408,540,510,1071,529,1419.0,1055.0,0.466,0.355,0.179,0.169,0.175,0.743,3.7,vs LHB
968,Spencer Arrighetti,681293,1477,370.0,650,226,206,601,278,598.0,433.0,0.44,0.407,0.153,0.139,0.188,0.724,3.99,vs LHB
969,Spencer Bivens,702352,660,175.0,295,131,142,234,101,325.0,274.0,0.447,0.355,0.198,0.215,0.153,0.843,3.77,vs LHB
970,Spencer Miles,693686,799,207.0,380,150,164,269,139,391.0,315.0,0.476,0.337,0.188,0.205,0.174,0.806,3.86,vs LHB
971,Spencer Schwellenbach,680885,886,235.0,409,175,159,302,137,447.0,334.0,0.462,0.341,0.198,0.179,0.155,0.747,3.77,vs LHB
972,Spencer Strider,675911,1581,394.0,713,255,287,613,210,758.0,545.0,0.451,0.388,0.161,0.182,0.133,0.719,4.01,vs LHB
973,Spencer Turnbull,605513,44,14.0,19,10,6,15,9,20.0,16.0,0.432,0.341,0.227,0.136,0.205,0.8,3.14,vs LHB
974,Stephen Kolek,663568,1454,376.0,654,276,282,524,260,670.0,560.0,0.45,0.36,0.19,0.194,0.179,0.836,3.87,vs LHB
975,Steven Cruz,674444,869,225.0,412,139,170,318,105,446.0,310.0,0.474,0.366,0.16,0.196,0.121,0.695,3.86,vs LHB
976,Steven Matz,571927,869,241.0,411,191,148,267,193,409.0,340.0,0.473,0.307,0.22,0.17,0.222,0.831,3.61,vs LHB
977,Steven Okert,595345,914,233.0,438,158,138,318,157,439.0,300.0,0.479,0.348,0.173,0.151,0.172,0.683,3.92,vs LHB
978,Steven Wilson,621051,366,90.0,153,63,63,150,54,162.0,127.0,0.418,0.41,0.172,0.172,0.148,0.784,4.07,vs LHB
979,T.J. McFarland,519008,115,30.0,52,23,15,40,24,51.0,38.0,0.452,0.348,0.2,0.13,0.209,0.745,3.83,vs LHB
980,TJ Shook,669298,85,22.0,41,16,16,28,14,42.0,32.0,0.482,0.329,0.188,0.188,0.165,0.762,3.86,vs LHB
981,Taijuan Walker,592836,1396,362.0,586,265,227,545,244,607.0,492.0,0.42,0.39,0.19,0.163,0.175,0.811,3.86,vs LHB
982,Taj Bradley,671737,2964,739.0,1384,466,560,1114,464,1386.0,1026.0,0.467,0.376,0.157,0.189,0.157,0.74,4.01,vs LHB
983,Tanner Andrews,681084,27,6.0,6,4,2,17,3,7.0,6.0,0.222,0.63,0.148,0.074,0.111,0.857,4.5,vs LHB
984,Tanner Banks,621383,681,178.0,324,121,125,236,111,334.0,248.0,0.476,0.347,0.178,0.184,0.163,0.743,3.83,vs LHB
985,Tanner Bibee,676440,3265,851.0,1478,600,572,1187,526,1552.0,1180.0,0.453,0.364,0.184,0.175,0.161,0.76,3.84,vs LHB
986,Tanner Gordon,685299,1554,431.0,739,325,327,490,236,828.0,652.0,0.476,0.315,0.209,0.21,0.152,0.787,3.61,vs LHB
987,Tanner Houck,656557,431,115.0,173,82,61,176,77,178.0,143.0,0.401,0.408,0.19,0.142,0.179,0.803,3.75,vs LHB
988,Tanner McDougal,701780,11,2.0,5,1,3,5,1,5.0,4.0,0.455,0.455,0.091,0.273,0.091,0.8,5.5,vs LHB
989,Tanner Rainey,663432,168,40.0,80,24,28,64,24,80.0,52.0,0.476,0.381,0.143,0.167,0.143,0.65,4.2,vs LHB
990,Tanner Scott,656945,520,140.0,284,90,92,146,79,295.0,184.0,0.546,0.281,0.173,0.177,0.152,0.624,3.71,vs LHB
991,Tarik Skubal,669373,1028,286.0,554,187,217,287,185,556.0,405.0,0.539,0.279,0.182,0.211,0.18,0.728,3.59,vs LHB
992,Tatsuya Imai,837227,905,204.0,413,116,171,376,123,405.0,287.0,0.456,0.415,0.128,0.189,0.136,0.709,4.44,vs LHB
993,Tayler Saucedo,642048,306,79.0,131,50,44,125,45,136.0,94.0,0.428,0.408,0.163,0.144,0.147,0.691,3.87,vs LHB
994,Tayler Scott,605463,201,53.0,77,36,27,88,30,83.0,63.0,0.383,0.438,0.179,0.134,0.149,0.759,3.79,vs LHB
995,Taylor Clarke,664199,1021,252.0,439,196,200,386,138,497.0,398.0,0.43,0.378,0.192,0.196,0.135,0.801,4.05,vs LHB
996,Taylor Rashi,688497,181,42.0,83,26,24,72,37,72.0,50.0,0.459,0.398,0.144,0.133,0.204,0.694,4.31,vs LHB
997,Taylor Rogers,573124,963,245.0,441,155,124,367,214,382.0,287.0,0.458,0.381,0.161,0.129,0.222,0.751,3.93,vs LHB
998,Tejay Antone,622088,373,98.0,182,66,58,125,79,169.0,125.0,0.488,0.335,0.177,0.155,0.212,0.74,3.81,vs LHB
999,Thomas Harrington,802419,71,17.0,35,10,14,26,10,35.0,24.0,0.493,0.366,0.141,0.197,0.141,0.686,4.18,vs LHB
1000,Thomas Hatch,641672,342,90.0,138,69,73,135,36,171.0,142.0,0.404,0.395,0.202,0.213,0.105,0.83,3.8,vs LHB
1001,Thomas Pannone,623381,30,9.0,13,7,4,10,6,14.0,11.0,0.433,0.333,0.233,0.133,0.2,0.786,3.33,vs LHB
1002,Tim Herrin,682120,777,192.0,356,111,93,310,139,328.0,205.0,0.458,0.399,0.143,0.12,0.179,0.625,4.05,vs LHB
1003,Tim Hill,657612,913,266.0,447,208,191,258,162,493.0,408.0,0.49,0.283,0.228,0.209,0.177,0.828,3.43,vs LHB
1004,Tim Mayza,641835,559,139.0,260,99,88,200,119,240.0,188.0,0.465,0.358,0.177,0.157,0.213,0.783,4.02,vs LHB
1005,Tobias Myers,668964,837,217.0,403,155,177,279,130,428.0,333.0,0.481,0.333,0.185,0.211,0.155,0.778,3.86,vs LHB
1006,Tom Cosgrove,676680,115,33.0,59,23,27,33,16,66.0,51.0,0.513,0.287,0.2,0.235,0.139,0.773,3.48,vs LHB
1007,Tomas Nido,621512,5,3.0,1,3,0,1,1,3.0,3.0,0.2,0.2,0.6,0.0,0.2,1.0,1.67,vs LHB
1008,Tommy Henry,674072,31,8.0,16,6,7,9,6,16.0,13.0,0.516,0.29,0.194,0.226,0.194,0.812,3.88,vs LHB
1009,Tommy Kahnle,592454,670,168.0,283,123,106,264,101,305.0,229.0,0.422,0.394,0.184,0.158,0.151,0.751,3.99,vs LHB
1010,Tommy Nance,667297,659,163.0,321,97,111,241,131,287.0,211.0,0.487,0.366,0.147,0.168,0.199,0.735,4.04,vs LHB
1011,Tomoyuki Sugano,608372,2761,711.0,1136,554,475,1071,401,1289.0,1036.0,0.411,0.388,0.201,0.172,0.145,0.804,3.88,vs LHB
1012,Tony Gonsolin,664062,386,101.0,165,66,45,155,75,156.0,113.0,0.427,0.402,0.171,0.117,0.194,0.724,3.82,vs LHB
1013,Tony Santillan,663574,1019,255.0,465,161,199,393,150,476.0,362.0,0.456,0.386,0.158,0.195,0.147,0.761,4.0,vs LHB
1014,Touki Toussaint,657053,11,5.0,3,5,1,3,2,6.0,6.0,0.273,0.273,0.455,0.091,0.182,1.0,2.2,vs LHB
1015,Travis Adams,701519,875,224.0,383,154,151,338,129,408.0,307.0,0.438,0.386,0.176,0.173,0.147,0.752,3.91,vs LHB
1016,Travis Jankowski,608671,2,2.0,0,1,0,1,0,1.0,1.0,0.0,0.5,0.5,0.0,0.0,1.0,1.0,vs LHB
1017,Trent Harris,805345,214,52.0,108,31,31,75,55,84.0,63.0,0.505,0.35,0.145,0.145,0.257,0.75,4.12,vs LHB
1018,Trent Thornton,663423,668,166.0,317,112,135,239,126,303.0,248.0,0.475,0.358,0.168,0.202,0.189,0.818,4.02,vs LHB
1019,Trevor Martin,694680,133,38.0,54,30,22,49,21,63.0,52.0,0.406,0.368,0.226,0.165,0.158,0.825,3.5,vs LHB
1020,Trevor McDonald,686790,715,201.0,296,146,101,273,123,318.0,250.0,0.414,0.382,0.204,0.141,0.172,0.786,3.56,vs LHB
1021,Trevor Megill,656730,779,209.0,388,130,132,261,141,377.0,262.0,0.498,0.335,0.167,0.169,0.181,0.695,3.73,vs LHB
1022,Trevor Richards,670950,602,157.0,265,118,120,219,85,298.0,238.0,0.44,0.364,0.196,0.199,0.141,0.799,3.83,vs LHB
1023,Trevor Rogers,669432,981,248.0,501,164,184,316,177,488.0,353.0,0.511,0.322,0.167,0.188,0.18,0.723,3.96,vs LHB
1024,Trevor Williams,592866,1015,259.0,440,200,168,375,170,470.0,373.0,0.433,0.369,0.197,0.166,0.167,0.794,3.92,vs LHB
1025,Trey Gibson,694346,350,93.0,148,61,52,141,59,150.0,113.0,0.423,0.403,0.174,0.149,0.169,0.753,3.76,vs LHB
1026,Trey Yesavage,702056,1014,258.0,458,166,156,390,148,476.0,322.0,0.452,0.385,0.164,0.154,0.146,0.676,3.93,vs LHB
1027,Tristan Beck,663941,525,146.0,237,111,101,177,84,264.0,212.0,0.451,0.337,0.211,0.192,0.16,0.803,3.6,vs LHB
1028,Triston McKenzie,663474,55,14.0,17,11,11,27,5,23.0,22.0,0.309,0.491,0.2,0.2,0.091,0.957,3.93,vs LHB
1029,Troy Johnston,687859,22,4.0,11,3,9,8,1,13.0,12.0,0.5,0.364,0.136,0.409,0.045,0.923,5.5,vs LHB
1030,Troy Melton,675512,1421,375.0,621,269,279,531,199,691.0,548.0,0.437,0.374,0.189,0.196,0.14,0.793,3.79,vs LHB
1031,Troy Taylor,700187,64,17.0,27,15,14,22,8,34.0,30.0,0.422,0.344,0.234,0.219,0.125,0.882,3.76,vs LHB
1032,Tucker Barnhart,571466,14,6.0,4,5,1,5,3,6.0,6.0,0.286,0.357,0.357,0.071,0.214,1.0,2.33,vs LHB
1033,Ty Adcock,686654,50,8.0,29,3,19,18,5,27.0,22.0,0.58,0.36,0.06,0.38,0.1,0.815,6.25,vs LHB
1034,Ty Blach,621389,16,4.0,8,2,3,6,2,8.0,5.0,0.5,0.375,0.125,0.188,0.125,0.625,4.0,vs LHB
1035,Ty Johnson,694494,44,10.0,22,4,10,18,7,19.0,14.0,0.5,0.409,0.091,0.227,0.159,0.737,4.4,vs LHB
1036,Ty Madden,680744,370,96.0,162,66,72,142,41,187.0,138.0,0.438,0.384,0.178,0.195,0.111,0.738,3.85,vs LHB
1037,Tyler Alexander,641302,1091,306.0,516,235,193,340,190,561.0,441.0,0.473,0.312,0.215,0.177,0.174,0.786,3.57,vs LHB
1038,Tyler Anderson,542881,677,179.0,277,131,109,269,107,301.0,240.0,0.409,0.397,0.194,0.161,0.158,0.797,3.78,vs LHB
1039,Tyler Callihan,682997,29,8.0,9,6,6,14,3,12.0,12.0,0.31,0.483,0.207,0.207,0.103,1.0,3.62,vs LHB
1040,Tyler Davis,699823,184,45.0,85,30,40,69,17,98.0,70.0,0.462,0.375,0.163,0.217,0.092,0.714,4.09,vs LHB
1041,Tyler Ferguson,621053,438,106.0,176,71,73,191,55,192.0,145.0,0.402,0.436,0.162,0.167,0.126,0.755,4.13,vs LHB
1042,Tyler Gilbert,656457,472,122.0,220,75,66,177,79,216.0,142.0,0.466,0.375,0.159,0.14,0.167,0.657,3.87,vs LHB
1043,Tyler Glasnow,607192,1341,341.0,617,209,201,515,260,566.0,411.0,0.46,0.384,0.156,0.15,0.194,0.726,3.93,vs LHB
1044,Tyler Heineman,623168,53,24.0,17,21,7,15,10,28.0,28.0,0.321,0.283,0.396,0.132,0.189,1.0,2.21,vs LHB
1045,Tyler Holton,663947,979,268.0,446,191,129,342,193,444.0,324.0,0.456,0.349,0.195,0.132,0.197,0.73,3.65,vs LHB
1046,Tyler Kinley,641755,1032,247.0,476,158,177,398,150,484.0,338.0,0.461,0.386,0.153,0.172,0.145,0.698,4.18,vs LHB
1047,Tyler Mahle,641816,1879,479.0,890,332,362,657,300,921.0,697.0,0.474,0.35,0.177,0.193,0.16,0.757,3.92,vs LHB
1048,Tyler Matzek,554431,47,15.0,16,11,6,20,7,20.0,17.0,0.34,0.426,0.234,0.128,0.149,0.85,3.13,vs LHB
1049,Tyler Owens,687074,24,6.0,5,4,1,15,3,6.0,5.0,0.208,0.625,0.167,0.042,0.125,0.833,4.0,vs LHB
1050,Tyler Phillips,663969,1708,440.0,745,308,242,655,297,756.0,554.0,0.436,0.383,0.18,0.142,0.174,0.733,3.88,vs LHB
1051,Tyler Rogers,643511,1044,299.0,500,241,221,303,220,521.0,464.0,0.479,0.29,0.231,0.212,0.211,0.891,3.49,vs LHB
1052,Tyler Samaniego,701719,161,41.0,73,26,22,62,29,70.0,52.0,0.453,0.385,0.161,0.137,0.18,0.743,3.93,vs LHB
1053,Tyler Schweitzer,805326,228,62.0,93,49,40,86,26,116.0,89.0,0.408,0.377,0.215,0.175,0.114,0.767,3.68,vs LHB
1054,Tyler Tolbert,686475,61,20.0,19,19,3,23,15,23.0,22.0,0.311,0.377,0.311,0.049,0.246,0.957,3.05,vs LHB
1055,Tyler Uberstine,700413,10,2.0,5,2,1,3,4,3.0,3.0,0.5,0.3,0.2,0.1,0.4,1.0,5.0,vs LHB
1056,Tyler Wade,642180,9,3.0,1,2,0,6,1,2.0,2.0,0.111,0.667,0.222,0.0,0.111,1.0,3.0,vs LHB
1057,Tyler Wells,669330,792,198.0,403,135,154,254,131,407.0,291.0,0.509,0.321,0.17,0.194,0.165,0.715,4.0,vs LHB
1058,Tyler Zuber,676604,390,102.0,175,75,71,140,65,185.0,146.0,0.449,0.359,0.192,0.182,0.167,0.789,3.82,vs LHB
1059,Tylor Megill,656731,594,149.0,280,85,102,229,90,275.0,188.0,0.471,0.386,0.143,0.172,0.152,0.684,3.99,vs LHB
1060,Tyron Guerrero,594027,286,73.0,153,46,68,87,31,168.0,114.0,0.535,0.304,0.161,0.238,0.108,0.679,3.92,vs LHB
1061,Valente Bellozo,678368,727,184.0,304,144,111,279,113,335.0,257.0,0.418,0.384,0.198,0.153,0.155,0.767,3.95,vs LHB
1062,Victor Mederos,682989,427,115.0,183,77,72,167,57,202.0,149.0,0.429,0.391,0.18,0.169,0.133,0.738,3.71,vs LHB
1063,Victor Robles,645302,10,4.0,2,4,1,4,1,5.0,5.0,0.2,0.4,0.4,0.1,0.1,1.0,2.5,vs LHB
1064,Victor Vodnik,680767,1001,250.0,403,173,158,425,127,449.0,334.0,0.403,0.425,0.173,0.158,0.127,0.744,4.0,vs LHB
1065,Vidal Brujan,660644,13,6.0,2,5,0,6,2,5.0,5.0,0.154,0.462,0.385,0.0,0.154,1.0,2.17,vs LHB
1066,Vince Velasquez,592826,23,7.0,10,6,3,7,5,11.0,9.0,0.435,0.304,0.261,0.13,0.217,0.818,3.29,vs LHB
1067,Vinny Capra,681962,8,6.0,1,6,0,1,1,6.0,6.0,0.125,0.125,0.75,0.0,0.125,1.0,1.33,vs LHB
1068,Wade Miley,489119,57,16.0,29,13,16,15,10,32.0,29.0,0.509,0.263,0.228,0.281,0.175,0.906,3.56,vs LHB
1069,Walbert Urena,700712,1383,342.0,619,227,230,537,219,627.0,461.0,0.448,0.388,0.164,0.166,0.158,0.735,4.04,vs LHB
1070,Walker Buehler,621111,2704,676.0,1208,475,504,1021,478,1205.0,984.0,0.447,0.378,0.176,0.186,0.177,0.817,4.0,vs LHB
1071,Wander Suero,593833,54,12.0,22,12,11,20,5,29.0,23.0,0.407,0.37,0.222,0.204,0.093,0.793,4.5,vs LHB
1072,Wandy Peralta,593974,1104,284.0,523,195,221,386,154,564.0,420.0,0.474,0.35,0.177,0.2,0.139,0.745,3.89,vs LHB
1073,Welinton Herrera,700327,25,5.0,13,2,7,10,3,12.0,9.0,0.52,0.4,0.08,0.28,0.12,0.75,5.0,vs LHB
1074,Weston Wilson,642215,29,13.0,10,13,2,6,8,15.0,15.0,0.345,0.207,0.448,0.069,0.276,1.0,2.23,vs LHB
1075,Wikelman Gonzalez,682790,207,50.0,91,30,30,86,32,89.0,60.0,0.44,0.415,0.145,0.145,0.155,0.674,4.14,vs LHB
1076,Wilber Dotel,696062,390,90.0,196,55,79,139,68,183.0,134.0,0.503,0.356,0.141,0.203,0.174,0.732,4.33,vs LHB
1077,Wilkin Ramos,678576,36,8.0,13,4,2,19,8,9.0,6.0,0.361,0.528,0.111,0.056,0.222,0.667,4.5,vs LHB
1078,Will Dion,702021,291,71.0,141,46,62,104,38,149.0,108.0,0.485,0.357,0.158,0.213,0.131,0.725,4.1,vs LHB
1079,Will Klein,694361,573,133.0,267,77,92,229,102,242.0,169.0,0.466,0.4,0.134,0.161,0.178,0.698,4.31,vs LHB
1080,Will Vest,676684,802,184.0,404,108,156,290,123,389.0,266.0,0.504,0.362,0.135,0.195,0.153,0.684,4.36,vs LHB
1081,Will Warren,701542,3051,775.0,1301,533,467,1217,583,1251.0,1009.0,0.426,0.399,0.175,0.153,0.191,0.807,3.94,vs LHB
1082,Will Wilson,669717,13,5.0,2,5,1,6,1,6.0,6.0,0.154,0.462,0.385,0.077,0.077,1.0,2.6,vs LHB
1083,Willi Castro,650489,2,1.0,0,1,0,1,0,1.0,1.0,0.0,0.5,0.5,0.0,0.0,1.0,2.0,vs LHB
1084,William Kempner,687531,137,33.0,75,18,24,44,22,71.0,42.0,0.547,0.321,0.131,0.175,0.161,0.592,4.15,vs LHB
1085,Willie MacIver,680862,3,3.0,0,3,0,0,0,3.0,3.0,0.0,0.0,1.0,0.0,0.0,1.0,1.0,vs LHB
1086,Winston Santos,692437,21,6.0,9,5,2,7,5,9.0,7.0,0.429,0.333,0.238,0.095,0.238,0.778,3.5,vs LHB
1087,Woo-Suk Go,808970,52,13.0,25,9,12,18,7,27.0,21.0,0.481,0.346,0.173,0.231,0.135,0.778,4.0,vs LHB
1088,Wyatt Mills,670090,53,13.0,23,9,10,21,8,24.0,20.0,0.434,0.396,0.17,0.189,0.151,0.833,4.08,vs LHB
1089,Wyatt Olds,681544,149,33.0,74,16,30,59,18,72.0,46.0,0.497,0.396,0.107,0.201,0.121,0.639,4.52,vs LHB
1090,Xzavion Curry,675540,198,60.0,74,46,22,78,32,87.0,68.0,0.374,0.394,0.232,0.111,0.162,0.782,3.3,vs LHB
1091,Yacksel Rios,605441,7,3.0,3,2,0,2,2,3.0,2.0,0.429,0.286,0.286,0.0,0.286,0.667,2.33,vs LHB
1092,Yaramil Hiraldo,682274,239,61.0,113,33,40,93,20,126.0,73.0,0.473,0.389,0.138,0.167,0.084,0.579,3.92,vs LHB
1093,Yariel Rodriguez,684320,553,143.0,210,96,94,247,69,237.0,191.0,0.38,0.447,0.174,0.17,0.125,0.806,3.87,vs LHB
1094,Yennier Cano,666974,708,188.0,292,137,104,279,108,321.0,243.0,0.412,0.394,0.194,0.147,0.153,0.757,3.77,vs LHB
1095,Yerry De los Santos,660787,370,91.0,169,66,74,135,54,181.0,140.0,0.457,0.365,0.178,0.2,0.146,0.773,4.07,vs LHB
1096,Yilber Diaz,700270,118,27.0,55,18,21,45,22,51.0,39.0,0.466,0.381,0.153,0.178,0.186,0.765,4.37,vs LHB
1097,Yimi Garcia,554340,186,43.0,90,27,35,69,31,86.0,63.0,0.484,0.371,0.145,0.188,0.167,0.733,4.33,vs LHB
1098,Yoendrys Gomez,672782,1229,311.0,554,211,241,464,178,587.0,455.0,0.451,0.378,0.172,0.196,0.145,0.775,3.95,vs LHB
1099,Yohan Ramirez,670990,960,225.0,454,124,193,382,147,431.0,320.0,0.473,0.398,0.129,0.201,0.153,0.742,4.27,vs LHB
1100,Yoshinobu Yamamoto,808967,2843,698.0,1397,456,531,990,496,1356.0,994.0,0.491,0.348,0.16,0.187,0.174,0.733,4.07,vs LHB
1101,Yosver Zulueta,691172,52,14.0,25,12,7,15,10,27.0,19.0,0.481,0.288,0.231,0.135,0.192,0.704,3.71,vs LHB
1102,Yovanny Cruz,672442,109,27.0,55,17,20,37,17,55.0,37.0,0.505,0.339,0.156,0.183,0.156,0.673,4.04,vs LHB
1103,Yu Darvish,506433,615,155.0,266,109,107,240,100,275.0,218.0,0.433,0.39,0.177,0.174,0.163,0.793,3.97,vs LHB
1104,Yuki Matsui,673513,965,243.0,441,150,163,374,129,462.0,317.0,0.457,0.388,0.155,0.169,0.134,0.686,3.97,vs LHB
1105,Yunior Marte,628708,10,2.0,5,2,1,3,1,6.0,3.0,0.5,0.3,0.2,0.1,0.1,0.5,5.0,vs LHB
1106,Yunior Marte,805074,175,41.0,63,31,28,81,22,72.0,59.0,0.36,0.463,0.177,0.16,0.126,0.819,4.27,vs LHB
1107,Yunior Tur,814305,142,38.0,63,23,18,56,24,62.0,41.0,0.444,0.394,0.162,0.127,0.169,0.661,3.74,vs LHB
1108,Yusei Kikuchi,579328,890,230.0,427,146,172,317,140,433.0,320.0,0.48,0.356,0.164,0.193,0.157,0.739,3.87,vs LHB
1109,Zac Gallen,668678,2466,650.0,1042,488,352,936,447,1083.0,844.0,0.423,0.38,0.198,0.143,0.181,0.779,3.79,vs LHB
1110,Zac Thornton,804267,294,82.0,127,63,54,104,39,151.0,117.0,0.432,0.354,0.214,0.184,0.133,0.775,3.59,vs LHB
1111,Zach Agnos,688642,1035,265.0,440,194,192,401,131,503.0,387.0,0.425,0.387,0.187,0.186,0.127,0.769,3.91,vs LHB
1112,Zach Brzykcy,694350,264,59.0,122,34,53,108,22,134.0,87.0,0.462,0.409,0.129,0.201,0.083,0.649,4.47,vs LHB
1113,Zach Eflin,621107,721,195.0,310,155,128,256,112,353.0,286.0,0.43,0.355,0.215,0.178,0.155,0.81,3.7,vs LHB
1114,Zach Maxwell,687209,205,47.0,108,26,47,71,39,95.0,73.0,0.527,0.346,0.127,0.229,0.19,0.768,4.36,vs LHB
1115,Zach McCambley,685112,92,20.0,41,11,19,40,12,40.0,30.0,0.446,0.435,0.12,0.207,0.13,0.75,4.6,vs LHB
1116,Zach McKinstry,656716,24,6.0,10,5,3,9,5,10.0,8.0,0.417,0.375,0.208,0.125,0.208,0.8,4.0,vs LHB
1117,Zach Pop,647315,119,33.0,50,23,18,46,24,49.0,41.0,0.42,0.387,0.193,0.151,0.202,0.837,3.61,vs LHB
1118,Zach Thompson,605507,39,7.0,20,3,10,16,6,17.0,13.0,0.513,0.41,0.077,0.256,0.154,0.765,5.57,vs LHB
1119,Zach Thornton,804267,84,24.0,38,19,13,27,14,43.0,32.0,0.452,0.321,0.226,0.155,0.167,0.744,3.5,vs LHB
1120,Zack Kelly,677161,352,90.0,168,65,80,119,53,180.0,147.0,0.477,0.338,0.185,0.227,0.151,0.817,3.91,vs LHB
1121,Zack Littell,641793,2471,655.0,1102,512,503,857,366,1248.0,1024.0,0.446,0.347,0.207,0.204,0.148,0.821,3.77,vs LHB
1122,Zack Short,670097,9,2.0,4,2,4,3,0,6.0,6.0,0.444,0.333,0.222,0.444,0.0,1.0,4.5,vs LHB
1123,Zack Wheeler,554430,2934,702.0,1419,418,592,1097,340,1497.0,1019.0,0.484,0.374,0.142,0.202,0.116,0.681,4.18,vs LHB
1124,Zak Kent,687849,344,81.0,161,55,63,128,65,151.0,118.0,0.468,0.372,0.16,0.183,0.189,0.781,4.25,vs LHB
1125,Zebby Matthews,805673,1923,492.0,886,334,380,703,297,923.0,715.0,0.461,0.366,0.174,0.198,0.154,0.775,3.91,vs LHB
0,A.J. Minter,621345,460,114.0,206,78,86,176,63,221.0,166.0,0.448,0.383,0.17,0.187,0.137,0.751,4.04,vs RHB
1,A.J. Puk,640462,98,22.0,53,13,28,32,13,53.0,41.0,0.541,0.327,0.133,0.286,0.133,0.774,4.45,vs RHB
2,AJ Blubaugh,805123,1008,249.0,461,162,182,385,131,492.0,347.0,0.457,0.382,0.161,0.181,0.13,0.705,4.05,vs RHB
3,AJ Smith-Shawver,700363,551,142.0,256,89,103,206,86,259.0,193.0,0.465,0.374,0.162,0.187,0.156,0.745,3.88,vs RHB
4,Aaron Ashby,676879,1598,404.0,731,247,228,620,304,674.0,481.0,0.457,0.388,0.155,0.143,0.19,0.714,3.96,vs RHB
5,Aaron Brooks,605156,10,2.0,2,0,1,8,0,2.0,1.0,0.2,0.8,0.0,0.1,0.0,0.5,5.0,vs RHB
6,Aaron Bummer,607481,664,172.0,316,119,131,229,123,312.0,250.0,0.476,0.345,0.179,0.197,0.185,0.801,3.86,vs RHB
7,Aaron Civale,650644,1614,433.0,745,321,288,548,275,791.0,614.0,0.462,0.34,0.199,0.178,0.17,0.776,3.73,vs RHB
8,Aaron Nola,605400,1574,429.0,763,298,234,513,314,747.0,533.0,0.485,0.326,0.189,0.149,0.199,0.714,3.67,vs RHB
9,Abner Uribe,682842,1123,284.0,552,175,134,396,254,473.0,311.0,0.492,0.353,0.156,0.119,0.226,0.658,3.95,vs RHB
10,Abraham Toro,647351,5,3.0,1,3,0,1,1,3.0,3.0,0.2,0.2,0.6,0.0,0.2,1.0,1.67,vs RHB
11,Adam Frazier,624428,17,6.0,3,4,0,10,3,4.0,4.0,0.176,0.588,0.235,0.0,0.176,1.0,2.83,vs RHB
12,Adam Macko,671936,290,66.0,132,49,59,109,43,138.0,108.0,0.455,0.376,0.169,0.203,0.148,0.783,4.39,vs RHB
13,Adam Mazur,800049,216,59.0,101,44,39,71,38,107.0,83.0,0.468,0.329,0.204,0.181,0.176,0.776,3.66,vs RHB
14,Adam Ottavino,493603,26,6.0,13,2,4,11,7,8.0,6.0,0.5,0.423,0.077,0.154,0.269,0.75,4.33,vs RHB
15,Adrian Del Castillo,680728,12,5.0,4,4,2,4,2,6.0,6.0,0.333,0.333,0.333,0.167,0.167,1.0,2.4,vs RHB
16,Adrian Houser,605288,1489,441.0,669,352,280,468,258,763.0,634.0,0.449,0.314,0.236,0.188,0.173,0.831,3.38,vs RHB
17,Adrian Morejon,670970,1375,360.0,673,232,226,470,218,686.0,463.0,0.489,0.342,0.169,0.164,0.159,0.675,3.82,vs RHB
18,Alan Rangel,660604,304,74.0,153,46,62,105,56,143.0,108.0,0.503,0.345,0.151,0.204,0.184,0.755,4.11,vs RHB
19,Alan Trejo,676701,7,1.0,3,1,3,3,0,4.0,4.0,0.429,0.429,0.143,0.429,0.0,1.0,7.0,vs RHB
20,Albert Suarez,544150,549,152.0,242,111,99,196,69,284.0,212.0,0.441,0.357,0.202,0.18,0.126,0.746,3.61,vs RHB
21,Alec Burleson,676475,3,2.0,1,2,0,0,1,2.0,2.0,0.333,0.0,0.667,0.0,0.333,1.0,1.5,vs RHB
22,Alec Gamboa,687941,274,77.0,120,55,59,99,35,140.0,114.0,0.438,0.361,0.201,0.215,0.128,0.814,3.56,vs RHB
23,Alek Jacob,689690,391,105.0,176,69,59,146,78,167.0,128.0,0.45,0.373,0.176,0.151,0.199,0.766,3.72,vs RHB
24,Alek Manoah,666201,58,13.0,24,7,12,27,8,23.0,19.0,0.414,0.466,0.121,0.207,0.138,0.826,4.46,vs RHB
25,Alex Carrillo,692024,51,14.0,18,11,4,22,7,22.0,15.0,0.353,0.431,0.216,0.078,0.137,0.682,3.64,vs RHB
26,Alex Cook,702047,30,7.0,14,4,2,12,8,10.0,6.0,0.467,0.4,0.133,0.067,0.267,0.6,4.29,vs RHB
27,Alex Hoppe,695380,326,82.0,148,57,62,121,46,159.0,120.0,0.454,0.371,0.175,0.19,0.141,0.755,3.98,vs RHB
28,Alex Jackson,656577,32,11.0,9,9,5,14,3,15.0,14.0,0.281,0.438,0.281,0.156,0.094,0.933,2.91,vs RHB
29,Alex Lange,656638,481,122.0,224,73,74,184,69,228.0,150.0,0.466,0.383,0.152,0.154,0.143,0.658,3.94,vs RHB
30,Alex McFarlane,686934,143,37.0,63,25,25,55,21,67.0,51.0,0.441,0.385,0.175,0.175,0.147,0.761,3.86,vs RHB
31,Alex Vesia,681911,1261,283.0,644,155,251,462,196,602.0,408.0,0.511,0.366,0.123,0.199,0.155,0.678,4.46,vs RHB
32,Alexis Diaz,664747,210,54.0,96,32,39,82,30,98.0,71.0,0.457,0.39,0.152,0.186,0.143,0.724,3.89,vs RHB
33,Ali Sanchez,645305,10,3.0,5,2,2,3,2,5.0,4.0,0.5,0.3,0.2,0.2,0.2,0.8,3.33,vs RHB
34,Alimber Santa,695001,114,30.0,43,23,16,48,16,50.0,39.0,0.377,0.421,0.202,0.14,0.14,0.78,3.8,vs RHB
35,Allan Winans,642216,84,24.0,35,20,13,29,15,40.0,33.0,0.417,0.345,0.238,0.155,0.179,0.825,3.5,vs RHB
36,Amed Rosario,642708,20,7.0,1,5,1,14,0,6.0,6.0,0.05,0.7,0.25,0.05,0.0,1.0,2.86,vs RHB
37,Andre Granillo,701552,318,79.0,133,58,51,127,47,144.0,109.0,0.418,0.399,0.182,0.16,0.148,0.757,4.03,vs RHB
38,Andre Pallante,669467,2516,652.0,1055,489,418,972,393,1151.0,912.0,0.419,0.386,0.194,0.166,0.156,0.792,3.86,vs RHB
39,Andres Munoz,662253,972,243.0,507,135,164,330,163,479.0,304.0,0.522,0.34,0.139,0.169,0.168,0.635,4.0,vs RHB
40,Andrew Abbott,671096,4022,1027.0,1805,739,708,1478,663,1881.0,1455.0,0.449,0.367,0.184,0.176,0.165,0.774,3.92,vs RHB
41,Andrew Alvarez,674841,1653,416.0,728,266,257,659,286,708.0,525.0,0.44,0.399,0.161,0.155,0.173,0.742,3.97,vs RHB
42,Andrew Chafin,605177,304,71.0,143,48,59,113,44,147.0,108.0,0.47,0.372,0.158,0.194,0.145,0.735,4.28,vs RHB
43,Andrew Heaney,571760,1516,387.0,685,286,296,545,241,730.0,585.0,0.452,0.359,0.189,0.195,0.159,0.801,3.92,vs RHB
44,Andrew Hoffmann,694851,235,64.0,100,41,39,94,29,112.0,81.0,0.426,0.4,0.174,0.166,0.123,0.723,3.67,vs RHB
45,Andrew Kittredge,552640,778,216.0,388,149,135,241,137,400.0,286.0,0.499,0.31,0.192,0.174,0.176,0.715,3.6,vs RHB
46,Andrew Morris,702193,618,156.0,298,111,129,209,102,307.0,241.0,0.482,0.338,0.18,0.209,0.165,0.785,3.96,vs RHB
47,Andrew Nardi,677053,201,51.0,96,33,37,72,33,96.0,70.0,0.478,0.358,0.164,0.184,0.164,0.729,3.94,vs RHB
48,Andrew Painter,691725,891,222.0,402,144,162,345,117,429.0,307.0,0.451,0.387,0.162,0.182,0.131,0.716,4.01,vs RHB
49,Andrew Saalfrank,685314,287,77.0,134,60,46,93,49,145.0,106.0,0.467,0.324,0.209,0.16,0.171,0.731,3.73,vs RHB
50,Andrew Sears,808825,214,54.0,95,37,30,82,28,103.0,67.0,0.444,0.383,0.173,0.14,0.131,0.65,3.96,vs RHB
51,Andrew Vaughn,683734,55,18.0,12,14,1,29,8,18.0,15.0,0.218,0.527,0.255,0.018,0.145,0.833,3.06,vs RHB
52,Andrew Walters,689958,24,5.0,12,4,4,8,4,12.0,8.0,0.5,0.333,0.167,0.167,0.167,0.667,4.8,vs RHB
53,Andrew Wantz,681806,56,14.0,27,10,17,19,8,29.0,27.0,0.482,0.339,0.179,0.304,0.143,0.931,4.0,vs RHB
54,Andruw Monasterio,655316,11,3.0,3,2,1,6,2,3.0,3.0,0.273,0.545,0.182,0.091,0.182,1.0,3.67,vs RHB
55,Andry Lara,691251,155,48.0,63,40,32,52,23,80.0,72.0,0.406,0.335,0.258,0.206,0.148,0.9,3.23,vs RHB
56,Angel Chivilli,683409,760,206.0,335,146,113,279,94,387.0,261.0,0.441,0.367,0.192,0.149,0.124,0.674,3.69,vs RHB
57,Angel Perdomo,622780,46,10.0,23,7,11,16,6,24.0,20.0,0.5,0.348,0.152,0.239,0.13,0.833,4.6,vs RHB
58,Angel Zerpa,672582,796,195.0,380,139,150,277,167,352.0,291.0,0.477,0.348,0.175,0.188,0.21,0.827,4.08,vs RHB
59,Anthony Banda,607455,934,238.0,422,156,195,356,121,457.0,351.0,0.452,0.381,0.167,0.209,0.13,0.768,3.92,vs RHB
60,Anthony Bender,669622,727,199.0,363,134,98,230,198,299.0,233.0,0.499,0.316,0.184,0.135,0.272,0.779,3.65,vs RHB
61,Anthony DeSclafani,543101,345,95.0,159,66,53,120,57,168.0,120.0,0.461,0.348,0.191,0.154,0.165,0.714,3.63,vs RHB
62,Anthony Gose,543238,96,26.0,47,21,20,28,11,57.0,43.0,0.49,0.292,0.219,0.208,0.115,0.754,3.69,vs RHB
63,Anthony Kay,641743,1972,500.0,847,362,353,763,294,915.0,719.0,0.43,0.387,0.184,0.179,0.149,0.786,3.94,vs RHB
64,Anthony Maldonado,687424,101,25.0,43,17,14,41,13,47.0,31.0,0.426,0.406,0.168,0.139,0.129,0.66,4.04,vs RHB
65,Anthony Misiewicz,664948,67,13.0,30,9,10,28,11,28.0,19.0,0.448,0.418,0.134,0.149,0.164,0.679,5.15,vs RHB
66,Anthony Molina,683627,523,137.0,236,98,91,189,68,266.0,190.0,0.451,0.361,0.187,0.174,0.13,0.714,3.82,vs RHB
67,Anthony Nunez,689296,460,116.0,233,70,72,157,72,231.0,144.0,0.507,0.341,0.152,0.157,0.157,0.623,3.97,vs RHB
68,Anthony Seigler,678011,11,4.0,3,4,1,4,1,6.0,5.0,0.273,0.364,0.364,0.091,0.091,0.833,2.75,vs RHB
69,Anthony Veneziano,685107,207,50.0,90,34,41,83,30,94.0,76.0,0.435,0.401,0.164,0.198,0.145,0.809,4.14,vs RHB
70,Antoine Kelly,681520,5,1.0,1,0,0,4,1,0.0,0.0,0.2,0.8,0.0,0.0,0.2,,5.0,vs RHB
71,Antonio Senzatela,622608,1651,443.0,710,333,307,608,240,803.0,643.0,0.43,0.368,0.202,0.186,0.145,0.801,3.73,vs RHB
72,Antwone Kelly,699008,98,30.0,47,25,15,26,25,47.0,41.0,0.48,0.265,0.255,0.153,0.255,0.872,3.27,vs RHB
73,Aroldis Chapman,547973,1257,318.0,672,181,271,404,168,685.0,456.0,0.535,0.321,0.144,0.216,0.134,0.666,3.95,vs RHB
74,Austin Cox,680735,249,60.0,119,41,55,89,41,119.0,96.0,0.478,0.357,0.165,0.221,0.165,0.807,4.15,vs RHB
75,Austin Gomber,596295,799,215.0,356,175,160,268,134,397.0,335.0,0.446,0.335,0.219,0.2,0.168,0.844,3.72,vs RHB
76,Austin Hedges,595978,64,20.0,24,18,9,22,13,29.0,27.0,0.375,0.344,0.281,0.141,0.203,0.931,3.2,vs RHB
77,Austin Nola,543592,19,8.0,5,8,4,6,1,12.0,12.0,0.263,0.316,0.421,0.211,0.053,1.0,2.38,vs RHB
78,Austin Peterson,804926,23,6.0,10,4,2,9,4,10.0,6.0,0.435,0.391,0.174,0.087,0.174,0.6,3.83,vs RHB
79,Austin Pope,687166,21,5.0,9,4,2,8,5,8.0,6.0,0.429,0.381,0.19,0.095,0.238,0.75,4.2,vs RHB
80,Austin Slater,596103,8,2.0,3,2,1,3,2,3.0,3.0,0.375,0.375,0.25,0.125,0.25,1.0,4.0,vs RHB
81,Austin Voth,608723,106,27.0,40,23,16,43,19,44.0,39.0,0.377,0.406,0.217,0.151,0.179,0.886,3.93,vs RHB
82,Austin Warren,681810,533,124.0,248,75,75,210,116,207.0,150.0,0.465,0.394,0.141,0.141,0.218,0.725,4.3,vs RHB
83,Bailey Falter,663559,1593,430.0,683,321,281,589,269,735.0,608.0,0.429,0.37,0.202,0.176,0.169,0.827,3.7,vs RHB
84,Bailey Horn,690544,121,24.0,67,15,33,39,20,62.0,48.0,0.554,0.322,0.124,0.273,0.165,0.774,5.04,vs RHB
85,Bailey Ober,641927,1940,527.0,929,376,362,635,290,1015.0,742.0,0.479,0.327,0.194,0.187,0.149,0.731,3.68,vs RHB
86,Beau Brieske,689225,421,106.0,188,76,85,157,59,205.0,161.0,0.447,0.373,0.181,0.202,0.14,0.785,3.97,vs RHB
87,Beck Way,694360,185,54.0,79,40,21,66,37,82.0,61.0,0.427,0.357,0.216,0.114,0.2,0.744,3.43,vs RHB
88,Ben Bowden,641386,131,34.0,57,29,28,45,17,69.0,57.0,0.435,0.344,0.221,0.214,0.13,0.826,3.85,vs RHB
89,Ben Brown,676962,1385,379.0,654,268,237,463,246,676.0,505.0,0.472,0.334,0.194,0.171,0.178,0.747,3.65,vs RHB
90,Ben Casparius,676508,802,208.0,367,151,134,284,125,393.0,286.0,0.458,0.354,0.188,0.167,0.156,0.728,3.86,vs RHB
91,Ben Joyce,690829,148,36.0,69,23,24,56,29,63.0,47.0,0.466,0.378,0.155,0.162,0.196,0.746,4.11,vs RHB
92,Ben Lively,594902,333,88.0,154,69,72,110,58,165.0,141.0,0.462,0.33,0.207,0.216,0.174,0.855,3.78,vs RHB
93,Ben Peoples,687239,154,36.0,81,24,41,49,18,87.0,65.0,0.526,0.318,0.156,0.266,0.117,0.747,4.28,vs RHB
94,Ben Williamson,810938,26,12.0,6,12,0,8,6,12.0,12.0,0.231,0.308,0.462,0.0,0.231,1.0,2.17,vs RHB
95,Bennett Sousa,656986,723,198.0,367,126,114,230,109,384.0,243.0,0.508,0.318,0.174,0.158,0.151,0.633,3.65,vs RHB
96,Blade Tidwell,694918,608,151.0,287,104,99,217,102,289.0,203.0,0.472,0.357,0.171,0.163,0.168,0.702,4.03,vs RHB
97,Blake Adams,687060,19,3.0,8,1,3,10,4,5.0,4.0,0.421,0.526,0.053,0.158,0.211,0.8,6.33,vs RHB
98,Blake Burkhalter,686628,12,3.0,5,3,2,4,2,6.0,5.0,0.417,0.333,0.25,0.167,0.167,0.833,4.0,vs RHB
99,Blake Snell,605483,1255,306.0,608,189,204,458,192,605.0,394.0,0.484,0.365,0.151,0.163,0.153,0.651,4.1,vs RHB
100,Blake Treinen,595014,593,152.0,281,94,94,218,113,262.0,191.0,0.474,0.368,0.159,0.159,0.191,0.729,3.9,vs RHB
101,Blake Walston,686796,23,5.0,4,5,0,14,4,5.0,5.0,0.174,0.609,0.217,0.0,0.174,1.0,4.6,vs RHB
102,Blake Weiman,676620,157,41.0,73,34,29,50,31,76.0,63.0,0.465,0.318,0.217,0.185,0.197,0.829,3.83,vs RHB
103,Blas Castano,680604,249,56.0,137,35,60,77,50,122.0,95.0,0.55,0.309,0.141,0.241,0.201,0.779,4.45,vs RHB
104,Bobby Miller,676272,118,28.0,51,18,24,49,19,50.0,42.0,0.432,0.415,0.153,0.203,0.161,0.84,4.21,vs RHB
105,Bowden Francis,670102,461,127.0,211,89,74,161,79,221.0,163.0,0.458,0.349,0.193,0.161,0.171,0.738,3.63,vs RHB
106,Brad Keller,641745,882,222.0,422,140,156,320,162,400.0,298.0,0.478,0.363,0.159,0.177,0.184,0.745,3.97,vs RHB
107,Brad Lord,695418,1657,453.0,779,345,327,533,284,840.0,677.0,0.47,0.322,0.208,0.197,0.171,0.806,3.66,vs RHB
108,Bradgley Rodriguez,699134,586,154.0,278,106,110,202,94,290.0,217.0,0.474,0.345,0.181,0.188,0.16,0.748,3.81,vs RHB
109,Bradley Blalock,687134,501,138.0,200,115,88,186,74,241.0,203.0,0.399,0.371,0.23,0.176,0.148,0.842,3.63,vs RHB
110,Bradley Hanner,690440,80,18.0,40,11,21,29,11,40.0,32.0,0.5,0.362,0.138,0.262,0.138,0.8,4.44,vs RHB
111,Brady Basso,669620,591,160.0,259,127,114,205,89,297.0,242.0,0.438,0.347,0.215,0.193,0.151,0.815,3.69,vs RHB
112,Brady Singer,663903,2130,559.0,921,404,291,805,395,930.0,698.0,0.432,0.378,0.19,0.137,0.185,0.751,3.81,vs RHB
113,Brandan Bidois,684049,138,35.0,69,19,20,50,22,66.0,39.0,0.5,0.362,0.138,0.145,0.159,0.591,3.94,vs RHB
114,Brandon Eisert,685126,1044,254.0,452,170,145,422,155,467.0,316.0,0.433,0.404,0.163,0.139,0.148,0.677,4.11,vs RHB
115,Brandon Leibrandt,605335,49,12.0,19,9,7,21,5,23.0,17.0,0.388,0.429,0.184,0.143,0.102,0.739,4.08,vs RHB
116,Brandon Pfaadt,694297,2194,591.0,1010,443,383,741,355,1098.0,830.0,0.46,0.338,0.202,0.175,0.162,0.756,3.71,vs RHB
117,Brandon Sproat,687075,929,237.0,432,152,156,345,166,418.0,311.0,0.465,0.371,0.164,0.168,0.179,0.744,3.92,vs RHB
118,Brandon Waddell,663399,338,88.0,132,67,56,139,49,150.0,123.0,0.391,0.411,0.198,0.166,0.145,0.82,3.84,vs RHB
119,Brandon Walter,687888,667,173.0,324,122,126,221,109,337.0,249.0,0.486,0.331,0.183,0.189,0.163,0.739,3.86,vs RHB
120,Brandon Williamson,682227,611,153.0,245,108,93,258,92,261.0,202.0,0.401,0.422,0.177,0.152,0.151,0.774,3.99,vs RHB
121,Brandon Woodruff,605540,760,205.0,409,126,168,225,143,392.0,296.0,0.538,0.296,0.166,0.221,0.188,0.755,3.71,vs RHB
122,Brandon Young,687064,1359,373.0,648,268,239,443,241,675.0,509.0,0.477,0.326,0.197,0.176,0.177,0.754,3.64,vs RHB
123,Brandyn Garcia,805299,514,131.0,241,88,99,185,98,231.0,188.0,0.469,0.36,0.171,0.193,0.191,0.814,3.92,vs RHB
124,Brant Hurter,676428,864,227.0,383,153,145,328,141,395.0,298.0,0.443,0.38,0.177,0.168,0.163,0.754,3.81,vs RHB
125,Braxton Ashcraft,677952,1612,457.0,804,325,292,483,287,842.0,620.0,0.499,0.3,0.202,0.181,0.178,0.736,3.53,vs RHB
126,Braxton Garrett,666129,110,23.0,46,12,23,52,11,47.0,35.0,0.418,0.473,0.109,0.209,0.1,0.745,4.78,vs RHB
127,Braxton Roxby,694820,22,5.0,14,2,5,6,4,12.0,7.0,0.636,0.273,0.091,0.227,0.182,0.583,4.4,vs RHB
128,Brayan Bello,678394,1902,502.0,885,355,324,662,340,900.0,680.0,0.465,0.348,0.187,0.17,0.179,0.756,3.79,vs RHB
129,Braydon Fisher,680755,1028,262.0,499,174,154,355,206,467.0,335.0,0.485,0.345,0.169,0.15,0.2,0.717,3.92,vs RHB
130,Brenan Hanifee,669724,874,245.0,398,193,149,283,179,412.0,342.0,0.455,0.324,0.221,0.17,0.205,0.83,3.57,vs RHB
131,Brendan Beck,694341,83,18.0,35,14,9,34,13,36.0,23.0,0.422,0.41,0.169,0.108,0.157,0.639,4.61,vs RHB
132,Brendan Cellucci,676454,40,9.0,20,4,7,16,7,17.0,11.0,0.5,0.4,0.1,0.175,0.175,0.647,4.44,vs RHB
133,Brendon Little,663893,924,212.0,395,112,92,417,129,378.0,211.0,0.427,0.451,0.121,0.1,0.14,0.558,4.36,vs RHB
134,Brennan Bernardino,657514,980,264.0,417,190,160,373,171,436.0,351.0,0.426,0.381,0.194,0.163,0.174,0.805,3.71,vs RHB
135,Brent Headrick,687396,1040,255.0,556,152,231,332,145,563.0,384.0,0.535,0.319,0.146,0.222,0.139,0.682,4.08,vs RHB
136,Brent Suter,608718,1557,391.0,726,288,281,543,264,750.0,572.0,0.466,0.349,0.185,0.18,0.17,0.763,3.98,vs RHB
137,Brett Kerry,695049,99,25.0,52,17,21,30,16,53.0,38.0,0.525,0.303,0.172,0.212,0.162,0.717,3.96,vs RHB
138,Brett Sullivan,664954,54,19.0,17,18,7,19,10,25.0,25.0,0.315,0.352,0.333,0.13,0.185,1.0,2.84,vs RHB
139,Brett de Geus,676969,15,4.0,3,2,0,10,3,2.0,2.0,0.2,0.667,0.133,0.0,0.2,1.0,3.75,vs RHB
140,Brian Fitzpatrick,702153,73,19.0,35,13,16,25,9,39.0,29.0,0.479,0.342,0.178,0.219,0.123,0.744,3.84,vs RHB
141,Brian Keller,662144,12,3.0,7,2,4,3,2,7.0,6.0,0.583,0.25,0.167,0.333,0.167,0.857,4.0,vs RHB
142,Brian Van Belle,687003,64,17.0,28,13,5,23,6,35.0,18.0,0.438,0.359,0.203,0.078,0.094,0.514,3.76,vs RHB
143,Brock Burke,656271,1332,329.0,620,219,257,493,176,663.0,477.0,0.465,0.37,0.164,0.193,0.132,0.719,4.05,vs RHB
144,Brock Stewart,592779,523,141.0,264,87,81,172,89,262.0,170.0,0.505,0.329,0.166,0.155,0.17,0.649,3.71,vs RHB
145,Brody Hopkins,811315,46,10.0,23,5,6,18,14,14.0,11.0,0.5,0.391,0.109,0.13,0.304,0.786,4.6,vs RHB
146,Brooks Kriske,621139,223,51.0,99,30,38,94,39,90.0,68.0,0.444,0.422,0.135,0.17,0.175,0.756,4.37,vs RHB
147,Brooks Raley,548384,768,195.0,376,127,135,265,159,344.0,264.0,0.49,0.345,0.165,0.176,0.207,0.767,3.94,vs RHB
148,Bruce Zimmermann,669145,92,26.0,35,23,10,34,20,38.0,33.0,0.38,0.37,0.25,0.109,0.217,0.868,3.54,vs RHB
149,Bryan Abreu,650556,1168,282.0,558,148,163,462,185,521.0,313.0,0.478,0.396,0.127,0.14,0.158,0.601,4.14,vs RHB
150,Bryan Baker,641329,961,246.0,502,151,203,308,147,506.0,354.0,0.522,0.32,0.157,0.211,0.153,0.7,3.91,vs RHB
151,Bryan Hoeing,663773,78,21.0,36,16,20,26,9,43.0,37.0,0.462,0.333,0.205,0.256,0.115,0.86,3.71,vs RHB
152,Bryan Hudson,663542,771,205.0,394,141,143,236,152,383.0,284.0,0.511,0.306,0.183,0.185,0.197,0.742,3.76,vs RHB
153,Bryan King,687911,1295,349.0,645,249,278,401,234,660.0,529.0,0.498,0.31,0.192,0.215,0.181,0.802,3.71,vs RHB
154,Bryan Torres,663494,11,4.0,1,3,1,7,0,4.0,4.0,0.091,0.636,0.273,0.091,0.0,1.0,2.75,vs RHB
155,Bryan Woo,693433,2315,651.0,1182,440,462,693,352,1270.0,902.0,0.511,0.299,0.19,0.2,0.152,0.71,3.56,vs RHB
156,Bryce Elder,693821,2067,580.0,907,436,319,724,366,977.0,757.0,0.439,0.35,0.211,0.154,0.177,0.775,3.56,vs RHB
157,Bryce Jarvis,686826,201,46.0,89,28,32,84,38,79.0,60.0,0.443,0.418,0.139,0.159,0.189,0.759,4.37,vs RHB
158,Bryce Miller,682243,1668,424.0,805,288,346,575,242,851.0,636.0,0.483,0.345,0.173,0.207,0.145,0.747,3.93,vs RHB
159,Brycen Mautz,802408,144,35.0,65,20,23,59,23,62.0,44.0,0.451,0.41,0.139,0.16,0.16,0.71,4.11,vs RHB
160,Bryse Wilson,669060,753,202.0,369,157,166,227,135,391.0,325.0,0.49,0.301,0.208,0.22,0.179,0.831,3.73,vs RHB
161,Bubba Chandler,696149,1300,350.0,603,234,248,463,212,625.0,482.0,0.464,0.356,0.18,0.191,0.163,0.771,3.71,vs RHB
162,Buddy Kennedy,671083,18,4.0,6,3,4,9,1,8.0,7.0,0.333,0.5,0.167,0.222,0.056,0.875,4.5,vs RHB
163,Burch Smith,572143,129,36.0,67,21,27,41,24,64.0,48.0,0.519,0.318,0.163,0.209,0.186,0.75,3.58,vs RHB
164,CJ Van Eyk,669310,49,12.0,20,9,10,20,9,20.0,19.0,0.408,0.408,0.184,0.204,0.184,0.95,4.08,vs RHB
165,Cade Cavalli,676917,1507,382.0,745,250,272,512,277,717.0,529.0,0.494,0.34,0.166,0.18,0.184,0.738,3.95,vs RHB
166,Cade Gibson,806188,853,211.0,393,148,150,312,163,378.0,301.0,0.461,0.366,0.174,0.176,0.191,0.796,4.04,vs RHB
167,Cade Horton,690990,891,232.0,446,156,166,289,149,453.0,324.0,0.501,0.324,0.175,0.186,0.167,0.715,3.84,vs RHB
168,Cade Povich,700249,1901,472.0,863,322,330,716,322,863.0,654.0,0.454,0.377,0.169,0.174,0.169,0.758,4.03,vs RHB
169,Cade Smith,671922,1141,280.0,590,164,217,387,199,555.0,383.0,0.517,0.339,0.144,0.19,0.174,0.69,4.08,vs RHB
170,Cade Winquest,685464,68,18.0,34,8,10,26,14,28.0,18.0,0.5,0.382,0.118,0.147,0.206,0.643,3.78,vs RHB
171,Caden Dana,702674,276,75.0,118,53,38,105,51,120.0,91.0,0.428,0.38,0.192,0.138,0.185,0.758,3.68,vs RHB
172,Cal Quantrill,615698,1722,480.0,729,389,272,604,310,808.0,663.0,0.423,0.351,0.226,0.158,0.18,0.821,3.59,vs RHB
173,Caleb Boushley,676961,386,103.0,169,77,65,140,78,168.0,142.0,0.438,0.363,0.199,0.168,0.202,0.845,3.75,vs RHB
174,Caleb Ferguson,657571,830,219.0,373,157,154,300,133,397.0,315.0,0.449,0.361,0.189,0.186,0.16,0.793,3.79,vs RHB
175,Caleb Freeman,673965,42,9.0,22,6,13,14,6,22.0,19.0,0.524,0.333,0.143,0.31,0.143,0.864,4.67,vs RHB
176,Caleb Kilian,668873,333,87.0,159,48,47,126,57,150.0,97.0,0.477,0.378,0.144,0.141,0.171,0.647,3.83,vs RHB
177,Caleb Thielbar,573204,946,238.0,472,156,196,318,154,474.0,352.0,0.499,0.336,0.165,0.207,0.163,0.743,3.97,vs RHB
178,Calvin Faucher,676534,1001,241.0,462,144,169,395,179,427.0,314.0,0.462,0.395,0.144,0.169,0.179,0.735,4.15,vs RHB
179,Cam Booser,592155,628,160.0,308,108,135,212,94,321.0,244.0,0.49,0.338,0.172,0.215,0.15,0.76,3.92,vs RHB
180,Cam Sanders,676742,342,81.0,172,43,57,127,56,159.0,100.0,0.503,0.371,0.126,0.167,0.164,0.629,4.22,vs RHB
181,Cam Schlittler,693645,1655,422.0,850,278,364,527,264,864.0,646.0,0.514,0.318,0.168,0.22,0.16,0.748,3.92,vs RHB
182,Cameron Foster,671382,75,22.0,27,16,6,32,12,31.0,22.0,0.36,0.427,0.213,0.08,0.16,0.71,3.41,vs RHB
183,Cameron Weston,687721,5,1.0,2,1,1,2,1,2.0,2.0,0.4,0.4,0.2,0.2,0.2,1.0,5.0,vs RHB
184,Camilo Doval,666808,1113,280.0,526,171,213,416,169,528.0,385.0,0.473,0.374,0.154,0.191,0.152,0.729,3.98,vs RHB
185,Carl Edwards Jr.,605218,105,29.0,49,18,15,38,12,55.0,33.0,0.467,0.362,0.171,0.143,0.114,0.6,3.62,vs RHB
186,Carlos Carrasco,471911,420,114.0,189,84,62,147,68,205.0,148.0,0.45,0.35,0.2,0.148,0.162,0.722,3.68,vs RHB
187,Carlos Cortes,666126,108,32.0,32,24,17,52,14,42.0,41.0,0.296,0.481,0.222,0.157,0.13,0.976,3.38,vs RHB
188,Carlos Duran,679922,40,8.0,12,4,2,24,9,7.0,6.0,0.3,0.6,0.1,0.05,0.225,0.857,5.0,vs RHB
189,Carlos Estevez,608032,463,120.0,221,87,113,155,65,243.0,200.0,0.477,0.335,0.188,0.244,0.14,0.823,3.86,vs RHB
190,Carlos Hernandez,672578,396,112.0,186,81,63,129,69,198.0,145.0,0.47,0.326,0.205,0.159,0.174,0.732,3.54,vs RHB
191,Carlos Rodon,607074,3531,861.0,1644,547,584,1340,557,1634.0,1137.0,0.466,0.379,0.155,0.165,0.158,0.696,4.1,vs RHB
192,Carlos Rodriguez,692230,212,51.0,92,35,42,85,28,99.0,77.0,0.434,0.401,0.165,0.198,0.132,0.778,4.16,vs RHB
193,Carlos Vargas,672841,760,226.0,332,163,131,265,122,373.0,299.0,0.437,0.349,0.214,0.172,0.161,0.802,3.36,vs RHB
194,Carmen Mlodzinski,669387,1641,418.0,751,302,295,588,311,741.0,599.0,0.458,0.358,0.184,0.18,0.19,0.808,3.93,vs RHB
195,Carson Fulmer,608334,221,58.0,88,47,35,86,32,103.0,83.0,0.398,0.389,0.213,0.158,0.145,0.806,3.81,vs RHB
196,Carson Kelly,608348,12,8.0,1,8,0,3,1,8.0,8.0,0.083,0.25,0.667,0.0,0.083,1.0,1.5,vs RHB
197,Carson Palmquist,687223,678,169.0,294,121,123,263,106,309.0,244.0,0.434,0.388,0.178,0.181,0.156,0.79,4.01,vs RHB
198,Carson Ragsdale,685068,59,13.0,28,9,14,22,9,28.0,23.0,0.475,0.373,0.153,0.237,0.153,0.821,4.54,vs RHB
199,Carson Seymour,693313,569,140.0,246,102,90,221,103,245.0,193.0,0.432,0.388,0.179,0.158,0.181,0.788,4.06,vs RHB
200,Carson Spiers,686730,154,37.0,76,24,31,54,25,75.0,55.0,0.494,0.351,0.156,0.201,0.162,0.733,4.16,vs RHB
201,Carson Whisenhunt,687931,772,198.0,334,143,113,295,119,358.0,258.0,0.433,0.382,0.185,0.146,0.154,0.721,3.9,vs RHB
202,Carter Baumler,691945,53,13.0,26,5,8,22,10,21.0,13.0,0.491,0.415,0.094,0.151,0.189,0.619,4.08,vs RHB
203,Casey Kelly,543391,19,5.0,6,4,2,9,2,8.0,6.0,0.316,0.474,0.211,0.105,0.105,0.75,3.8,vs RHB
204,Casey Lawrence,596271,154,47.0,65,41,21,48,32,74.0,62.0,0.422,0.312,0.266,0.136,0.208,0.838,3.28,vs RHB
205,Casey Legumina,668984,1028,284.0,496,199,194,333,178,517.0,398.0,0.482,0.324,0.194,0.189,0.173,0.77,3.62,vs RHB
206,Casey Mize,663554,1948,519.0,874,374,350,700,300,948.0,726.0,0.449,0.359,0.192,0.18,0.154,0.766,3.75,vs RHB
207,Cesar Perdomo,702885,175,53.0,68,39,28,68,21,86.0,67.0,0.389,0.389,0.223,0.16,0.12,0.779,3.3,vs RHB
208,Cesar Salazar,663967,7,3.0,3,3,1,1,2,4.0,4.0,0.429,0.143,0.429,0.143,0.286,1.0,2.33,vs RHB
209,Chad Dallas,689149,127,33.0,66,22,22,39,19,69.0,44.0,0.52,0.307,0.173,0.173,0.15,0.638,3.85,vs RHB
210,Chad Green,643338,428,113.0,179,89,67,160,60,208.0,156.0,0.418,0.374,0.208,0.157,0.14,0.75,3.79,vs RHB
211,Chad Patrick,694477,1947,484.0,930,316,357,701,309,937.0,677.0,0.478,0.36,0.162,0.183,0.159,0.723,4.02,vs RHB
212,Chadwick Tromp,644433,5,2.0,1,2,0,2,1,2.0,2.0,0.2,0.4,0.4,0.0,0.2,1.0,2.5,vs RHB
213,Charlie Barnes,656212,128,40.0,47,32,20,49,21,58.0,52.0,0.367,0.383,0.25,0.156,0.164,0.897,3.2,vs RHB
214,Charlie Morton,450203,1164,310.0,527,213,173,424,207,533.0,388.0,0.453,0.364,0.183,0.149,0.178,0.728,3.75,vs RHB
215,Chas McCormick,676801,37,10.0,12,7,3,18,7,12.0,10.0,0.324,0.486,0.189,0.081,0.189,0.833,3.7,vs RHB
216,Chase Burns,695505,1268,320.0,627,203,239,438,165,665.0,443.0,0.494,0.345,0.16,0.188,0.13,0.666,3.96,vs RHB
217,Chase Dollander,801403,1230,302.0,579,195,234,456,181,593.0,432.0,0.471,0.371,0.159,0.19,0.147,0.728,4.07,vs RHB
218,Chase Lee,695445,407,104.0,191,73,66,143,79,185.0,140.0,0.469,0.351,0.179,0.162,0.194,0.757,3.91,vs RHB
219,Chase Petty,695534,343,93.0,143,69,52,131,54,158.0,121.0,0.417,0.382,0.201,0.152,0.157,0.766,3.69,vs RHB
220,Chase Shugart,663767,869,229.0,383,154,115,332,174,363.0,269.0,0.441,0.382,0.177,0.132,0.2,0.741,3.79,vs RHB
221,Chase Silseth,681217,672,162.0,335,98,125,239,98,335.0,224.0,0.499,0.356,0.146,0.186,0.146,0.669,4.15,vs RHB
222,Chase Solesky,686678,43,13.0,20,9,5,14,14,15.0,14.0,0.465,0.326,0.209,0.116,0.326,0.933,3.31,vs RHB
223,Chayce McDermott,694646,150,40.0,51,25,13,74,25,51.0,38.0,0.34,0.493,0.167,0.087,0.167,0.745,3.75,vs RHB
224,Chris Bassitt,605135,1812,495.0,846,343,293,623,341,848.0,636.0,0.467,0.344,0.189,0.162,0.188,0.75,3.66,vs RHB
225,Chris Devenski,606965,195,54.0,84,35,27,76,37,82.0,62.0,0.431,0.39,0.179,0.138,0.19,0.756,3.61,vs RHB
226,Chris Flexen,623167,384,101.0,178,81,87,125,57,202.0,169.0,0.464,0.326,0.211,0.227,0.148,0.837,3.8,vs RHB
227,Chris Martin,455119,538,146.0,283,111,144,144,78,316.0,256.0,0.526,0.268,0.206,0.268,0.145,0.81,3.68,vs RHB
228,Chris Murphy,669684,644,167.0,302,106,118,236,98,310.0,225.0,0.469,0.366,0.165,0.183,0.152,0.726,3.86,vs RHB
229,Chris Paddack,663978,1603,434.0,707,333,306,563,224,816.0,641.0,0.441,0.351,0.208,0.191,0.14,0.786,3.69,vs RHB
230,Chris Roycroft,688297,557,148.0,238,113,95,206,91,260.0,209.0,0.427,0.37,0.203,0.171,0.163,0.804,3.76,vs RHB
231,Chris Sale,519242,3505,877.0,1817,538,692,1150,606,1749.0,1233.0,0.518,0.328,0.153,0.197,0.173,0.705,4.0,vs RHB
232,Chris Stratton,608717,209,55.0,90,40,31,79,28,102.0,71.0,0.431,0.378,0.191,0.148,0.134,0.696,3.8,vs RHB
233,Christian Koss,683766,45,14.0,14,14,5,17,9,19.0,19.0,0.311,0.378,0.311,0.111,0.2,1.0,3.21,vs RHB
234,Christian Montes De Oca,801216,25,5.0,11,3,2,11,7,7.0,5.0,0.44,0.44,0.12,0.08,0.28,0.714,5.0,vs RHB
235,Christian Roa,685005,101,25.0,49,14,23,38,13,50.0,38.0,0.485,0.376,0.139,0.228,0.129,0.76,4.04,vs RHB
236,Christian Scott,681035,721,178.0,352,99,135,270,120,331.0,235.0,0.488,0.374,0.137,0.187,0.166,0.71,4.05,vs RHB
237,Cionel Perez,672335,635,164.0,275,108,99,252,112,271.0,207.0,0.433,0.397,0.17,0.156,0.176,0.764,3.87,vs RHB
238,Clarke Schmidt,657376,601,157.0,277,112,85,212,99,290.0,197.0,0.461,0.353,0.186,0.141,0.165,0.679,3.83,vs RHB
239,Clay Holmes,605280,1830,486.0,851,345,313,634,334,862.0,661.0,0.465,0.346,0.189,0.171,0.183,0.767,3.77,vs RHB
240,Clayton Beeter,690925,617,154.0,290,98,104,229,88,300.0,203.0,0.47,0.371,0.159,0.169,0.143,0.677,4.01,vs RHB
241,Clayton Kershaw,477132,1410,369.0,618,272,211,520,249,641.0,483.0,0.438,0.369,0.193,0.15,0.177,0.754,3.82,vs RHB
242,Codi Heuer,676051,124,30.0,52,23,12,49,24,51.0,35.0,0.419,0.395,0.185,0.097,0.194,0.686,4.13,vs RHB
243,Cody Bolton,675989,206,50.0,103,31,43,72,40,94.0,74.0,0.5,0.35,0.15,0.209,0.194,0.787,4.12,vs RHB
244,Cody Bradford,674003,411,107.0,203,85,87,123,70,218.0,172.0,0.494,0.299,0.207,0.212,0.17,0.789,3.84,vs RHB
245,Cody Laweryson,689520,179,52.0,88,35,28,56,41,82.0,64.0,0.492,0.313,0.196,0.156,0.229,0.78,3.44,vs RHB
246,Cody Ponce,664074,23,4.0,10,2,2,11,0,12.0,4.0,0.435,0.478,0.087,0.087,0.0,0.333,5.75,vs RHB
247,Cody Poteet,547001,31,8.0,10,7,5,14,4,13.0,12.0,0.323,0.452,0.226,0.161,0.129,0.923,3.88,vs RHB
248,Cole Henry,669371,737,183.0,321,116,123,300,124,313.0,241.0,0.436,0.407,0.157,0.167,0.168,0.77,4.03,vs RHB
249,Cole Irvin,608344,75,20.0,35,13,18,27,9,39.0,31.0,0.467,0.36,0.173,0.24,0.12,0.795,3.75,vs RHB
250,Cole Ragans,666142,1235,287.0,652,151,242,432,191,612.0,393.0,0.528,0.35,0.122,0.196,0.155,0.642,4.3,vs RHB
251,Cole Sands,663485,678,182.0,322,125,116,231,119,328.0,245.0,0.475,0.341,0.184,0.171,0.176,0.747,3.73,vs RHB
252,Cole Sulser,642121,593,135.0,280,94,128,219,69,305.0,222.0,0.472,0.369,0.159,0.216,0.116,0.728,4.39,vs RHB
253,Cole Wilcox,677961,264,63.0,117,39,46,108,41,115.0,86.0,0.443,0.409,0.148,0.174,0.155,0.748,4.19,vs RHB
254,Cole Winn,668390,788,220.0,387,152,158,249,107,432.0,313.0,0.491,0.316,0.193,0.201,0.136,0.725,3.58,vs RHB
255,Coleman Crow,689441,140,43.0,64,36,23,40,23,77.0,60.0,0.457,0.286,0.257,0.164,0.164,0.779,3.26,vs RHB
256,Colin Holderman,670059,707,186.0,322,129,101,256,138,313.0,230.0,0.455,0.362,0.182,0.143,0.195,0.735,3.8,vs RHB
257,Colin Poche,621363,107,24.0,44,11,15,52,20,35.0,26.0,0.411,0.486,0.103,0.14,0.187,0.743,4.46,vs RHB
258,Colin Rea,607067,2058,549.0,948,414,389,696,336,1026.0,807.0,0.461,0.338,0.201,0.189,0.163,0.787,3.75,vs RHB
259,Colin Selby,681882,88,26.0,41,19,7,28,16,44.0,26.0,0.466,0.318,0.216,0.08,0.182,0.591,3.38,vs RHB
260,Collin Snider,676092,271,66.0,135,49,64,87,36,148.0,113.0,0.498,0.321,0.181,0.236,0.133,0.764,4.11,vs RHB
261,Colton Gordon,676467,1291,332.0,610,254,296,427,191,673.0,551.0,0.473,0.331,0.197,0.229,0.148,0.819,3.89,vs RHB
262,Connelly Early,813349,1362,340.0,636,222,260,504,216,642.0,484.0,0.467,0.37,0.163,0.191,0.159,0.754,4.01,vs RHB
263,Connor Brogdon,641401,556,135.0,266,88,94,202,82,272.0,185.0,0.478,0.363,0.158,0.169,0.147,0.68,4.12,vs RHB
264,Connor Gillispie,687362,220,57.0,96,44,40,80,35,105.0,84.0,0.436,0.364,0.2,0.182,0.159,0.8,3.86,vs RHB
265,Connor Phillips,683175,421,113.0,186,64,46,171,74,176.0,110.0,0.442,0.406,0.152,0.109,0.176,0.625,3.73,vs RHB
266,Connor Prielipp,687570,1412,369.0,671,243,275,498,231,683.0,525.0,0.475,0.353,0.172,0.195,0.164,0.769,3.83,vs RHB
267,Connor Seabold,657756,282,72.0,137,49,49,96,47,139.0,98.0,0.486,0.34,0.174,0.174,0.167,0.705,3.92,vs RHB
268,Connor Thomas,671162,297,79.0,127,55,48,115,46,136.0,103.0,0.428,0.387,0.185,0.162,0.155,0.757,3.76,vs RHB
269,Cooper Criswell,681867,482,124.0,215,94,80,173,86,223.0,175.0,0.446,0.359,0.195,0.166,0.178,0.785,3.89,vs RHB
270,Cooper Hjerpe,687309,81,19.0,46,10,19,25,17,39.0,29.0,0.568,0.309,0.123,0.235,0.21,0.744,4.26,vs RHB
271,Cooper Hummel,669450,6,5.0,1,4,0,1,1,4.0,4.0,0.167,0.167,0.667,0.0,0.167,1.0,1.2,vs RHB
272,Corbin Burnes,669203,502,137.0,230,100,96,172,75,255.0,196.0,0.458,0.343,0.199,0.191,0.149,0.769,3.66,vs RHB
273,Corbin Martin,656686,230,60.0,105,36,34,89,30,111.0,70.0,0.457,0.387,0.157,0.148,0.13,0.631,3.83,vs RHB
274,Craig Kimbrel,518886,509,122.0,227,77,89,205,81,223.0,169.0,0.446,0.403,0.151,0.175,0.159,0.758,4.17,vs RHB
275,Craig Yoho,684974,382,93.0,182,49,61,151,63,168.0,111.0,0.476,0.395,0.128,0.16,0.165,0.661,4.11,vs RHB
276,Cristian Javier,664299,836,211.0,384,137,156,315,95,426.0,295.0,0.459,0.377,0.164,0.187,0.114,0.692,3.96,vs RHB
277,Cristian Mena,691441,45,12.0,17,8,7,20,6,19.0,15.0,0.378,0.444,0.178,0.156,0.133,0.789,3.75,vs RHB
278,Cristopher Sanchez,650911,4713,1278.0,2233,872,756,1608,779,2326.0,1639.0,0.474,0.341,0.185,0.16,0.165,0.705,3.69,vs RHB
279,DJ Herz,687792,59,17.0,25,11,8,23,9,27.0,19.0,0.424,0.39,0.186,0.136,0.153,0.704,3.47,vs RHB
280,DL Hall,669084,885,220.0,393,150,152,342,159,384.0,303.0,0.444,0.386,0.169,0.172,0.18,0.789,4.02,vs RHB
281,Dan Altavilla,656186,229,54.0,91,38,39,100,40,89.0,77.0,0.397,0.437,0.166,0.17,0.175,0.865,4.24,vs RHB
282,Dane Dunning,641540,189,49.0,80,34,31,75,31,83.0,65.0,0.423,0.397,0.18,0.164,0.164,0.783,3.86,vs RHB
283,Daniel Duarte,650960,192,43.0,100,28,42,64,32,96.0,73.0,0.521,0.333,0.146,0.219,0.167,0.76,4.47,vs RHB
284,Daniel Espino,682982,127,31.0,67,16,22,44,22,61.0,38.0,0.528,0.346,0.126,0.173,0.173,0.623,4.1,vs RHB
285,Daniel Lynch IV,663738,1456,378.0,617,287,213,552,269,635.0,503.0,0.424,0.379,0.197,0.146,0.185,0.792,3.85,vs RHB
286,Daniel Palencia,694037,620,170.0,307,116,125,197,98,325.0,241.0,0.495,0.318,0.187,0.202,0.158,0.742,3.65,vs RHB
287,Daniel Robert,642016,149,32.0,70,16,26,63,25,61.0,42.0,0.47,0.423,0.107,0.174,0.168,0.689,4.66,vs RHB
288,Danny Coulombe,543056,632,147.0,296,95,134,241,82,309.0,231.0,0.468,0.381,0.15,0.212,0.13,0.748,4.3,vs RHB
289,Danny Young,664849,235,52.0,100,29,31,106,51,78.0,60.0,0.426,0.451,0.123,0.132,0.217,0.769,4.52,vs RHB
290,Darren McCaughan,670766,70,18.0,37,12,12,21,13,36.0,25.0,0.529,0.3,0.171,0.171,0.186,0.694,3.89,vs RHB
291,Dauri Moreta,664294,160,37.0,81,25,26,54,30,76.0,51.0,0.506,0.338,0.156,0.162,0.188,0.671,4.32,vs RHB
292,David Bednar,670280,1016,250.0,539,151,204,326,162,528.0,356.0,0.531,0.321,0.149,0.201,0.159,0.674,4.06,vs RHB
293,David Festa,701581,438,115.0,205,78,74,155,66,217.0,154.0,0.468,0.354,0.178,0.169,0.151,0.71,3.81,vs RHB
294,David Morgan,688158,790,207.0,400,126,156,264,122,404.0,284.0,0.506,0.334,0.159,0.197,0.154,0.703,3.82,vs RHB
295,David Peterson,656849,3854,1016.0,1660,724,656,1470,639,1744.0,1387.0,0.431,0.381,0.188,0.17,0.166,0.795,3.79,vs RHB
296,David Robertson,502085,162,42.0,74,26,23,62,34,66.0,49.0,0.457,0.383,0.16,0.142,0.21,0.742,3.86,vs RHB
297,David Sandlin,689818,229,58.0,102,37,29,90,42,97.0,66.0,0.445,0.393,0.162,0.127,0.183,0.68,3.95,vs RHB
298,Davis Daniel,669721,129,31.0,58,18,29,53,17,59.0,47.0,0.45,0.411,0.14,0.225,0.132,0.797,4.16,vs RHB
299,Davis Martin,663436,2021,548.0,922,394,362,705,290,1026.0,759.0,0.456,0.349,0.195,0.179,0.143,0.74,3.69,vs RHB
300,Dax Fulton,690978,266,69.0,115,44,38,107,45,114.0,82.0,0.432,0.402,0.165,0.143,0.169,0.719,3.86,vs RHB
301,Daysbel Hernandez,678226,376,90.0,166,62,63,148,56,172.0,126.0,0.441,0.394,0.165,0.168,0.149,0.733,4.18,vs RHB
302,Dean Kremer,665152,1762,465.0,830,323,303,609,319,834.0,628.0,0.471,0.346,0.183,0.172,0.181,0.753,3.79,vs RHB
303,Dedniel Nunez,673380,189,57.0,107,39,34,43,30,116.0,74.0,0.566,0.228,0.206,0.18,0.159,0.638,3.32,vs RHB
304,Dennis Santana,642701,939,262.0,460,188,147,291,192,456.0,336.0,0.49,0.31,0.2,0.157,0.204,0.737,3.58,vs RHB
305,Derek Law,571882,77,16.0,34,12,13,31,12,34.0,25.0,0.442,0.403,0.156,0.169,0.156,0.735,4.81,vs RHB
306,Devin Williams,642207,952,221.0,505,120,166,327,146,479.0,288.0,0.53,0.343,0.126,0.174,0.153,0.601,4.31,vs RHB
307,Didier Fuentes,800311,667,166.0,327,107,128,233,105,329.0,235.0,0.49,0.349,0.16,0.192,0.157,0.714,4.02,vs RHB
308,Dietrich Enns,608650,628,162.0,308,112,137,208,80,340.0,252.0,0.49,0.331,0.178,0.218,0.127,0.741,3.88,vs RHB
309,Dillon Tate,622253,78,19.0,42,11,11,25,22,31.0,22.0,0.538,0.321,0.141,0.141,0.282,0.71,4.11,vs RHB
310,Dom Hamel,687589,9,4.0,4,3,2,2,2,5.0,5.0,0.444,0.222,0.333,0.222,0.222,1.0,2.25,vs RHB
311,Domingo Gonzalez,682445,82,24.0,36,17,17,29,9,44.0,34.0,0.439,0.354,0.207,0.207,0.11,0.773,3.42,vs RHB
312,Doug Nikhazy,680951,98,22.0,35,13,13,50,12,36.0,26.0,0.357,0.51,0.133,0.133,0.122,0.722,4.45,vs RHB
313,Drew Anderson,623454,822,208.0,395,121,134,306,135,381.0,258.0,0.481,0.372,0.147,0.163,0.164,0.677,3.95,vs RHB
314,Drew Pomeranz,519141,779,195.0,347,137,150,295,129,355.0,290.0,0.445,0.379,0.176,0.193,0.166,0.817,3.99,vs RHB
315,Drew Rasmussen,656876,2046,540.0,969,397,373,680,361,1005.0,776.0,0.474,0.332,0.194,0.182,0.176,0.772,3.79,vs RHB
316,Drew Rom,680723,126,37.0,48,28,15,50,21,55.0,44.0,0.381,0.397,0.222,0.119,0.167,0.8,3.41,vs RHB
317,Drew Sommers,805427,374,89.0,183,47,70,144,57,173.0,117.0,0.489,0.385,0.126,0.187,0.152,0.676,4.2,vs RHB
318,Drey Jameson,686753,143,44.0,64,34,14,45,30,68.0,48.0,0.448,0.315,0.238,0.098,0.21,0.706,3.25,vs RHB
319,Dugan Darnell,699911,109,28.0,44,21,15,44,22,43.0,36.0,0.404,0.404,0.193,0.138,0.202,0.837,3.89,vs RHB
320,Duncan Davitt,701474,43,12.0,16,10,5,17,9,17.0,15.0,0.372,0.395,0.233,0.116,0.209,0.882,3.58,vs RHB
321,Dustin May,669160,1791,495.0,841,359,333,591,328,872.0,692.0,0.47,0.33,0.2,0.186,0.183,0.794,3.62,vs RHB
322,Dylan Cease,656302,2701,656.0,1342,381,483,978,408,1315.0,867.0,0.497,0.362,0.141,0.179,0.151,0.659,4.12,vs RHB
323,Dylan Dodd,689266,720,180.0,370,124,172,226,72,422.0,297.0,0.514,0.314,0.172,0.239,0.1,0.704,4.0,vs RHB
324,Dylan Lee,669276,1248,299.0,652,197,233,399,194,655.0,433.0,0.522,0.32,0.158,0.187,0.155,0.661,4.17,vs RHB
325,Dylan Moore,664238,13,5.0,3,3,0,7,2,4.0,3.0,0.231,0.538,0.231,0.0,0.154,0.75,2.6,vs RHB
326,Dylan Ross,697811,9,2.0,4,2,2,3,1,5.0,4.0,0.444,0.333,0.222,0.222,0.111,0.8,4.5,vs RHB
327,Dylan Smith,681916,444,115.0,197,77,78,170,64,210.0,155.0,0.444,0.383,0.173,0.176,0.144,0.738,3.86,vs RHB
328,Easton Lucas,687922,304,81.0,142,60,68,102,41,161.0,128.0,0.467,0.336,0.197,0.224,0.135,0.795,3.75,vs RHB
329,Easton McGee,668834,188,51.0,99,36,47,53,31,104.0,83.0,0.527,0.282,0.191,0.25,0.165,0.798,3.69,vs RHB
330,Eddy Yean,678868,77,21.0,29,15,13,33,11,33.0,28.0,0.377,0.429,0.195,0.169,0.143,0.848,3.67,vs RHB
331,Edgardo Henriquez,683618,684,185.0,316,120,116,248,98,338.0,238.0,0.462,0.363,0.175,0.17,0.143,0.704,3.7,vs RHB
332,Eduard Bazardo,660825,1210,317.0,584,217,211,409,259,542.0,432.0,0.483,0.338,0.179,0.174,0.214,0.797,3.82,vs RHB
333,Eduardo Rivera,700842,117,24.0,58,18,28,41,20,56.0,46.0,0.496,0.35,0.154,0.239,0.171,0.821,4.88,vs RHB
334,Eduardo Rodriguez,593958,4118,1075.0,1848,763,752,1507,623,1988.0,1527.0,0.449,0.366,0.185,0.183,0.151,0.768,3.83,vs RHB
335,Eduardo Salazar,674285,280,83.0,121,58,46,101,37,142.0,104.0,0.432,0.361,0.207,0.164,0.132,0.732,3.37,vs RHB
336,Eduarniel Nunez,674384,145,32.0,64,19,22,62,19,64.0,41.0,0.441,0.428,0.131,0.152,0.131,0.641,4.53,vs RHB
337,Edward Cabrera,665795,1599,414.0,759,266,250,574,265,760.0,518.0,0.475,0.359,0.166,0.156,0.166,0.682,3.86,vs RHB
338,Edwin Diaz,621242,642,157.0,320,85,94,237,111,294.0,179.0,0.498,0.369,0.132,0.146,0.173,0.609,4.09,vs RHB
339,Edwin Uceta,670955,674,176.0,345,101,128,228,98,348.0,230.0,0.512,0.338,0.15,0.19,0.145,0.661,3.83,vs RHB
340,Eiberson Castellano,682769,19,6.0,10,3,2,6,4,9.0,5.0,0.526,0.316,0.158,0.105,0.211,0.556,3.17,vs RHB
341,Eli Morgan,669212,231,60.0,99,45,37,87,35,109.0,83.0,0.429,0.377,0.195,0.16,0.152,0.761,3.85,vs RHB
342,Elieser Hernandez,622694,95,22.0,47,14,15,34,18,43.0,29.0,0.495,0.358,0.147,0.158,0.189,0.674,4.32,vs RHB
343,Elmer Rodriguez,695684,270,71.0,117,50,27,103,55,112.0,77.0,0.433,0.381,0.185,0.1,0.204,0.688,3.8,vs RHB
344,Elvin Rodriguez,660730,212,59.0,85,42,26,85,42,85.0,69.0,0.401,0.401,0.198,0.123,0.198,0.812,3.59,vs RHB
345,Elvis Alvarado,665660,840,216.0,395,139,158,306,118,416.0,298.0,0.47,0.364,0.165,0.188,0.14,0.716,3.89,vs RHB
346,Elvis Peguero,665625,118,28.0,51,21,18,46,18,54.0,39.0,0.432,0.39,0.178,0.153,0.153,0.722,4.21,vs RHB
347,Emerson Hancock,676106,1510,424.0,710,320,293,480,235,795.0,614.0,0.47,0.318,0.212,0.194,0.156,0.772,3.56,vs RHB
348,Emiliano Teodo,693713,12,3.0,7,3,3,2,1,9.0,6.0,0.583,0.167,0.25,0.25,0.083,0.667,4.0,vs RHB
349,Emilio Pagan,641941,793,215.0,389,143,176,261,101,431.0,324.0,0.491,0.329,0.18,0.222,0.127,0.752,3.69,vs RHB
350,Emmanuel Clase,661403,432,113.0,216,72,71,144,54,234.0,143.0,0.5,0.333,0.167,0.164,0.125,0.611,3.82,vs RHB
351,Emmanuel Rivera,656896,29,9.0,12,8,3,9,8,12.0,11.0,0.414,0.31,0.276,0.103,0.276,0.917,3.22,vs RHB
352,Emmet Sheehan,686218,1569,398.0,774,249,276,546,204,819.0,528.0,0.493,0.348,0.159,0.176,0.13,0.645,3.94,vs RHB
353,Enmanuel De Jesus,646241,378,96.0,175,61,66,142,61,175.0,128.0,0.463,0.376,0.161,0.175,0.161,0.731,3.94,vs RHB
354,Enrique Hernandez,571771,70,22.0,21,17,2,32,13,25.0,19.0,0.3,0.457,0.243,0.029,0.186,0.76,3.18,vs RHB
355,Enyel De Los Santos,660853,1255,314.0,631,203,241,421,180,654.0,446.0,0.503,0.335,0.162,0.192,0.143,0.682,4.0,vs RHB
356,Erasmo Ramirez,541640,61,17.0,24,16,11,21,6,34.0,29.0,0.393,0.344,0.262,0.18,0.098,0.853,3.59,vs RHB
357,Eric Cerantola,672021,33,9.0,10,5,4,18,4,11.0,9.0,0.303,0.545,0.152,0.121,0.121,0.818,3.67,vs RHB
358,Eric Lauer,641778,2635,652.0,1236,476,573,923,390,1322.0,1053.0,0.469,0.35,0.181,0.217,0.148,0.797,4.04,vs RHB
359,Eric Orze,679358,653,167.0,307,104,119,242,106,305.0,226.0,0.47,0.371,0.159,0.182,0.162,0.741,3.91,vs RHB
360,Erick Fedde,607200,2144,573.0,922,431,343,791,381,972.0,781.0,0.43,0.369,0.201,0.16,0.178,0.803,3.74,vs RHB
361,Erik Miller,669062,881,202.0,381,112,132,388,122,371.0,252.0,0.432,0.44,0.127,0.15,0.138,0.679,4.36,vs RHB
362,Erik Sabrowski,681870,845,188.0,431,77,159,337,131,377.0,239.0,0.51,0.399,0.091,0.188,0.155,0.634,4.49,vs RHB
363,Erik Swanson,657024,62,17.0,31,11,12,20,11,31.0,23.0,0.5,0.323,0.177,0.194,0.177,0.742,3.65,vs RHB
364,Erik Tolman,680899,166,36.0,87,24,41,55,17,94.0,68.0,0.524,0.331,0.145,0.247,0.102,0.723,4.61,vs RHB
365,Ethan Pecko,814490,175,43.0,74,29,33,72,19,84.0,63.0,0.423,0.411,0.166,0.189,0.109,0.75,4.07,vs RHB
366,Ethan Roberts,681799,335,85.0,150,63,54,122,61,152.0,117.0,0.448,0.364,0.188,0.161,0.182,0.77,3.94,vs RHB
367,Eury Perez,691587,1770,449.0,834,295,344,641,248,881.0,642.0,0.471,0.362,0.167,0.194,0.14,0.729,3.94,vs RHB
368,Evan Phillips,623465,277,67.0,143,46,58,88,54,135.0,104.0,0.516,0.318,0.166,0.209,0.195,0.77,4.13,vs RHB
369,Evan Sisk,681895,568,138.0,261,86,96,221,106,241.0,182.0,0.46,0.389,0.151,0.169,0.187,0.755,4.12,vs RHB
370,Ezequiel Duran,677649,19,8.0,5,8,1,6,4,9.0,9.0,0.263,0.316,0.421,0.053,0.211,1.0,2.38,vs RHB
371,Felix Bautista,642585,314,71.0,155,31,54,128,47,139.0,85.0,0.494,0.408,0.099,0.172,0.15,0.612,4.42,vs RHB
372,Fernando Cruz,518585,924,231.0,437,116,100,371,142,411.0,218.0,0.473,0.402,0.126,0.108,0.154,0.53,4.0,vs RHB
373,Forrest Whitley,666215,91,29.0,34,26,13,31,20,40.0,39.0,0.374,0.341,0.286,0.143,0.22,0.975,3.14,vs RHB
374,Foster Griffin,656492,2020,505.0,953,369,390,698,337,984.0,765.0,0.472,0.346,0.183,0.193,0.167,0.777,4.0,vs RHB
375,Framber Valdez,664285,4441,1215.0,1988,848,741,1605,761,2075.0,1599.0,0.448,0.361,0.191,0.167,0.171,0.771,3.66,vs RHB
376,Franco Aleman,680916,235,55.0,111,31,43,93,42,100.0,76.0,0.472,0.396,0.132,0.183,0.179,0.76,4.27,vs RHB
377,Frankie Montas,593423,369,89.0,173,63,64,133,64,172.0,127.0,0.469,0.36,0.171,0.173,0.173,0.738,4.15,vs RHB
378,Fraser Ellard,686642,167,39.0,82,19,33,66,26,75.0,52.0,0.491,0.395,0.114,0.198,0.156,0.693,4.28,vs RHB
379,Freddy Peralta,642547,2579,613.0,1225,384,483,970,373,1235.0,869.0,0.475,0.376,0.149,0.187,0.145,0.704,4.21,vs RHB
380,Freddy Tarnok,676206,45,9.0,20,5,9,20,6,19.0,14.0,0.444,0.444,0.111,0.2,0.133,0.737,5.0,vs RHB
381,Gabe Speier,642100,845,224.0,428,141,178,276,128,441.0,319.0,0.507,0.327,0.167,0.211,0.151,0.723,3.77,vs RHB
382,Gabriel Hughes,687312,376,96.0,182,61,85,133,52,191.0,146.0,0.484,0.354,0.162,0.226,0.138,0.764,3.92,vs RHB
383,Gage Jump,695611,1311,318.0,645,203,265,463,213,635.0,470.0,0.492,0.353,0.155,0.202,0.162,0.74,4.12,vs RHB
384,Garrett Acton,670183,117,29.0,57,20,19,40,24,53.0,39.0,0.487,0.342,0.171,0.162,0.205,0.736,4.03,vs RHB
385,Garrett Cleavinger,664076,1057,265.0,542,151,203,364,164,529.0,356.0,0.513,0.344,0.143,0.192,0.155,0.673,3.99,vs RHB
386,Garrett Crochet,676979,3051,781.0,1535,484,626,1032,458,1561.0,1115.0,0.503,0.338,0.159,0.205,0.15,0.714,3.91,vs RHB
387,Garrett Hampson,641658,2,2.0,0,2,0,0,0,2.0,2.0,0.0,0.0,1.0,0.0,0.0,1.0,1.0,vs RHB
388,Garrett McDaniels,680729,116,31.0,38,24,12,54,17,45.0,36.0,0.328,0.466,0.207,0.103,0.147,0.8,3.74,vs RHB
389,Garrett Stallings,668831,98,27.0,59,9,15,30,20,48.0,25.0,0.602,0.306,0.092,0.153,0.204,0.521,3.63,vs RHB
390,Garrett Stubbs,596117,20,11.0,3,9,1,8,2,10.0,10.0,0.15,0.4,0.45,0.05,0.1,1.0,1.82,vs RHB
391,Garrett Whitlock,676477,945,243.0,508,149,186,288,159,498.0,336.0,0.538,0.305,0.158,0.197,0.168,0.675,3.89,vs RHB
392,Gary Sanchez,596142,39,13.0,11,11,4,17,6,16.0,15.0,0.282,0.436,0.282,0.103,0.154,0.938,3.0,vs RHB
393,Gavin Collyer,686560,219,55.0,94,31,24,94,50,75.0,56.0,0.429,0.429,0.142,0.11,0.228,0.747,3.98,vs RHB
394,Gavin Hollowell,668970,272,64.0,127,38,43,107,55,110.0,81.0,0.467,0.393,0.14,0.158,0.202,0.736,4.25,vs RHB
395,Gavin Williams,668909,2578,636.0,1222,401,409,955,436,1187.0,815.0,0.474,0.37,0.156,0.159,0.169,0.687,4.05,vs RHB
396,Genesis Cabrera,650893,420,108.0,194,77,74,149,61,210.0,152.0,0.462,0.355,0.183,0.176,0.145,0.724,3.89,vs RHB
397,Geoff Hartlieb,664129,237,67.0,100,51,25,86,38,113.0,76.0,0.422,0.363,0.215,0.105,0.16,0.673,3.54,vs RHB
398,George Kirby,669923,2147,578.0,1062,411,428,674,350,1123.0,841.0,0.495,0.314,0.191,0.199,0.163,0.749,3.71,vs RHB
399,George Klassen,691946,215,51.0,89,28,35,98,28,89.0,63.0,0.414,0.456,0.13,0.163,0.13,0.708,4.22,vs RHB
400,George Soriano,666277,863,216.0,397,143,131,323,162,378.0,276.0,0.46,0.374,0.166,0.152,0.188,0.73,4.0,vs RHB
401,Gerardo Carrillo,672629,95,25.0,38,13,8,44,17,34.0,21.0,0.4,0.463,0.137,0.084,0.179,0.618,3.8,vs RHB
402,German Marquez,608566,1344,387.0,563,306,226,475,199,670.0,533.0,0.419,0.353,0.228,0.168,0.148,0.796,3.47,vs RHB
403,Gerrit Cole,543037,678,199.0,314,150,116,214,135,329.0,269.0,0.463,0.316,0.221,0.171,0.199,0.818,3.41,vs RHB
404,Gerson Garabito,642520,53,19.0,25,15,4,13,16,24.0,19.0,0.472,0.245,0.283,0.075,0.302,0.792,2.79,vs RHB
405,Gordon Graceffo,700669,1054,274.0,458,191,192,405,152,497.0,384.0,0.435,0.384,0.181,0.182,0.144,0.773,3.85,vs RHB
406,Graham Ashcraft,668933,835,220.0,398,146,138,291,132,412.0,285.0,0.477,0.349,0.175,0.165,0.158,0.692,3.8,vs RHB
407,Grant Anderson,681982,1265,336.0,574,232,188,459,219,586.0,424.0,0.454,0.363,0.183,0.149,0.173,0.724,3.76,vs RHB
408,Grant Holman,680880,243,65.0,97,48,30,98,35,110.0,78.0,0.399,0.403,0.198,0.123,0.144,0.709,3.74,vs RHB
409,Grant Holmes,656550,1896,490.0,911,318,336,667,262,967.0,661.0,0.48,0.352,0.168,0.177,0.138,0.684,3.87,vs RHB
410,Grant Taylor,691799,907,226.0,473,136,179,298,158,451.0,317.0,0.521,0.329,0.15,0.197,0.174,0.703,4.01,vs RHB
411,Grant Wolfram,664991,734,184.0,347,122,138,265,115,354.0,261.0,0.473,0.361,0.166,0.188,0.157,0.737,3.99,vs RHB
412,Grayson Rodriguez,680570,652,172.0,310,120,128,222,106,324.0,248.0,0.475,0.34,0.184,0.196,0.163,0.765,3.79,vs RHB
413,Greg Weissert,669711,1213,322.0,587,223,217,403,235,575.0,445.0,0.484,0.332,0.184,0.179,0.194,0.774,3.77,vs RHB
414,Gregory Santos,666619,129,35.0,49,31,22,49,18,62.0,53.0,0.38,0.38,0.24,0.171,0.14,0.855,3.69,vs RHB
415,Gregory Soto,642397,1352,338.0,658,204,232,490,239,623.0,439.0,0.487,0.362,0.151,0.172,0.177,0.705,4.0,vs RHB
416,Griffin Canning,656288,1245,311.0,569,208,192,468,230,546.0,403.0,0.457,0.376,0.167,0.154,0.185,0.738,4.0,vs RHB
417,Griffin Jax,643377,1189,315.0,592,195,206,402,210,577.0,403.0,0.498,0.338,0.164,0.173,0.177,0.698,3.77,vs RHB
418,Guillo Zuniga,670871,5,1.0,3,1,1,1,1,3.0,2.0,0.6,0.2,0.2,0.2,0.2,0.667,5.0,vs RHB
419,Gunnar Hoglund,680684,246,69.0,96,53,27,97,47,102.0,81.0,0.39,0.394,0.215,0.11,0.191,0.794,3.57,vs RHB
420,Gus Varland,681402,288,79.0,129,61,58,98,47,143.0,119.0,0.448,0.34,0.212,0.201,0.163,0.832,3.65,vs RHB
421,Hagen Smith,696146,294,66.0,157,25,48,112,56,126.0,73.0,0.534,0.381,0.085,0.163,0.19,0.579,4.45,vs RHB
422,Hancel Rincon,684516,15,5.0,6,4,4,5,1,9.0,8.0,0.4,0.333,0.267,0.267,0.067,0.889,3.0,vs RHB
423,Hayden Birdsong,806185,580,152.0,258,97,88,225,85,270.0,185.0,0.445,0.388,0.167,0.152,0.147,0.685,3.82,vs RHB
424,Hayden Harris,802686,45,10.0,22,8,16,15,5,25.0,24.0,0.489,0.333,0.178,0.356,0.111,0.96,4.5,vs RHB
425,Hayden Juenger,696522,172,49.0,72,40,33,60,26,86.0,73.0,0.419,0.349,0.233,0.192,0.151,0.849,3.51,vs RHB
426,Hayden Wesneski,669713,623,168.0,286,118,106,219,113,291.0,224.0,0.459,0.352,0.189,0.17,0.181,0.77,3.71,vs RHB
427,Hector Neris,593576,263,57.0,122,34,58,107,32,124.0,93.0,0.464,0.407,0.129,0.221,0.122,0.75,4.61,vs RHB
428,Hoby Milner,571948,997,249.0,437,182,163,378,202,417.0,346.0,0.438,0.379,0.183,0.163,0.203,0.83,4.0,vs RHB
429,Hogan Harris,663687,1462,348.0,719,208,313,535,255,672.0,521.0,0.492,0.366,0.142,0.214,0.174,0.775,4.2,vs RHB
430,Huascar Brazoban,623211,1130,291.0,569,192,245,369,169,591.0,441.0,0.504,0.327,0.17,0.217,0.15,0.746,3.88,vs RHB
431,Hunter Barco,682995,291,71.0,117,48,41,126,54,111.0,89.0,0.402,0.433,0.165,0.141,0.186,0.802,4.1,vs RHB
432,Hunter Bigge,685801,313,82.0,127,58,48,128,44,141.0,106.0,0.406,0.409,0.185,0.153,0.141,0.752,3.82,vs RHB
433,Hunter Brown,686613,2028,528.0,936,353,339,739,389,900.0,697.0,0.462,0.364,0.174,0.167,0.192,0.774,3.84,vs RHB
434,Hunter Dobbins,690928,880,232.0,396,159,144,325,151,404.0,303.0,0.45,0.369,0.181,0.164,0.172,0.75,3.79,vs RHB
435,Hunter Gaddis,683769,1055,287.0,505,203,177,347,153,555.0,381.0,0.479,0.329,0.192,0.168,0.145,0.686,3.68,vs RHB
436,Hunter Greene,668881,1042,260.0,550,174,224,318,153,571.0,401.0,0.528,0.305,0.167,0.215,0.147,0.702,4.01,vs RHB
437,Hunter Harvey,640451,109,27.0,55,20,23,34,15,60.0,43.0,0.505,0.312,0.183,0.211,0.138,0.717,4.04,vs RHB
438,Hunter Stratton,676702,218,54.0,102,39,50,77,30,111.0,89.0,0.468,0.353,0.179,0.229,0.138,0.802,4.04,vs RHB
439,Hunter Strickland,519326,185,47.0,89,34,38,62,27,96.0,72.0,0.481,0.335,0.184,0.205,0.146,0.75,3.94,vs RHB
440,Hurston Waldrep,694462,455,127.0,198,83,67,174,73,208.0,151.0,0.435,0.382,0.182,0.147,0.16,0.726,3.58,vs RHB
441,Ian Anderson,666120,135,34.0,50,24,18,61,20,54.0,42.0,0.37,0.452,0.178,0.133,0.148,0.778,3.97,vs RHB
442,Ian Gibaut,664139,212,61.0,94,49,40,69,34,109.0,90.0,0.443,0.325,0.231,0.189,0.16,0.826,3.48,vs RHB
443,Ian Hamilton,641656,434,112.0,210,61,66,163,72,199.0,128.0,0.484,0.376,0.141,0.152,0.166,0.643,3.88,vs RHB
444,Ian Seymour,693855,2083,513.0,1048,323,410,712,332,1039.0,738.0,0.503,0.342,0.155,0.197,0.159,0.71,4.06,vs RHB
445,Ildemaro Vargas,545121,32,9.0,9,6,3,17,6,9.0,9.0,0.281,0.531,0.188,0.094,0.188,1.0,3.56,vs RHB
446,Isaac Mattson,676755,725,188.0,366,130,152,229,123,373.0,285.0,0.505,0.316,0.179,0.21,0.17,0.764,3.86,vs RHB
447,Isaiah Campbell,663462,67,23.0,31,19,12,17,10,40.0,31.0,0.463,0.254,0.284,0.179,0.149,0.775,2.91,vs RHB
448,Isiah Kiner-Falefa,643396,1,1.0,0,1,0,0,0,1.0,1.0,0.0,0.0,1.0,0.0,0.0,1.0,1.0,vs RHB
449,J.P. Feyereisen,656420,49,14.0,25,12,16,12,4,33.0,28.0,0.51,0.245,0.245,0.327,0.082,0.848,3.5,vs RHB
450,J.P. France,641585,98,23.0,48,15,17,35,20,43.0,32.0,0.49,0.357,0.153,0.173,0.204,0.744,4.26,vs RHB
451,J.T. Ginn,669372,1772,444.0,824,293,290,655,299,817.0,585.0,0.465,0.37,0.165,0.164,0.169,0.716,3.99,vs RHB
452,JP Sears,676664,2368,583.0,1073,425,464,870,385,1113.0,892.0,0.453,0.367,0.179,0.196,0.163,0.801,4.06,vs RHB
453,JR Ritchie,702275,460,121.0,196,83,68,181,85,194.0,151.0,0.426,0.393,0.18,0.148,0.185,0.778,3.8,vs RHB
454,JT Brubaker,664141,746,188.0,347,139,118,260,141,345.0,258.0,0.465,0.349,0.186,0.158,0.189,0.748,3.97,vs RHB
455,Jack Anderson,681252,85,25.0,36,20,11,29,10,46.0,31.0,0.424,0.341,0.235,0.129,0.118,0.674,3.4,vs RHB
456,Jack Dreyer,676263,1352,332.0,676,212,256,464,213,675.0,473.0,0.5,0.343,0.157,0.189,0.158,0.701,4.07,vs RHB
457,Jack Flaherty,656427,2070,495.0,1030,307,381,733,360,977.0,692.0,0.498,0.354,0.148,0.184,0.174,0.708,4.18,vs RHB
458,Jack Kochanowicz,686799,1243,344.0,503,251,178,489,189,565.0,431.0,0.405,0.393,0.202,0.143,0.152,0.763,3.61,vs RHB
459,Jack Leiter,683004,1865,473.0,869,311,354,685,287,893.0,666.0,0.466,0.367,0.167,0.19,0.154,0.746,3.94,vs RHB
460,Jack Little,669193,32,9.0,16,5,5,11,4,17.0,10.0,0.5,0.344,0.156,0.156,0.125,0.588,3.56,vs RHB
461,Jack Perkins,678022,1140,310.0,535,208,193,397,168,575.0,402.0,0.469,0.348,0.182,0.169,0.147,0.699,3.68,vs RHB
462,Jack Ralston,667652,94,20.0,48,10,19,36,20,38.0,30.0,0.511,0.383,0.106,0.202,0.213,0.789,4.7,vs RHB
463,Jack Sinclair,695378,74,22.0,32,13,15,29,11,34.0,28.0,0.432,0.392,0.176,0.203,0.149,0.824,3.36,vs RHB
464,Jack Weisenburger,674073,87,23.0,40,16,13,31,16,40.0,29.0,0.46,0.356,0.184,0.149,0.184,0.725,3.78,vs RHB
465,Jackson Jobe,695549,644,162.0,280,108,113,256,95,293.0,223.0,0.435,0.398,0.168,0.175,0.148,0.761,3.98,vs RHB
466,Jackson Kent,800600,517,126.0,222,85,87,210,74,233.0,175.0,0.429,0.406,0.164,0.168,0.143,0.751,4.1,vs RHB
467,Jackson Kowar,663804,113,28.0,49,18,20,46,12,55.0,39.0,0.434,0.407,0.159,0.177,0.106,0.709,4.04,vs RHB
468,Jackson Rutledge,671131,786,194.0,371,129,133,286,135,365.0,262.0,0.472,0.364,0.164,0.169,0.172,0.718,4.05,vs RHB
469,Jacob Amaya,676070,5,2.0,2,2,2,1,0,4.0,4.0,0.4,0.2,0.4,0.4,0.0,1.0,2.5,vs RHB
470,Jacob Barnes,606930,80,22.0,31,19,12,30,7,43.0,31.0,0.388,0.375,0.238,0.15,0.088,0.721,3.64,vs RHB
471,Jacob Latz,656641,1700,393.0,822,245,325,633,214,853.0,573.0,0.484,0.372,0.144,0.191,0.126,0.672,4.33,vs RHB
472,Jacob Lopez,682052,2879,701.0,1314,455,517,1110,435,1334.0,978.0,0.456,0.386,0.158,0.18,0.151,0.733,4.11,vs RHB
473,Jacob Misiorowski,694819,1660,421.0,846,265,321,549,304,807.0,589.0,0.51,0.331,0.16,0.193,0.183,0.73,3.94,vs RHB
474,Jacob Stallings,607732,7,2.0,3,1,1,3,2,2.0,2.0,0.429,0.429,0.143,0.143,0.286,1.0,3.5,vs RHB
475,Jacob Waguespack,621097,336,90.0,148,63,57,125,53,158.0,120.0,0.44,0.372,0.188,0.17,0.158,0.759,3.73,vs RHB
476,Jacob Webb,657097,951,256.0,448,175,164,328,149,474.0,341.0,0.471,0.345,0.184,0.172,0.157,0.719,3.71,vs RHB
477,Jacob deGrom,594798,2311,594.0,1144,401,444,766,300,1245.0,848.0,0.495,0.331,0.174,0.192,0.13,0.681,3.89,vs RHB
478,Jaden Hill,677955,562,146.0,272,93,99,197,84,281.0,193.0,0.484,0.351,0.165,0.176,0.149,0.687,3.85,vs RHB
479,Jake Bauers,641343,49,19.0,12,17,6,20,6,23.0,23.0,0.245,0.408,0.347,0.122,0.122,1.0,2.58,vs RHB
480,Jake Bennett,687562,1161,330.0,534,257,225,370,146,645.0,490.0,0.46,0.319,0.221,0.194,0.126,0.76,3.52,vs RHB
481,Jake Bird,656234,977,250.0,477,159,120,341,233,403.0,281.0,0.488,0.349,0.163,0.123,0.238,0.697,3.91,vs RHB
482,Jake Eder,671109,247,54.0,113,36,57,98,29,120.0,93.0,0.457,0.397,0.146,0.231,0.117,0.775,4.57,vs RHB
483,Jake Irvin,663623,2056,516.0,970,370,397,716,378,962.0,769.0,0.472,0.348,0.18,0.193,0.184,0.799,3.98,vs RHB
484,Jake Meyers,676694,2,1.0,1,1,0,0,1,1.0,1.0,0.5,0.0,0.5,0.0,0.5,1.0,2.0,vs RHB
485,Jake Palisch,669449,19,5.0,10,5,5,4,3,12.0,10.0,0.526,0.211,0.263,0.263,0.158,0.833,3.8,vs RHB
486,Jake Rogers,668670,47,14.0,19,10,3,18,14,15.0,13.0,0.404,0.383,0.213,0.064,0.298,0.867,3.36,vs RHB
487,Jake Woodford,663765,679,188.0,291,141,111,247,123,309.0,252.0,0.429,0.364,0.208,0.163,0.181,0.816,3.61,vs RHB
488,Jakob Junis,596001,1008,275.0,485,196,158,327,214,467.0,355.0,0.481,0.324,0.194,0.157,0.212,0.76,3.67,vs RHB
489,Jalen Beeks,656222,754,196.0,303,148,113,303,94,357.0,261.0,0.402,0.402,0.196,0.15,0.125,0.731,3.85,vs RHB
490,James Karinchak,675916,88,21.0,39,13,13,36,16,36.0,27.0,0.443,0.409,0.148,0.148,0.182,0.75,4.19,vs RHB
491,James McCann,543510,15,8.0,2,8,1,5,1,9.0,9.0,0.133,0.333,0.533,0.067,0.067,1.0,1.88,vs RHB
492,Jameson Taillon,592791,1540,433.0,733,337,284,470,259,811.0,624.0,0.476,0.305,0.219,0.184,0.168,0.769,3.56,vs RHB
493,Janson Junk,676083,1447,401.0,679,315,321,453,223,771.0,642.0,0.469,0.313,0.218,0.222,0.154,0.833,3.61,vs RHB
494,Jared Jones,683003,622,166.0,311,109,108,202,102,318.0,217.0,0.5,0.325,0.175,0.174,0.164,0.682,3.75,vs RHB
495,Jared Koenig,657649,743,184.0,354,121,123,268,154,321.0,246.0,0.476,0.361,0.163,0.166,0.207,0.766,4.04,vs RHB
496,Jared Shuster,694363,284,74.0,120,57,42,107,45,132.0,100.0,0.423,0.377,0.201,0.148,0.158,0.758,3.84,vs RHB
497,Jared Simpson,688692,62,12.0,26,5,12,31,10,21.0,17.0,0.419,0.5,0.081,0.194,0.161,0.81,5.17,vs RHB
498,Jared Triolo,669707,20,6.0,5,5,5,10,0,10.0,10.0,0.25,0.5,0.25,0.25,0.0,1.0,3.33,vs RHB
499,Jared Young,676724,4,1.0,0,0,0,4,0,0.0,0.0,0.0,1.0,0.0,0.0,0.0,,4.0,vs RHB
500,Jason Adam,592094,831,209.0,407,144,148,280,126,425.0,293.0,0.49,0.337,0.173,0.178,0.152,0.689,3.98,vs RHB
501,Jason Alexander,669920,672,191.0,297,134,92,241,120,310.0,226.0,0.442,0.359,0.199,0.137,0.179,0.729,3.52,vs RHB
502,Jason Foley,671345,206,52.0,88,42,27,76,46,84.0,69.0,0.427,0.369,0.204,0.131,0.223,0.821,3.96,vs RHB
503,Javier Assad,665871,1004,266.0,417,207,167,380,189,435.0,374.0,0.415,0.378,0.206,0.166,0.188,0.86,3.77,vs RHB
504,Javier Sanoja,691594,125,45.0,35,41,14,49,17,59.0,55.0,0.28,0.392,0.328,0.112,0.136,0.932,2.78,vs RHB
505,Jayden Murray,681151,192,54.0,84,40,25,68,39,85.0,65.0,0.438,0.354,0.208,0.13,0.203,0.765,3.56,vs RHB
506,Jayvien Sandridge,682144,13,3.0,7,1,5,5,0,8.0,6.0,0.538,0.385,0.077,0.385,0.0,0.75,4.33,vs RHB
507,Jedixson Paez,699151,49,11.0,19,9,9,21,8,20.0,18.0,0.388,0.429,0.184,0.184,0.163,0.9,4.45,vs RHB
508,Jeff Brigham,656257,7,2.0,2,2,1,3,0,4.0,3.0,0.286,0.429,0.286,0.143,0.0,0.75,3.5,vs RHB
509,Jeff Criswell,676105,49,11.0,21,8,9,20,5,24.0,17.0,0.429,0.408,0.163,0.184,0.102,0.708,4.45,vs RHB
510,Jeff Hoffman,656546,1137,279.0,597,159,207,381,188,568.0,367.0,0.525,0.335,0.14,0.182,0.165,0.646,4.08,vs RHB
511,Jeffrey Springs,605488,3972,996.0,1785,717,643,1470,644,1858.0,1364.0,0.449,0.37,0.181,0.162,0.162,0.734,3.99,vs RHB
512,Jefry Yan,642376,168,44.0,82,25,29,61,20,87.0,54.0,0.488,0.363,0.149,0.173,0.119,0.621,3.82,vs RHB
513,Jeremiah Estrada,669093,950,236.0,510,128,193,312,137,501.0,323.0,0.537,0.328,0.135,0.203,0.144,0.645,4.03,vs RHB
514,Jesse Chavez,445926,103,26.0,47,20,22,36,19,48.0,42.0,0.456,0.35,0.194,0.214,0.184,0.875,3.96,vs RHB
515,Jesse Hahn,534910,55,16.0,19,12,4,24,9,22.0,16.0,0.345,0.436,0.218,0.073,0.164,0.727,3.44,vs RHB
516,Jesse Scholtens,669947,463,122.0,215,83,84,165,69,229.0,167.0,0.464,0.356,0.179,0.181,0.149,0.729,3.8,vs RHB
517,Jesus Luzardo,666200,4546,1136.0,2174,724,755,1648,794,2104.0,1483.0,0.478,0.363,0.159,0.166,0.175,0.705,4.0,vs RHB
518,Jesus Tinoco,622786,160,45.0,74,37,26,49,34,77.0,65.0,0.462,0.306,0.231,0.162,0.212,0.844,3.56,vs RHB
519,Jhoan Duran,661395,872,236.0,426,150,149,296,110,465.0,301.0,0.489,0.339,0.172,0.171,0.126,0.647,3.69,vs RHB
520,Jhonathan Diaz,646242,28,5.0,16,3,9,9,6,13.0,12.0,0.571,0.321,0.107,0.321,0.214,0.923,5.6,vs RHB
521,Jhonny Pereda,640902,50,14.0,19,11,8,20,9,21.0,19.0,0.38,0.4,0.22,0.16,0.18,0.905,3.57,vs RHB
522,Jhony Brito,666745,80,21.0,40,15,18,25,12,43.0,33.0,0.5,0.312,0.188,0.225,0.15,0.767,3.81,vs RHB
523,Jimmy Herget,623474,1116,311.0,543,210,166,363,203,550.0,379.0,0.487,0.325,0.188,0.149,0.182,0.689,3.59,vs RHB
524,JoJo Romero,668941,1137,282.0,494,198,160,445,236,456.0,359.0,0.434,0.391,0.174,0.141,0.208,0.787,4.03,vs RHB
525,Joe Boyle,671212,589,144.0,278,92,105,219,108,262.0,198.0,0.472,0.372,0.156,0.178,0.183,0.756,4.09,vs RHB
526,Joe La Sorsa,686747,72,21.0,28,18,11,26,17,29.0,29.0,0.389,0.361,0.25,0.153,0.236,1.0,3.43,vs RHB
527,Joe Mantiply,573009,308,88.0,137,69,53,102,50,156.0,125.0,0.445,0.331,0.224,0.172,0.162,0.801,3.5,vs RHB
528,Joe Rock,697812,168,42.0,83,25,31,60,31,77.0,56.0,0.494,0.357,0.149,0.185,0.185,0.727,4.0,vs RHB
529,Joe Ross,605452,599,156.0,281,115,123,203,88,308.0,238.0,0.469,0.339,0.192,0.205,0.147,0.773,3.84,vs RHB
530,Joe Ryan,657746,2399,580.0,1212,359,472,828,388,1183.0,834.0,0.505,0.345,0.15,0.197,0.162,0.705,4.14,vs RHB
531,Joel Kuhnel,669270,362,99.0,157,74,59,131,59,172.0,133.0,0.434,0.362,0.204,0.163,0.163,0.773,3.66,vs RHB
532,Joel Payamps,606303,339,86.0,151,59,55,129,64,146.0,114.0,0.445,0.381,0.174,0.162,0.189,0.781,3.94,vs RHB
533,Joel Peguero,666711,287,81.0,131,54,44,102,49,136.0,99.0,0.456,0.355,0.188,0.153,0.171,0.728,3.54,vs RHB
534,Joey Cantillo,676282,3207,790.0,1513,481,455,1213,614,1379.0,943.0,0.472,0.378,0.15,0.142,0.191,0.684,4.06,vs RHB
535,Joey Estes,683155,149,42.0,66,33,31,50,16,83.0,64.0,0.443,0.336,0.221,0.208,0.107,0.771,3.55,vs RHB
536,Joey Gerber,680702,80,23.0,36,14,8,30,16,34.0,23.0,0.45,0.375,0.175,0.1,0.2,0.676,3.48,vs RHB
537,Joey Lucchesi,664192,357,95.0,153,68,53,136,74,147.0,121.0,0.429,0.381,0.19,0.148,0.207,0.823,3.76,vs RHB
538,Joey Wentz,666214,1305,310.0,626,218,283,461,185,659.0,504.0,0.48,0.353,0.167,0.217,0.142,0.765,4.21,vs RHB
539,Joey Wiemer,686894,31,12.0,8,10,2,13,6,12.0,12.0,0.258,0.419,0.323,0.065,0.194,1.0,2.58,vs RHB
540,Johan Oviedo,670912,408,101.0,188,58,65,162,73,173.0,124.0,0.461,0.397,0.142,0.159,0.179,0.717,4.04,vs RHB
541,John Brebbia,605154,254,68.0,127,49,57,78,43,133.0,106.0,0.5,0.307,0.193,0.224,0.169,0.797,3.74,vs RHB
542,John Curtiss,595928,264,78.0,100,66,41,98,36,130.0,107.0,0.379,0.371,0.25,0.155,0.136,0.823,3.38,vs RHB
543,John King,667463,772,204.0,323,152,125,297,126,349.0,277.0,0.418,0.385,0.197,0.162,0.163,0.794,3.78,vs RHB
544,John Klein,804619,36,8.0,21,6,14,9,5,22.0,20.0,0.583,0.25,0.167,0.389,0.139,0.909,4.5,vs RHB
545,John Rooney,680701,6,2.0,3,2,0,1,1,4.0,2.0,0.5,0.167,0.333,0.0,0.167,0.5,3.0,vs RHB
546,John Schreiber,670167,1121,276.0,540,185,200,396,204,521.0,388.0,0.482,0.353,0.165,0.178,0.182,0.745,4.06,vs RHB
547,Jon Berti,542932,24,10.0,7,9,1,8,6,10.0,10.0,0.292,0.333,0.375,0.042,0.25,1.0,2.4,vs RHB
548,Jon Gray,592351,128,35.0,58,22,25,48,19,61.0,47.0,0.453,0.375,0.172,0.195,0.148,0.77,3.66,vs RHB
549,Jonah Bride,681146,68,25.0,17,20,6,31,9,28.0,26.0,0.25,0.456,0.294,0.088,0.132,0.929,2.72,vs RHB
550,Jonah Tong,804636,372,92.0,181,59,70,132,63,177.0,129.0,0.487,0.355,0.159,0.188,0.169,0.729,4.04,vs RHB
551,Jonathan Bowlan,680742,813,204.0,390,128,132,295,127,390.0,263.0,0.48,0.363,0.157,0.162,0.156,0.674,3.99,vs RHB
552,Jonathan Cannon,686563,941,239.0,418,178,178,345,147,449.0,359.0,0.444,0.367,0.189,0.189,0.156,0.8,3.94,vs RHB
553,Jonathan Heasley,669169,44,11.0,20,10,12,14,6,24.0,22.0,0.455,0.318,0.227,0.273,0.136,0.917,4.0,vs RHB
554,Jonathan Hernandez,642546,222,60.0,98,42,35,82,48,92.0,77.0,0.441,0.369,0.189,0.158,0.216,0.837,3.7,vs RHB
555,Jonathan Loaisiga,642528,738,203.0,359,152,145,227,123,388.0,297.0,0.486,0.308,0.206,0.196,0.167,0.765,3.64,vs RHB
556,Jonathan Pintaro,702752,277,68.0,136,43,51,98,46,133.0,94.0,0.491,0.354,0.155,0.184,0.166,0.707,4.07,vs RHB
557,Jorbit Vivas,678391,32,14.0,5,13,3,14,2,16.0,16.0,0.156,0.438,0.406,0.094,0.062,1.0,2.29,vs RHB
558,Jordan Hicks,663855,1165,299.0,528,197,179,440,212,513.0,376.0,0.453,0.378,0.169,0.154,0.182,0.733,3.9,vs RHB
559,Jordan Leasure,673929,841,204.0,391,122,148,328,109,404.0,270.0,0.465,0.39,0.145,0.176,0.13,0.668,4.12,vs RHB
560,Jordan Montgomery,656756,219,54.0,92,42,40,85,29,105.0,82.0,0.42,0.388,0.192,0.183,0.132,0.781,4.06,vs RHB
561,Jordan Romano,605447,646,170.0,296,111,105,239,112,295.0,217.0,0.458,0.37,0.172,0.163,0.173,0.736,3.8,vs RHB
562,Jordan Weems,607179,48,13.0,18,13,8,17,3,28.0,21.0,0.375,0.354,0.271,0.167,0.062,0.75,3.69,vs RHB
563,Jordan Wicks,696136,263,75.0,126,55,47,82,39,142.0,102.0,0.479,0.312,0.209,0.179,0.148,0.718,3.51,vs RHB
564,Jorge Alcala,660896,633,151.0,304,95,132,234,101,298.0,229.0,0.48,0.37,0.15,0.209,0.16,0.768,4.19,vs RHB
565,Jorge Lopez,605347,188,53.0,95,40,39,53,35,100.0,79.0,0.505,0.282,0.213,0.207,0.186,0.79,3.55,vs RHB
566,Jorge Mateo,622761,54,17.0,15,13,11,26,4,24.0,24.0,0.278,0.481,0.241,0.204,0.074,1.0,3.18,vs RHB
567,Jose A. Ferrer,678606,1398,356.0,649,249,270,500,211,686.0,520.0,0.464,0.358,0.178,0.193,0.151,0.758,3.93,vs RHB
568,Jose Alvarado,621237,1018,232.0,480,140,202,398,151,468.0,342.0,0.472,0.391,0.138,0.198,0.148,0.731,4.39,vs RHB
569,Jose Berrios,621244,1153,324.0,516,244,174,393,212,548.0,420.0,0.448,0.341,0.212,0.151,0.184,0.766,3.56,vs RHB
570,Jose Butto,676130,603,170.0,268,116,91,219,78,306.0,207.0,0.444,0.363,0.192,0.151,0.129,0.676,3.55,vs RHB
571,Jose Caballero,676609,11,3.0,3,3,0,5,3,3.0,3.0,0.273,0.455,0.273,0.0,0.273,1.0,3.67,vs RHB
572,Jose Cabrera,703615,185,51.0,77,35,31,73,28,84.0,66.0,0.416,0.395,0.189,0.168,0.151,0.786,3.63,vs RHB
573,Jose Castillo,620454,285,81.0,134,56,51,95,53,137.0,108.0,0.47,0.333,0.196,0.179,0.186,0.788,3.52,vs RHB
574,Jose Corniell,692030,47,12.0,21,10,12,16,5,26.0,22.0,0.447,0.34,0.213,0.255,0.106,0.846,3.92,vs RHB
575,Jose Cuas,621016,226,51.0,110,34,53,82,34,110.0,89.0,0.487,0.363,0.15,0.235,0.15,0.809,4.43,vs RHB
576,Jose De Leon,592254,41,12.0,22,7,7,12,6,23.0,14.0,0.537,0.293,0.171,0.171,0.146,0.609,3.42,vs RHB
577,Jose Espada,664744,23,7.0,11,5,3,7,5,11.0,8.0,0.478,0.304,0.217,0.13,0.217,0.727,3.29,vs RHB
578,Jose Fermin,820862,879,205.0,454,124,164,301,154,424.0,289.0,0.516,0.342,0.141,0.187,0.175,0.682,4.29,vs RHB
579,Jose Franco,683742,151,43.0,65,30,32,56,19,76.0,62.0,0.43,0.371,0.199,0.212,0.126,0.816,3.51,vs RHB
580,Jose Herrera,645444,21,7.0,5,7,1,9,4,8.0,8.0,0.238,0.429,0.333,0.048,0.19,1.0,3.0,vs RHB
581,Jose Leclerc,600917,127,26.0,57,20,21,50,17,60.0,41.0,0.449,0.394,0.157,0.165,0.134,0.683,4.88,vs RHB
582,Jose Quijada,650671,24,5.0,10,2,4,12,4,8.0,6.0,0.417,0.5,0.083,0.167,0.167,0.75,4.8,vs RHB
583,Jose Quintana,500779,2179,574.0,871,450,329,858,361,959.0,784.0,0.4,0.394,0.207,0.151,0.166,0.818,3.8,vs RHB
584,Jose Rodriguez,692064,31,8.0,16,5,3,10,7,14.0,8.0,0.516,0.323,0.161,0.097,0.226,0.571,3.88,vs RHB
585,Jose Ruiz,614179,205,50.0,91,35,43,79,24,102.0,79.0,0.444,0.385,0.171,0.21,0.117,0.775,4.1,vs RHB
586,Jose Soriano,667755,2463,637.0,1155,410,358,898,435,1130.0,772.0,0.469,0.365,0.166,0.145,0.177,0.683,3.87,vs RHB
587,Jose Suarez,660761,791,198.0,342,139,150,310,95,386.0,290.0,0.432,0.392,0.176,0.19,0.12,0.751,3.99,vs RHB
588,Jose Tena,677588,7,3.0,0,2,0,5,0,2.0,2.0,0.0,0.714,0.286,0.0,0.0,1.0,2.33,vs RHB
589,Jose Trevino,624431,107,39.0,34,36,18,37,14,56.0,54.0,0.318,0.346,0.336,0.168,0.131,0.964,2.74,vs RHB
590,Jose Urena,570632,427,113.0,188,86,86,153,65,209.0,172.0,0.44,0.358,0.201,0.201,0.152,0.823,3.78,vs RHB
591,Jose Urquidy,664353,296,76.0,138,57,59,101,46,149.0,116.0,0.466,0.341,0.193,0.199,0.155,0.779,3.89,vs RHB
592,Josh Ekness,694795,253,62.0,113,40,29,100,53,100.0,70.0,0.447,0.395,0.158,0.115,0.209,0.7,4.08,vs RHB
593,Josh Fleming,676596,23,6.0,9,5,1,9,3,11.0,7.0,0.391,0.391,0.217,0.043,0.13,0.636,3.83,vs RHB
594,Josh Hader,623352,1125,273.0,626,146,232,353,144,628.0,379.0,0.556,0.314,0.13,0.206,0.128,0.604,4.12,vs RHB
595,Josh Rojas,668942,11,3.0,3,3,2,5,1,5.0,5.0,0.273,0.455,0.273,0.182,0.091,1.0,3.67,vs RHB
596,Josh Simpson,681006,395,94.0,194,59,83,142,66,186.0,142.0,0.491,0.359,0.149,0.21,0.167,0.763,4.2,vs RHB
597,Josh Walker,677020,331,78.0,151,48,63,132,48,151.0,112.0,0.456,0.399,0.145,0.19,0.145,0.742,4.24,vs RHB
598,Josh White,687985,19,3.0,9,0,6,10,3,6.0,6.0,0.474,0.526,0.0,0.316,0.158,1.0,6.33,vs RHB
599,Josh Winckowski,670174,121,32.0,53,23,20,45,16,60.0,43.0,0.438,0.372,0.19,0.165,0.132,0.717,3.78,vs RHB
600,Josiah Gray,680686,23,5.0,8,5,3,10,4,9.0,8.0,0.348,0.435,0.217,0.13,0.174,0.889,4.6,vs RHB
601,Jovani Moran,663558,656,167.0,298,104,90,254,106,296.0,197.0,0.454,0.387,0.159,0.137,0.162,0.666,3.93,vs RHB
602,Juan Burgos,686228,183,52.0,80,35,27,68,30,85.0,63.0,0.437,0.372,0.191,0.148,0.164,0.741,3.52,vs RHB
603,Juan Mejia,675848,1246,290.0,619,180,240,447,203,595.0,421.0,0.497,0.359,0.144,0.193,0.163,0.708,4.3,vs RHB
604,Juan Morillo,666661,765,202.0,372,133,153,260,122,383.0,288.0,0.486,0.34,0.174,0.2,0.159,0.752,3.79,vs RHB
605,Julian Aguiar,687924,29,8.0,11,6,7,12,3,14.0,13.0,0.379,0.414,0.207,0.241,0.103,0.929,3.62,vs RHB
606,Julian Fernandez,642759,62,18.0,25,11,9,26,7,29.0,20.0,0.403,0.419,0.177,0.145,0.113,0.69,3.44,vs RHB
607,Julian Garcia,670062,335,85.0,159,53,50,123,58,154.0,103.0,0.475,0.367,0.158,0.149,0.173,0.669,3.94,vs RHB
608,Julian Merryweather,657240,181,46.0,78,37,33,66,32,83.0,72.0,0.431,0.365,0.204,0.182,0.177,0.867,3.93,vs RHB
609,Justin Bruihl,677865,689,181.0,304,131,104,254,136,299.0,237.0,0.441,0.369,0.19,0.151,0.197,0.793,3.81,vs RHB
610,Justin Garza,621057,33,12.0,14,9,4,10,8,15.0,14.0,0.424,0.303,0.273,0.121,0.242,0.933,2.75,vs RHB
611,Justin Hagenman,663795,225,57.0,101,38,33,86,32,107.0,71.0,0.449,0.382,0.169,0.147,0.142,0.664,3.95,vs RHB
612,Justin Lawrence,664875,541,139.0,239,81,66,221,115,205.0,150.0,0.442,0.409,0.15,0.122,0.213,0.732,3.89,vs RHB
613,Justin Martinez,679885,190,51.0,87,28,28,75,32,83.0,57.0,0.458,0.395,0.147,0.147,0.168,0.687,3.73,vs RHB
614,Justin Slaten,686580,515,142.0,241,103,91,171,69,275.0,194.0,0.468,0.332,0.2,0.177,0.134,0.705,3.63,vs RHB
615,Justin Steele,657006,220,62.0,115,44,53,61,43,116.0,97.0,0.523,0.277,0.2,0.241,0.195,0.836,3.55,vs RHB
616,Justin Sterner,686993,998,255.0,456,167,158,375,138,485.0,326.0,0.457,0.376,0.167,0.158,0.138,0.672,3.91,vs RHB
617,Justin Topa,623437,800,218.0,359,159,128,282,157,361.0,288.0,0.449,0.352,0.199,0.16,0.196,0.798,3.67,vs RHB
618,Justin Verlander,434378,1326,348.0,625,254,235,447,229,650.0,494.0,0.471,0.337,0.192,0.177,0.173,0.76,3.81,vs RHB
619,Justin Wilson,458677,426,108.0,211,67,82,148,50,228.0,149.0,0.495,0.347,0.157,0.192,0.117,0.654,3.94,vs RHB
620,Justin Wrobleski,680736,2334,611.0,1128,441,479,765,395,1173.0,926.0,0.483,0.328,0.189,0.205,0.169,0.789,3.82,vs RHB
621,Kade Anderson,807739,372,101.0,183,73,85,116,49,207.0,159.0,0.492,0.312,0.196,0.228,0.132,0.768,3.68,vs RHB
622,Kade Morris,695034,145,40.0,65,28,28,52,22,71.0,57.0,0.448,0.359,0.193,0.193,0.152,0.803,3.62,vs RHB
623,Kade Strowd,669704,270,72.0,115,47,51,108,37,125.0,98.0,0.426,0.4,0.174,0.189,0.137,0.784,3.75,vs RHB
624,Kai-Wei Teng,678906,837,210.0,400,121,119,316,174,347.0,240.0,0.478,0.378,0.145,0.142,0.208,0.692,3.99,vs RHB
625,Kaleb Ort,672391,499,119.0,236,68,88,195,73,231.0,157.0,0.473,0.391,0.136,0.176,0.146,0.68,4.19,vs RHB
626,Keaton Winn,676775,478,127.0,223,90,85,165,83,230.0,176.0,0.467,0.345,0.188,0.178,0.174,0.765,3.76,vs RHB
627,Keegan Akin,669211,873,225.0,416,154,178,303,131,439.0,335.0,0.477,0.347,0.176,0.204,0.15,0.763,3.88,vs RHB
628,Keegan Thompson,624522,118,34.0,56,23,22,39,16,63.0,47.0,0.475,0.331,0.195,0.186,0.136,0.746,3.47,vs RHB
629,Keider Montero,672456,1694,465.0,814,338,294,542,326,826.0,636.0,0.481,0.32,0.2,0.174,0.192,0.77,3.64,vs RHB
630,Ken Waldichuk,686610,82,21.0,33,12,7,37,18,27.0,19.0,0.402,0.451,0.146,0.085,0.22,0.704,3.9,vs RHB
631,Kendall Graveman,608665,201,50.0,78,39,22,84,29,88.0,62.0,0.388,0.418,0.194,0.109,0.144,0.705,4.02,vs RHB
632,Kendry Rojas,696070,297,75.0,131,47,51,119,38,140.0,100.0,0.441,0.401,0.158,0.172,0.128,0.714,3.96,vs RHB
633,Kenley Jansen,445276,726,187.0,393,123,181,210,102,414.0,304.0,0.541,0.289,0.169,0.249,0.14,0.734,3.88,vs RHB
634,Kent Emanuel,592288,81,20.0,38,13,17,30,14,37.0,30.0,0.469,0.37,0.16,0.21,0.173,0.811,4.05,vs RHB
635,Kenta Maeda,628317,113,27.0,48,15,20,50,16,47.0,35.0,0.425,0.442,0.133,0.177,0.142,0.745,4.19,vs RHB
636,Kervin Castro,665645,49,11.0,29,5,12,15,9,25.0,17.0,0.592,0.306,0.102,0.245,0.184,0.68,4.45,vs RHB
637,Kevin Gausman,592332,2872,720.0,1429,486,561,957,450,1465.0,1048.0,0.498,0.333,0.169,0.195,0.157,0.715,3.99,vs RHB
638,Kevin Ginkel,656464,739,185.0,339,128,129,272,100,366.0,258.0,0.459,0.368,0.173,0.175,0.135,0.705,3.99,vs RHB
639,Kevin Herget,643361,120,32.0,55,26,31,39,20,61.0,58.0,0.458,0.325,0.217,0.258,0.167,0.951,3.75,vs RHB
640,Kevin Kelly,687330,895,251.0,439,178,145,278,185,432.0,325.0,0.491,0.311,0.199,0.162,0.207,0.752,3.57,vs RHB
641,Kevin Newman,621028,15,9.0,3,9,1,3,2,10.0,10.0,0.2,0.2,0.6,0.067,0.133,1.0,1.67,vs RHB
642,Khristian Curtis,694753,111,29.0,47,20,16,44,13,54.0,37.0,0.423,0.396,0.18,0.144,0.117,0.685,3.83,vs RHB
643,Kirby Yates,489446,857,200.0,438,114,178,305,105,447.0,294.0,0.511,0.356,0.133,0.208,0.123,0.658,4.28,vs RHB
644,Kodai Senga,673540,1386,351.0,619,219,240,548,207,631.0,461.0,0.447,0.395,0.158,0.173,0.149,0.731,3.95,vs RHB
645,Kody Clemens,665019,14,4.0,6,4,2,4,4,6.0,6.0,0.429,0.286,0.286,0.143,0.286,1.0,3.5,vs RHB
646,Kody Funderburk,681892,810,211.0,375,148,155,287,135,388.0,303.0,0.463,0.354,0.183,0.191,0.167,0.781,3.84,vs RHB
647,Kohl Drake,684442,241,62.0,99,41,34,101,37,103.0,76.0,0.411,0.419,0.17,0.141,0.154,0.738,3.89,vs RHB
648,Kolby Allard,663465,792,201.0,370,162,154,260,138,394.0,319.0,0.467,0.328,0.205,0.194,0.174,0.81,3.94,vs RHB
649,Konnor Pilkington,663455,303,75.0,137,40,55,126,38,139.0,95.0,0.452,0.416,0.132,0.182,0.125,0.683,4.04,vs RHB
650,Korey Lee,686676,21,6.0,7,4,5,10,1,10.0,9.0,0.333,0.476,0.19,0.238,0.048,0.9,3.5,vs RHB
651,Kris Bubic,663460,2035,537.0,976,350,350,709,326,1000.0,712.0,0.48,0.348,0.172,0.172,0.16,0.712,3.79,vs RHB
652,Kumar Rocker,677958,1480,399.0,691,272,254,517,232,731.0,528.0,0.467,0.349,0.184,0.172,0.157,0.722,3.71,vs RHB
653,Kyle Backhus,679775,491,131.0,220,95,84,176,92,223.0,180.0,0.448,0.358,0.193,0.171,0.187,0.807,3.75,vs RHB
654,Kyle Bradish,680694,1256,313.0,591,207,193,458,231,567.0,405.0,0.471,0.365,0.165,0.154,0.184,0.714,4.01,vs RHB
655,Kyle Farmer,571657,5,3.0,0,3,0,2,0,3.0,3.0,0.0,0.4,0.6,0.0,0.0,1.0,1.67,vs RHB
656,Kyle Finnegan,640448,956,259.0,425,179,165,352,144,460.0,349.0,0.445,0.368,0.187,0.173,0.151,0.759,3.69,vs RHB
657,Kyle Freeland,607536,3560,993.0,1618,764,671,1178,571,1811.0,1439.0,0.454,0.331,0.215,0.188,0.16,0.795,3.59,vs RHB
658,Kyle Gibson,502043,150,38.0,61,27,20,62,24,64.0,47.0,0.407,0.413,0.18,0.133,0.16,0.734,3.95,vs RHB
659,Kyle Harrison,690986,1898,464.0,942,288,370,668,307,923.0,662.0,0.496,0.352,0.152,0.195,0.162,0.717,4.09,vs RHB
660,Kyle Hart,606996,1072,262.0,485,176,177,411,208,453.0,354.0,0.452,0.383,0.164,0.165,0.194,0.781,4.09,vs RHB
661,Kyle Hendricks,543294,1329,351.0,624,280,255,425,260,644.0,536.0,0.47,0.32,0.211,0.192,0.196,0.832,3.79,vs RHB
662,Kyle Higashioka,543309,44,14.0,10,12,2,22,7,15.0,14.0,0.227,0.5,0.273,0.045,0.159,0.933,3.14,vs RHB
663,Kyle Hurt,669165,426,114.0,211,65,67,150,64,212.0,132.0,0.495,0.352,0.153,0.157,0.15,0.623,3.74,vs RHB
664,Kyle Leahy,681517,1805,469.0,880,338,371,587,293,925.0,715.0,0.488,0.325,0.187,0.206,0.162,0.773,3.85,vs RHB
665,Kyle Nelson,669459,30,7.0,13,3,6,14,4,12.0,9.0,0.433,0.467,0.1,0.2,0.133,0.75,4.29,vs RHB
666,Kyle Nicolas,693312,492,124.0,198,89,68,205,66,221.0,157.0,0.402,0.417,0.181,0.138,0.134,0.71,3.97,vs RHB
667,LaMonte Wade Jr.,664774,10,5.0,2,5,1,3,1,6.0,6.0,0.2,0.3,0.5,0.1,0.1,1.0,2.0,vs RHB
668,Lake Bachar,669199,1167,303.0,553,198,180,416,194,557.0,379.0,0.474,0.356,0.17,0.154,0.166,0.68,3.85,vs RHB
669,Lance McCullers Jr.,621121,908,222.0,391,140,136,377,164,367.0,276.0,0.431,0.415,0.154,0.15,0.181,0.752,4.09,vs RHB
670,Landen Roupp,694738,1916,485.0,865,331,275,720,353,843.0,613.0,0.451,0.376,0.173,0.144,0.184,0.727,3.95,vs RHB
671,Landon Knack,689017,399,105.0,167,81,70,151,64,184.0,152.0,0.419,0.378,0.203,0.175,0.16,0.826,3.8,vs RHB
672,Lazaro Estrada,681751,202,53.0,100,36,38,66,31,105.0,74.0,0.495,0.327,0.178,0.188,0.153,0.705,3.81,vs RHB
673,Leo Rivas,660844,22,10.0,3,9,1,10,2,10.0,10.0,0.136,0.455,0.409,0.045,0.091,1.0,2.2,vs RHB
674,Liam Hendriks,521230,150,35.0,65,21,21,64,21,65.0,43.0,0.433,0.427,0.14,0.14,0.14,0.662,4.29,vs RHB
675,Logan Allen,671106,2353,588.0,1020,434,397,899,412,1042.0,838.0,0.433,0.382,0.184,0.169,0.175,0.804,4.0,vs RHB
676,Logan Davidson,669722,5,1.0,3,0,0,2,3,0.0,0.0,0.6,0.4,0.0,0.0,0.6,,5.0,vs RHB
677,Logan Evans,688138,689,175.0,305,124,111,260,124,305.0,236.0,0.443,0.377,0.18,0.161,0.18,0.774,3.94,vs RHB
678,Logan Gilbert,669302,2322,596.0,1137,392,419,793,354,1175.0,814.0,0.49,0.342,0.169,0.18,0.152,0.693,3.9,vs RHB
679,Logan Gillaspie,670810,68,19.0,31,14,15,23,10,35.0,29.0,0.456,0.338,0.206,0.221,0.147,0.829,3.58,vs RHB
680,Logan Henderson,701656,608,161.0,328,104,135,176,108,324.0,241.0,0.539,0.289,0.171,0.222,0.178,0.744,3.78,vs RHB
681,Logan Porter,682515,9,3.0,3,3,0,3,2,4.0,3.0,0.333,0.333,0.333,0.0,0.222,0.75,3.0,vs RHB
682,Logan VanWey,701121,178,47.0,78,35,25,65,39,74.0,60.0,0.438,0.365,0.197,0.14,0.219,0.811,3.79,vs RHB
683,Logan Webb,657277,2662,700.0,1263,475,450,924,497,1241.0,930.0,0.474,0.347,0.178,0.169,0.187,0.749,3.8,vs RHB
684,Lou Trivino,642152,517,130.0,245,89,88,183,83,251.0,179.0,0.474,0.354,0.172,0.17,0.161,0.713,3.98,vs RHB
685,Lou Trivino III,642152,15,3.0,7,1,4,7,2,6.0,5.0,0.467,0.467,0.067,0.267,0.133,0.833,5.0,vs RHB
686,Louis Varland,686973,1183,297.0,596,179,242,408,193,582.0,422.0,0.504,0.345,0.151,0.205,0.163,0.725,3.98,vs RHB
687,Luarbert Arias,678215,107,28.0,48,21,18,38,20,49.0,39.0,0.449,0.355,0.196,0.168,0.187,0.796,3.82,vs RHB
688,Lucas Erceg,668674,866,213.0,404,149,175,313,143,410.0,324.0,0.467,0.361,0.172,0.202,0.165,0.79,4.07,vs RHB
689,Lucas Gilbreath,656458,18,4.0,11,2,3,5,4,9.0,5.0,0.611,0.278,0.111,0.167,0.222,0.556,4.5,vs RHB
690,Lucas Giolito,608337,1463,381.0,635,275,236,553,240,670.0,512.0,0.434,0.378,0.188,0.161,0.164,0.764,3.84,vs RHB
691,Lucas Sims,608371,272,70.0,111,43,30,118,43,111.0,74.0,0.408,0.434,0.158,0.11,0.158,0.667,3.89,vs RHB
692,Luinder Avila,679883,650,152.0,282,91,100,277,116,257.0,192.0,0.434,0.426,0.14,0.154,0.178,0.747,4.28,vs RHB
693,Luis Castillo,622491,2460,622.0,1197,437,476,826,374,1260.0,917.0,0.487,0.336,0.178,0.193,0.152,0.728,3.95,vs RHB
694,Luis Contreras,664351,117,29.0,54,18,20,45,16,56.0,38.0,0.462,0.385,0.154,0.171,0.137,0.679,4.03,vs RHB
695,Luis Curvelo,681168,277,75.0,123,54,50,100,48,129.0,104.0,0.444,0.361,0.195,0.181,0.173,0.806,3.69,vs RHB
696,Luis De Leon,801725,69,19.0,28,16,12,25,12,32.0,29.0,0.406,0.362,0.232,0.174,0.174,0.906,3.63,vs RHB
697,Luis F. Castillo,622379,119,28.0,51,17,24,51,16,52.0,41.0,0.429,0.429,0.143,0.202,0.134,0.788,4.25,vs RHB
698,Luis Garcia,472610,611,163.0,278,118,98,215,105,291.0,217.0,0.455,0.352,0.193,0.16,0.172,0.746,3.75,vs RHB
699,Luis Garcia,677651,76,20.0,35,14,16,27,9,40.0,30.0,0.461,0.355,0.184,0.211,0.118,0.75,3.8,vs RHB
700,Luis Gastelum,703725,252,67.0,122,43,32,87,45,120.0,76.0,0.484,0.345,0.171,0.127,0.179,0.633,3.76,vs RHB
701,Luis Gil,661563,672,174.0,290,118,99,264,119,289.0,219.0,0.432,0.393,0.176,0.147,0.177,0.758,3.86,vs RHB
702,Luis Guerrero,692285,180,43.0,74,27,28,79,22,79.0,55.0,0.411,0.439,0.15,0.156,0.122,0.696,4.19,vs RHB
703,Luis L. Ortiz,682847,697,184.0,340,121,118,236,130,331.0,240.0,0.488,0.339,0.174,0.169,0.187,0.725,3.79,vs RHB
704,Luis Medina,665622,655,165.0,308,101,105,246,112,297.0,209.0,0.47,0.376,0.154,0.16,0.171,0.704,3.97,vs RHB
705,Luis Mey,682825,522,124.0,241,71,75,210,107,205.0,147.0,0.462,0.402,0.136,0.144,0.205,0.717,4.21,vs RHB
706,Luis Morales,806960,621,152.0,277,108,104,236,105,280.0,212.0,0.446,0.38,0.174,0.167,0.169,0.757,4.09,vs RHB
707,Luis Perales,691384,155,37.0,75,23,33,57,20,78.0,56.0,0.484,0.368,0.148,0.213,0.129,0.718,4.19,vs RHB
708,Luis Peralta,678821,225,55.0,99,33,45,93,35,97.0,78.0,0.44,0.413,0.147,0.2,0.156,0.804,4.09,vs RHB
709,Luis Severino,622663,1843,481.0,839,347,356,657,308,878.0,703.0,0.455,0.356,0.188,0.193,0.167,0.801,3.83,vs RHB
710,Luis Torrens,620443,12,8.0,2,8,0,2,2,8.0,8.0,0.167,0.167,0.667,0.0,0.167,1.0,1.5,vs RHB
711,Luis Vazquez,676679,14,6.0,4,6,1,4,3,7.0,7.0,0.286,0.286,0.429,0.071,0.214,1.0,2.33,vs RHB
712,Luisangel Acuna,682668,10,5.0,2,5,1,3,1,6.0,6.0,0.2,0.3,0.5,0.1,0.1,1.0,2.0,vs RHB
713,Luke Jackson,592426,463,123.0,208,81,76,174,79,210.0,159.0,0.449,0.376,0.175,0.164,0.171,0.757,3.76,vs RHB
714,Luke Little,681432,57,12.0,29,7,10,21,13,23.0,17.0,0.509,0.368,0.123,0.175,0.228,0.739,4.75,vs RHB
715,Luke Maile,571912,3,1.0,1,1,0,1,0,2.0,1.0,0.333,0.333,0.333,0.0,0.0,0.5,3.0,vs RHB
716,Luke Murphy,684665,142,34.0,66,19,25,57,23,62.0,44.0,0.465,0.401,0.134,0.176,0.162,0.71,4.18,vs RHB
717,Luke Weaver,596133,927,233.0,449,149,182,329,116,482.0,336.0,0.484,0.355,0.161,0.196,0.125,0.697,3.98,vs RHB
718,Luke Williams,663897,33,13.0,17,11,10,5,5,23.0,21.0,0.515,0.152,0.333,0.303,0.152,0.913,2.54,vs RHB
719,Lyon Richardson,680689,440,110.0,189,75,52,176,98,166.0,127.0,0.43,0.4,0.17,0.118,0.223,0.765,4.0,vs RHB
720,MacKenzie Gore,669022,4303,1053.0,2019,676,850,1608,587,2108.0,1534.0,0.469,0.374,0.157,0.198,0.136,0.728,4.09,vs RHB
721,Manuel Rodriguez,655889,345,94.0,159,66,55,120,56,169.0,124.0,0.461,0.348,0.191,0.159,0.162,0.734,3.67,vs RHB
722,Marc Church,687847,48,11.0,17,6,8,25,5,18.0,14.0,0.354,0.521,0.125,0.167,0.104,0.778,4.36,vs RHB
723,Marco Gonzales,594835,62,15.0,27,13,11,22,11,29.0,25.0,0.435,0.355,0.21,0.177,0.177,0.862,4.13,vs RHB
724,Marco Raya,694397,39,11.0,16,9,6,14,5,20.0,15.0,0.41,0.359,0.231,0.154,0.128,0.75,3.55,vs RHB
725,Marcus Stroman,573186,291,70.0,123,51,55,117,41,133.0,107.0,0.423,0.402,0.175,0.189,0.141,0.805,4.16,vs RHB
726,Mark Leiter Jr.,643410,562,155.0,242,120,93,200,97,265.0,217.0,0.431,0.356,0.214,0.165,0.173,0.819,3.63,vs RHB
727,Mark Manfredi,815081,114,28.0,56,17,19,41,20,53.0,36.0,0.491,0.36,0.149,0.167,0.175,0.679,4.07,vs RHB
728,Martin Perez,527048,2236,597.0,897,425,278,914,420,902.0,708.0,0.401,0.409,0.19,0.124,0.188,0.785,3.75,vs RHB
729,Mason Adams,690279,208,50.0,99,33,51,76,29,103.0,84.0,0.476,0.365,0.159,0.245,0.139,0.816,4.16,vs RHB
730,Mason Barnett,686930,640,152.0,303,94,124,243,102,295.0,218.0,0.473,0.38,0.147,0.194,0.159,0.739,4.21,vs RHB
731,Mason Black,696131,352,93.0,148,71,55,133,68,151.0,126.0,0.42,0.378,0.202,0.156,0.193,0.834,3.78,vs RHB
732,Mason Englert,669438,682,179.0,343,129,134,210,113,359.0,265.0,0.503,0.308,0.189,0.196,0.166,0.738,3.81,vs RHB
733,Mason Fluharty,689254,934,231.0,423,153,162,358,152,423.0,315.0,0.453,0.383,0.164,0.173,0.163,0.745,4.04,vs RHB
734,Mason Miller,695243,1035,247.0,590,106,167,339,165,531.0,274.0,0.57,0.328,0.102,0.161,0.159,0.516,4.19,vs RHB
735,Mason Montgomery,682254,1245,300.0,657,167,254,421,195,629.0,423.0,0.528,0.338,0.134,0.204,0.157,0.672,4.15,vs RHB
736,Mason Thompson,666168,124,33.0,49,24,21,51,21,52.0,45.0,0.395,0.411,0.194,0.169,0.169,0.865,3.76,vs RHB
737,Matt Bowman,621199,248,64.0,107,50,44,91,46,111.0,95.0,0.431,0.367,0.202,0.177,0.185,0.856,3.88,vs RHB
738,Matt Brash,666374,548,133.0,243,81,69,224,109,215.0,151.0,0.443,0.409,0.148,0.126,0.199,0.702,4.12,vs RHB
739,Matt Gage,657424,573,136.0,261,101,117,211,80,281.0,219.0,0.455,0.368,0.176,0.204,0.14,0.779,4.21,vs RHB
740,Matt Krook,640454,147,34.0,60,20,25,67,20,60.0,46.0,0.408,0.456,0.136,0.17,0.136,0.767,4.32,vs RHB
741,Matt Pushard,690155,58,15.0,22,9,12,27,6,25.0,22.0,0.379,0.466,0.155,0.207,0.103,0.88,3.87,vs RHB
742,Matt Sauer,669422,273,71.0,129,52,57,92,41,140.0,109.0,0.473,0.337,0.19,0.209,0.15,0.779,3.85,vs RHB
743,Matt Seelinger,676910,21,8.0,9,6,4,6,2,13.0,10.0,0.429,0.286,0.286,0.19,0.095,0.769,2.62,vs RHB
744,Matt Strahm,621381,1136,277.0,573,183,259,380,174,582.0,447.0,0.504,0.335,0.161,0.228,0.153,0.768,4.1,vs RHB
745,Matt Svanson,694335,946,245.0,446,166,172,334,181,431.0,338.0,0.471,0.353,0.175,0.182,0.191,0.784,3.86,vs RHB
746,Matt Waldron,663362,332,99.0,144,79,60,109,55,168.0,139.0,0.434,0.328,0.238,0.181,0.166,0.827,3.35,vs RHB
747,Matt Wilkinson,683363,290,71.0,123,55,45,112,53,125.0,101.0,0.424,0.386,0.19,0.155,0.183,0.808,4.08,vs RHB
748,Matthew Boyd,571510,3483,897.0,1662,652,720,1169,545,1769.0,1381.0,0.477,0.336,0.187,0.207,0.156,0.781,3.88,vs RHB
749,Matthew Festa,670036,1030,273.0,499,179,196,352,151,527.0,376.0,0.484,0.342,0.174,0.19,0.147,0.713,3.77,vs RHB
750,Matthew Liberatore,669461,3763,1000.0,1728,724,709,1311,645,1807.0,1437.0,0.459,0.348,0.192,0.188,0.171,0.795,3.76,vs RHB
751,Max Fried,608331,3728,951.0,1697,665,645,1366,609,1753.0,1315.0,0.455,0.366,0.178,0.173,0.163,0.75,3.92,vs RHB
752,Max Kranick,668820,395,111.0,171,90,79,134,43,218.0,169.0,0.433,0.339,0.228,0.2,0.109,0.775,3.56,vs RHB
753,Max Lazar,676661,421,112.0,181,90,72,150,78,193.0,162.0,0.43,0.356,0.214,0.171,0.185,0.839,3.76,vs RHB
754,Max Meyer,676974,1236,341.0,569,239,189,428,204,602.0,432.0,0.46,0.346,0.193,0.153,0.165,0.718,3.62,vs RHB
755,Max Rajcic,691008,88,22.0,39,13,10,36,17,35.0,24.0,0.443,0.409,0.148,0.114,0.193,0.686,4.0,vs RHB
756,Max Scherzer,453286,1087,270.0,543,178,204,366,172,549.0,382.0,0.5,0.337,0.164,0.188,0.158,0.696,4.03,vs RHB
757,Max Schuemann,680474,14,5.0,3,4,1,7,2,5.0,5.0,0.214,0.5,0.286,0.071,0.143,1.0,2.8,vs RHB
758,McCade Brown,685326,239,63.0,112,43,33,84,44,111.0,77.0,0.469,0.351,0.18,0.138,0.184,0.694,3.79,vs RHB
759,Merrill Kelly,518876,2324,621.0,1097,441,447,786,344,1194.0,892.0,0.472,0.338,0.19,0.192,0.148,0.747,3.74,vs RHB
760,Michael Darrell-Hicks,690382,101,29.0,34,22,9,45,14,42.0,31.0,0.337,0.446,0.218,0.089,0.139,0.738,3.48,vs RHB
761,Michael Fulmer,605242,168,41.0,84,27,30,57,30,81.0,58.0,0.5,0.339,0.161,0.179,0.179,0.716,4.1,vs RHB
762,Michael Grove,675627,50,14.0,23,11,7,16,10,24.0,18.0,0.46,0.32,0.22,0.14,0.2,0.75,3.57,vs RHB
763,Michael Kelly,547184,452,120.0,204,85,70,163,88,201.0,157.0,0.451,0.361,0.188,0.155,0.195,0.781,3.77,vs RHB
764,Michael King,650633,1649,416.0,775,277,290,597,278,774.0,570.0,0.47,0.362,0.168,0.176,0.169,0.736,3.96,vs RHB
765,Michael Kopech,656629,124,31.0,57,17,19,50,24,50.0,36.0,0.46,0.403,0.137,0.153,0.194,0.72,4.0,vs RHB
766,Michael Lorenzen,547179,2177,573.0,966,425,380,786,368,1023.0,810.0,0.444,0.361,0.195,0.175,0.169,0.792,3.8,vs RHB
767,Michael McGreevy,700241,1695,459.0,743,357,274,595,310,790.0,634.0,0.438,0.351,0.211,0.162,0.183,0.803,3.69,vs RHB
768,Michael Mercado,675650,46,11.0,22,7,11,17,6,23.0,18.0,0.478,0.37,0.152,0.239,0.13,0.783,4.18,vs RHB
769,Michael Petersen,656848,576,144.0,279,88,114,209,101,266.0,202.0,0.484,0.363,0.153,0.198,0.175,0.759,4.0,vs RHB
770,Michael Rucker,621074,308,79.0,152,49,47,107,60,141.0,97.0,0.494,0.347,0.159,0.153,0.195,0.688,3.9,vs RHB
771,Michael Soroka,647336,1393,347.0,690,221,281,482,224,687.0,503.0,0.495,0.346,0.159,0.202,0.161,0.732,4.01,vs RHB
772,Michael Tonkin,543859,183,48.0,85,31,34,67,34,82.0,65.0,0.464,0.366,0.169,0.186,0.186,0.793,3.81,vs RHB
773,Michael Wacha,608379,2504,674.0,1111,504,452,889,394,1219.0,960.0,0.444,0.355,0.201,0.181,0.157,0.788,3.72,vs RHB
774,Michel Otanez,671305,85,20.0,36,13,7,36,15,34.0,20.0,0.424,0.424,0.153,0.082,0.176,0.588,4.25,vs RHB
775,Mick Abel,690953,472,123.0,229,83,87,160,72,240.0,172.0,0.485,0.339,0.176,0.184,0.153,0.717,3.84,vs RHB
776,Miguel Castro,612434,53,14.0,23,10,7,20,11,22.0,17.0,0.434,0.377,0.189,0.132,0.208,0.773,3.79,vs RHB
777,Miguel Rojas,500743,75,27.0,20,24,10,31,8,36.0,34.0,0.267,0.413,0.32,0.133,0.107,0.944,2.78,vs RHB
778,Miguel Ullola,699044,88,22.0,40,13,16,35,15,38.0,29.0,0.455,0.398,0.148,0.182,0.17,0.763,4.0,vs RHB
779,Mike Burrows,681347,1428,384.0,700,269,290,459,233,736.0,561.0,0.49,0.321,0.188,0.203,0.163,0.762,3.72,vs RHB
780,Mike Clevinger,605182,61,16.0,23,9,7,29,6,26.0,16.0,0.377,0.475,0.148,0.115,0.098,0.615,3.81,vs RHB
781,Mike Paredes,702474,208,58.0,99,40,36,69,39,100.0,76.0,0.476,0.332,0.192,0.173,0.188,0.76,3.59,vs RHB
782,Mike Vasil,678024,860,216.0,375,143,126,342,149,369.0,272.0,0.436,0.398,0.166,0.147,0.173,0.737,3.98,vs RHB
783,Mike Yastrzemski,573262,9,3.0,2,3,0,4,1,4.0,3.0,0.222,0.444,0.333,0.0,0.111,0.75,3.0,vs RHB
784,Miles Mastrobuoni,670156,12,3.0,2,2,0,8,2,2.0,2.0,0.167,0.667,0.167,0.0,0.167,1.0,4.0,vs RHB
785,Miles Mikolas,571945,1900,518.0,841,420,346,639,351,910.0,769.0,0.443,0.336,0.221,0.182,0.185,0.845,3.67,vs RHB
786,Mitch Bratt,683352,556,140.0,247,93,128,216,77,263.0,222.0,0.444,0.388,0.167,0.23,0.138,0.844,3.97,vs RHB
787,Mitch Farris,815083,817,210.0,362,141,141,314,116,387.0,283.0,0.443,0.384,0.173,0.173,0.142,0.731,3.89,vs RHB
788,Mitch Keller,656605,2072,555.0,985,389,374,698,378,996.0,764.0,0.475,0.337,0.188,0.181,0.182,0.767,3.73,vs RHB
789,Mitch Spence,687765,819,220.0,372,169,151,278,122,419.0,322.0,0.454,0.339,0.206,0.184,0.149,0.768,3.72,vs RHB
790,Mitchell Parker,680730,2394,641.0,1102,493,481,799,366,1229.0,981.0,0.46,0.334,0.206,0.201,0.153,0.798,3.73,vs RHB
791,Myles Straw,664702,32,13.0,7,12,1,13,5,14.0,13.0,0.219,0.406,0.375,0.031,0.156,0.929,2.46,vs RHB
792,Nabil Crismatt,622503,319,90.0,157,64,46,98,71,150.0,110.0,0.492,0.307,0.201,0.144,0.223,0.733,3.54,vs RHB
793,Nate Eaton,681987,9,2.0,4,2,2,3,2,4.0,4.0,0.444,0.333,0.222,0.222,0.222,1.0,4.5,vs RHB
794,Nate Lavender,681320,145,36.0,75,21,29,49,26,70.0,50.0,0.517,0.338,0.145,0.2,0.179,0.714,4.03,vs RHB
795,Nate Pearson,663878,447,121.0,204,83,81,160,72,215.0,165.0,0.456,0.358,0.186,0.181,0.161,0.767,3.69,vs RHB
796,Nathan Eovaldi,543135,1828,502.0,902,331,319,595,298,935.0,653.0,0.493,0.325,0.181,0.175,0.163,0.698,3.64,vs RHB
797,Nathan Wiles,686249,9,4.0,4,3,2,2,0,7.0,5.0,0.444,0.222,0.333,0.222,0.0,0.714,2.25,vs RHB
798,Nestor Cortes,641482,464,118.0,200,78,65,186,84,194.0,143.0,0.431,0.401,0.168,0.14,0.181,0.737,3.93,vs RHB
799,Nic Enright,663671,311,74.0,144,46,60,121,36,154.0,106.0,0.463,0.389,0.148,0.193,0.116,0.688,4.2,vs RHB
800,Nick Anderson,623433,137,33.0,68,26,34,43,23,71.0,60.0,0.496,0.314,0.19,0.248,0.168,0.845,4.15,vs RHB
801,Nick Burdi,595897,53,11.0,29,5,11,19,12,22.0,16.0,0.547,0.358,0.094,0.208,0.226,0.727,4.82,vs RHB
802,Nick Davila,689546,194,51.0,81,37,26,76,42,76.0,66.0,0.418,0.392,0.191,0.134,0.216,0.868,3.8,vs RHB
803,Nick Frasso,693308,134,37.0,60,26,25,48,20,66.0,52.0,0.448,0.358,0.194,0.187,0.149,0.788,3.62,vs RHB
804,Nick Hernandez,663321,146,34.0,58,22,21,66,15,65.0,43.0,0.397,0.452,0.151,0.144,0.103,0.662,4.29,vs RHB
805,Nick Lodolo,666157,3308,846.0,1541,588,626,1179,495,1634.0,1222.0,0.466,0.356,0.178,0.189,0.15,0.748,3.91,vs RHB
806,Nick Martinez,607259,2351,667.0,1038,539,424,774,394,1183.0,969.0,0.442,0.329,0.229,0.18,0.168,0.819,3.52,vs RHB
807,Nick Mears,683232,644,164.0,312,113,120,219,93,332.0,234.0,0.484,0.34,0.175,0.186,0.144,0.705,3.93,vs RHB
808,Nick Pivetta,601713,1651,421.0,808,280,333,563,260,828.0,617.0,0.489,0.341,0.17,0.202,0.157,0.745,3.92,vs RHB
809,Nick Raquet,675919,56,13.0,25,10,11,21,13,22.0,21.0,0.446,0.375,0.179,0.196,0.232,0.955,4.31,vs RHB
810,Nick Sandlin,680704,242,60.0,99,43,27,100,38,104.0,70.0,0.409,0.413,0.178,0.112,0.157,0.673,4.03,vs RHB
811,Nicky Lopez,670032,28,7.0,9,5,3,14,5,9.0,8.0,0.321,0.5,0.179,0.107,0.179,0.889,4.0,vs RHB
812,Niko Kavadas,694359,13,6.0,5,6,4,2,1,10.0,10.0,0.385,0.154,0.462,0.308,0.077,1.0,2.17,vs RHB
813,Noah Cameron,702070,3768,964.0,1682,678,630,1408,552,1808.0,1324.0,0.446,0.374,0.18,0.167,0.146,0.732,3.91,vs RHB
814,Noah Davis,663562,142,37.0,67,21,18,54,35,53.0,39.0,0.472,0.38,0.148,0.127,0.246,0.736,3.84,vs RHB
815,Noah Murdock,668716,325,78.0,152,45,46,128,72,125.0,93.0,0.468,0.394,0.138,0.142,0.222,0.744,4.17,vs RHB
816,Noah Schultz,702273,940,241.0,434,163,167,343,170,427.0,334.0,0.462,0.365,0.173,0.178,0.181,0.782,3.9,vs RHB
817,Nolan Hoffman,676510,109,37.0,43,31,11,35,22,52.0,42.0,0.394,0.321,0.284,0.101,0.202,0.808,2.95,vs RHB
818,Nolan Kingham,663884,11,3.0,6,2,2,3,2,6.0,4.0,0.545,0.273,0.182,0.182,0.182,0.667,3.67,vs RHB
819,Nolan McLean,690997,1472,361.0,712,228,256,532,305,635.0,485.0,0.484,0.361,0.155,0.174,0.207,0.764,4.08,vs RHB
820,Omar Cruz,678316,44,10.0,15,5,5,24,2,18.0,10.0,0.341,0.545,0.114,0.114,0.045,0.556,4.4,vs RHB
821,Orion Kerkering,689147,1184,298.0,563,191,183,430,260,494.0,374.0,0.476,0.363,0.161,0.155,0.22,0.757,3.97,vs RHB
822,Orlando Arcia,606115,3,2.0,1,2,0,0,1,2.0,2.0,0.333,0.0,0.667,0.0,0.333,1.0,1.5,vs RHB
823,Orlando Ribalta,687377,628,164.0,307,115,135,206,95,327.0,251.0,0.489,0.328,0.183,0.215,0.151,0.768,3.83,vs RHB
824,Osvaldo Bido,674370,933,250.0,400,184,152,349,144,440.0,336.0,0.429,0.374,0.197,0.163,0.154,0.764,3.73,vs RHB
825,Oswald Peraza,672724,23,10.0,8,9,3,6,3,14.0,12.0,0.348,0.261,0.391,0.13,0.13,0.857,2.3,vs RHB
826,Owen Murphy,702566,110,29.0,53,24,26,33,14,63.0,50.0,0.482,0.3,0.218,0.236,0.127,0.794,3.79,vs RHB
827,Owen White,669391,70,21.0,31,16,14,23,8,39.0,30.0,0.443,0.329,0.229,0.2,0.114,0.769,3.33,vs RHB
828,P.J. Higgins,664731,2,1.0,1,1,0,0,1,1.0,1.0,0.5,0.0,0.5,0.0,0.5,1.0,2.0,vs RHB
829,PJ Poulin,676571,589,148.0,244,106,104,239,92,258.0,210.0,0.414,0.406,0.18,0.177,0.156,0.814,3.98,vs RHB
830,Pablo Lopez,641154,553,136.0,271,89,105,193,87,273.0,196.0,0.49,0.349,0.161,0.19,0.157,0.718,4.07,vs RHB
831,Pablo Reyes,622569,10,4.0,2,4,2,4,0,6.0,6.0,0.2,0.4,0.4,0.2,0.0,1.0,2.5,vs RHB
832,Parker Messick,800048,2594,650.0,1219,438,473,937,423,1234.0,918.0,0.47,0.361,0.169,0.182,0.163,0.744,3.99,vs RHB
833,Parker Mushinski,656786,54,13.0,16,10,4,28,9,17.0,15.0,0.296,0.519,0.185,0.074,0.167,0.882,4.15,vs RHB
834,Patrick Corbin,571578,2922,756.0,1258,561,477,1103,440,1378.0,1040.0,0.431,0.377,0.192,0.163,0.151,0.755,3.87,vs RHB
835,Patrick Monteverde,687287,82,21.0,36,16,22,30,8,44.0,38.0,0.439,0.366,0.195,0.268,0.098,0.864,3.9,vs RHB
836,Patrick Sandoval,663776,789,210.0,361,142,143,286,115,388.0,286.0,0.458,0.362,0.18,0.181,0.146,0.737,3.76,vs RHB
837,Paul Blackburn,621112,948,249.0,420,176,148,352,179,417.0,325.0,0.443,0.371,0.186,0.156,0.189,0.779,3.81,vs RHB
838,Paul Gervase,801434,144,41.0,60,24,11,60,27,57.0,35.0,0.417,0.417,0.167,0.076,0.188,0.614,3.51,vs RHB
839,Paul Sewald,623149,503,134.0,253,91,86,159,91,253.0,177.0,0.503,0.316,0.181,0.171,0.181,0.7,3.75,vs RHB
840,Paul Skenes,694973,2530,626.0,1257,412,499,861,422,1247.0,914.0,0.497,0.34,0.163,0.197,0.167,0.733,4.04,vs RHB
841,Paxton Schultz,687606,487,129.0,224,95,81,168,79,240.0,177.0,0.46,0.345,0.195,0.166,0.162,0.738,3.78,vs RHB
842,Payton Tolle,801139,1936,489.0,1029,301,473,606,247,1083.0,780.0,0.532,0.313,0.155,0.244,0.128,0.72,3.96,vs RHB
843,Pedro Pages,686780,5,1.0,3,1,3,1,0,4.0,4.0,0.6,0.2,0.2,0.6,0.0,1.0,5.0,vs RHB
844,Penn Murfee,682171,163,44.0,69,33,22,61,29,73.0,55.0,0.423,0.374,0.202,0.135,0.178,0.753,3.7,vs RHB
845,Pete Fairbanks,664126,840,204.0,443,128,166,269,148,423.0,296.0,0.527,0.32,0.152,0.198,0.176,0.7,4.12,vs RHB
846,Peter Lambert,663567,1080,284.0,533,198,223,349,180,550.0,423.0,0.494,0.323,0.183,0.206,0.167,0.769,3.8,vs RHB
847,Peter Strzelecki,657265,118,34.0,43,30,14,45,23,50.0,44.0,0.364,0.381,0.254,0.119,0.195,0.88,3.47,vs RHB
848,Peyton Gray,682608,479,126.0,237,86,103,156,77,246.0,190.0,0.495,0.326,0.18,0.215,0.161,0.772,3.8,vs RHB
849,Peyton Pallette,688883,221,49.0,94,29,30,98,41,82.0,59.0,0.425,0.443,0.131,0.136,0.186,0.72,4.51,vs RHB
850,Phil Maton,664208,868,215.0,439,126,142,303,157,408.0,269.0,0.506,0.349,0.145,0.164,0.181,0.659,4.04,vs RHB
851,Philip Abner,691769,202,57.0,76,42,32,84,30,88.0,74.0,0.376,0.416,0.208,0.158,0.149,0.841,3.54,vs RHB
852,Pierce Johnson,572955,942,235.0,469,165,163,308,194,440.0,330.0,0.498,0.327,0.175,0.173,0.206,0.75,4.01,vs RHB
853,Pierson Ohl,701487,259,58.0,130,39,62,90,34,135.0,101.0,0.502,0.347,0.151,0.239,0.131,0.748,4.47,vs RHB
854,Porter Hodge,687863,380,86.0,180,52,73,148,62,170.0,127.0,0.474,0.389,0.137,0.192,0.163,0.747,4.42,vs RHB
855,Quinn Mathews,687273,559,138.0,243,98,94,218,85,256.0,193.0,0.435,0.39,0.175,0.168,0.152,0.754,4.05,vs RHB
856,Quinn Priester,682990,1345,350.0,613,253,217,479,231,635.0,473.0,0.456,0.356,0.188,0.161,0.172,0.745,3.84,vs RHB
857,Rafael Flores Jr.,804668,3,2.0,1,2,0,0,0,3.0,2.0,0.333,0.0,0.667,0.0,0.0,0.667,1.5,vs RHB
858,Rafael Montero,606160,635,145.0,308,87,123,240,96,299.0,211.0,0.485,0.378,0.137,0.194,0.151,0.706,4.38,vs RHB
859,Raisel Iglesias,628452,829,225.0,448,143,164,238,153,438.0,308.0,0.54,0.287,0.172,0.198,0.185,0.703,3.68,vs RHB
860,Randy Dobnak,677976,516,126.0,222,89,81,205,87,224.0,170.0,0.43,0.397,0.172,0.157,0.169,0.759,4.1,vs RHB
861,Randy Rodriguez,678495,392,94.0,195,60,64,137,62,193.0,126.0,0.497,0.349,0.153,0.163,0.158,0.653,4.17,vs RHB
862,Randy Vasquez,681190,1938,524.0,890,412,381,636,336,966.0,796.0,0.459,0.328,0.213,0.197,0.173,0.824,3.7,vs RHB
863,Randy Wynne,691094,12,6.0,5,5,1,2,3,7.0,6.0,0.417,0.167,0.417,0.083,0.25,0.857,2.0,vs RHB
864,Ranger Suarez,624133,3585,941.0,1640,662,652,1283,631,1670.0,1325.0,0.457,0.358,0.185,0.182,0.176,0.793,3.81,vs RHB
865,Ray Kerr,678061,112,33.0,47,26,16,39,14,59.0,42.0,0.42,0.348,0.232,0.143,0.125,0.712,3.39,vs RHB
866,Raymond Burgos,670103,153,44.0,76,34,30,43,29,81.0,66.0,0.497,0.281,0.222,0.196,0.19,0.815,3.48,vs RHB
867,Reed Garrett,657585,521,131.0,253,84,80,184,94,243.0,164.0,0.486,0.353,0.161,0.154,0.18,0.675,3.98,vs RHB
868,Reese McGuire,624512,19,7.0,5,6,1,8,3,8.0,7.0,0.263,0.421,0.316,0.053,0.158,0.875,2.71,vs RHB
869,Reese Olson,681857,619,154.0,265,104,77,250,109,260.0,181.0,0.428,0.404,0.168,0.124,0.176,0.696,4.02,vs RHB
870,Reid Detmers,672282,2880,700.0,1473,435,561,972,489,1419.0,1001.0,0.511,0.338,0.151,0.195,0.17,0.705,4.11,vs RHB
871,Reiver Sanmartin,665665,219,56.0,87,47,41,85,34,100.0,89.0,0.397,0.388,0.215,0.187,0.155,0.89,3.91,vs RHB
872,Reynaldo Lopez,625643,544,158.0,258,125,108,161,105,278.0,234.0,0.474,0.296,0.23,0.199,0.193,0.842,3.44,vs RHB
873,Rhett Lowder,695076,788,221.0,367,171,138,250,163,375.0,310.0,0.466,0.317,0.217,0.175,0.207,0.827,3.57,vs RHB
874,Rich Hill,448179,131,32.0,55,24,20,52,27,52.0,44.0,0.42,0.397,0.183,0.153,0.206,0.846,4.09,vs RHB
875,Richard Fitts,690916,397,113.0,199,81,87,117,46,234.0,169.0,0.501,0.295,0.204,0.219,0.116,0.722,3.51,vs RHB
876,Richard Lovelady,663992,453,107.0,210,72,86,171,78,203.0,160.0,0.464,0.377,0.159,0.19,0.172,0.788,4.23,vs RHB
877,Ricky Tiedemann,694357,56,12.0,23,6,6,27,12,17.0,12.0,0.411,0.482,0.107,0.107,0.214,0.706,4.67,vs RHB
878,Ricky Vanasco,676568,97,25.0,37,19,14,41,18,38.0,33.0,0.381,0.423,0.196,0.144,0.186,0.868,3.88,vs RHB
879,Rico Garcia,670329,643,177.0,295,130,107,218,106,319.0,238.0,0.459,0.339,0.202,0.166,0.165,0.746,3.63,vs RHB
880,Riley Cornelio,683000,383,80.0,192,40,64,151,53,179.0,105.0,0.501,0.394,0.104,0.167,0.138,0.587,4.79,vs RHB
881,Riley Martin,702303,65,19.0,35,13,13,17,16,32.0,27.0,0.538,0.262,0.2,0.2,0.246,0.844,3.42,vs RHB
882,Riley O'Brien,676617,948,239.0,420,157,148,371,168,409.0,307.0,0.443,0.391,0.166,0.156,0.177,0.751,3.97,vs RHB
883,River Ryan,689981,9,3.0,3,2,0,4,2,3.0,2.0,0.333,0.444,0.222,0.0,0.222,0.667,3.0,vs RHB
884,Roansy Contreras,672710,104,26.0,45,21,19,38,15,51.0,40.0,0.433,0.365,0.202,0.183,0.144,0.784,4.0,vs RHB
885,Rob Zastryzny,642239,143,39.0,57,29,21,57,24,62.0,50.0,0.399,0.399,0.203,0.147,0.168,0.806,3.67,vs RHB
886,Robbie Ray,592662,4395,1067.0,2012,703,828,1680,622,2093.0,1541.0,0.458,0.382,0.16,0.188,0.142,0.736,4.12,vs RHB
887,Robby Ahlstrom,695239,375,82.0,166,55,71,154,52,169.0,126.0,0.443,0.411,0.147,0.189,0.139,0.746,4.57,vs RHB
888,Robby Snelling,702281,55,14.0,24,10,10,21,8,26.0,20.0,0.436,0.382,0.182,0.182,0.145,0.769,3.93,vs RHB
889,Robert Garcia,676395,789,205.0,387,133,133,269,140,380.0,266.0,0.49,0.341,0.169,0.169,0.177,0.7,3.85,vs RHB
890,Robert Gasser,688107,1259,328.0,604,231,268,424,201,634.0,509.0,0.48,0.337,0.183,0.213,0.16,0.803,3.84,vs RHB
891,Robert Stephenson,596112,90,25.0,45,16,13,29,15,46.0,29.0,0.5,0.322,0.178,0.144,0.167,0.63,3.6,vs RHB
892,Robert Stock,476594,232,57.0,109,38,40,85,40,107.0,78.0,0.47,0.366,0.164,0.172,0.172,0.729,4.07,vs RHB
893,Robert Suarez,663158,696,186.0,358,126,161,212,104,380.0,288.0,0.514,0.305,0.181,0.231,0.149,0.758,3.74,vs RHB
894,Robinson Pina,673820,24,6.0,9,5,2,10,6,8.0,7.0,0.375,0.417,0.208,0.083,0.25,0.875,4.0,vs RHB
895,Roddery Munoz,682610,198,46.0,91,25,30,82,30,86.0,55.0,0.46,0.414,0.126,0.152,0.152,0.64,4.3,vs RHB
896,Rodolfo Duran,660710,31,12.0,9,11,4,11,3,17.0,15.0,0.29,0.355,0.355,0.129,0.097,0.882,2.58,vs RHB
897,Roki Sasaki,808963,1114,296.0,528,203,203,383,190,541.0,408.0,0.474,0.344,0.182,0.182,0.171,0.754,3.76,vs RHB
898,Rolddy Munoz,691548,56,17.0,16,9,2,31,8,17.0,11.0,0.286,0.554,0.161,0.036,0.143,0.647,3.29,vs RHB
899,Ron Marinaccio,676760,587,156.0,270,109,109,208,82,297.0,218.0,0.46,0.354,0.186,0.186,0.14,0.734,3.76,vs RHB
900,Ronel Blanco,669854,656,167.0,316,110,114,230,98,328.0,225.0,0.482,0.351,0.168,0.174,0.149,0.686,3.93,vs RHB
901,Ronny Henriquez,678692,603,155.0,315,94,98,194,100,309.0,193.0,0.522,0.322,0.156,0.163,0.166,0.625,3.89,vs RHB
902,Rowdy Tellez,642133,20,8.0,4,7,3,9,1,10.0,10.0,0.2,0.45,0.35,0.15,0.05,1.0,2.5,vs RHB
903,Ryan Bergert,686701,578,139.0,262,91,104,225,87,266.0,197.0,0.453,0.389,0.157,0.18,0.151,0.741,4.16,vs RHB
904,Ryan Borucki,621366,502,128.0,220,96,85,186,74,242.0,182.0,0.438,0.371,0.191,0.169,0.147,0.752,3.92,vs RHB
905,Ryan Brasier,518489,244,66.0,107,53,45,84,34,126.0,98.0,0.439,0.344,0.217,0.184,0.139,0.778,3.7,vs RHB
906,Ryan Burr,621114,32,7.0,17,3,3,12,5,15.0,6.0,0.531,0.375,0.094,0.094,0.156,0.4,4.57,vs RHB
907,Ryan Feltner,663372,1144,309.0,508,235,207,401,165,578.0,445.0,0.444,0.351,0.205,0.181,0.144,0.77,3.7,vs RHB
908,Ryan Fernandez,681676,441,122.0,209,82,75,150,65,226.0,158.0,0.474,0.34,0.186,0.17,0.147,0.699,3.61,vs RHB
909,Ryan Fitzgerald,680837,13,5.0,5,5,2,3,2,8.0,7.0,0.385,0.231,0.385,0.154,0.154,0.875,2.6,vs RHB
910,Ryan Gusto,687473,1311,368.0,642,268,254,401,222,688.0,525.0,0.49,0.306,0.204,0.194,0.169,0.763,3.56,vs RHB
911,Ryan Helsley,664854,601,144.0,302,92,128,207,87,307.0,220.0,0.502,0.344,0.153,0.213,0.145,0.717,4.17,vs RHB
912,Ryan Johnson,696270,799,206.0,378,143,134,278,140,381.0,278.0,0.473,0.348,0.179,0.168,0.175,0.73,3.88,vs RHB
913,Ryan Loutos,702795,133,39.0,54,31,25,48,20,65.0,56.0,0.406,0.361,0.233,0.188,0.15,0.862,3.41,vs RHB
914,Ryan Pepiot,686752,1412,361.0,657,251,293,504,190,718.0,543.0,0.465,0.357,0.178,0.208,0.135,0.756,3.91,vs RHB
915,Ryan Pressly,519151,326,88.0,138,66,56,122,56,148.0,122.0,0.423,0.374,0.202,0.172,0.172,0.824,3.7,vs RHB
916,Ryan Rolison,669020,894,240.0,375,176,155,343,161,390.0,331.0,0.419,0.384,0.197,0.173,0.18,0.849,3.72,vs RHB
917,Ryan Thompson,657044,753,204.0,365,144,123,244,141,367.0,271.0,0.485,0.324,0.191,0.163,0.187,0.738,3.69,vs RHB
918,Ryan Walker,676254,904,241.0,387,181,120,336,207,361.0,302.0,0.428,0.372,0.2,0.133,0.229,0.837,3.75,vs RHB
919,Ryan Watson,670245,545,154.0,257,113,96,175,95,275.0,209.0,0.472,0.321,0.207,0.176,0.174,0.76,3.54,vs RHB
920,Ryan Weathers,677960,2286,566.0,1060,387,372,839,419,1028.0,762.0,0.464,0.367,0.169,0.163,0.183,0.741,4.04,vs RHB
921,Ryan Weiss,680802,206,51.0,101,30,40,75,36,95.0,70.0,0.49,0.364,0.146,0.194,0.175,0.737,4.04,vs RHB
922,Ryan Yarbrough,642232,1319,332.0,581,240,210,498,225,596.0,451.0,0.44,0.378,0.182,0.159,0.171,0.757,3.97,vs RHB
923,Ryan Zeferjahn,666171,1292,303.0,620,160,218,512,218,562.0,383.0,0.48,0.396,0.124,0.169,0.169,0.681,4.26,vs RHB
924,Ryne Nelson,669194,1965,508.0,960,358,449,647,270,1047.0,809.0,0.489,0.329,0.182,0.228,0.137,0.773,3.87,vs RHB
925,Ryne Stanek,592773,1162,283.0,574,176,237,412,156,594.0,415.0,0.494,0.355,0.151,0.204,0.134,0.699,4.11,vs RHB
926,Sam Bachman,696147,561,159.0,250,116,67,195,106,260.0,183.0,0.446,0.348,0.207,0.119,0.189,0.704,3.53,vs RHB
927,Sam Haggerty,664059,6,3.0,3,2,0,1,2,3.0,2.0,0.5,0.167,0.333,0.0,0.333,0.667,2.0,vs RHB
928,Sam Hentges,656529,326,82.0,143,51,53,132,50,144.0,104.0,0.439,0.405,0.156,0.163,0.153,0.722,3.98,vs RHB
929,Sam Long,669674,485,113.0,229,79,118,177,70,238.0,197.0,0.472,0.365,0.163,0.243,0.144,0.828,4.29,vs RHB
930,Sam Moll,594580,677,154.0,276,105,111,296,114,267.0,217.0,0.408,0.437,0.155,0.164,0.168,0.813,4.4,vs RHB
931,Sammy Peralta,671111,262,78.0,121,59,39,82,59,121.0,98.0,0.462,0.313,0.225,0.149,0.225,0.81,3.36,vs RHB
932,Samuel Aldegheri,691951,634,158.0,279,115,108,240,106,288.0,223.0,0.44,0.379,0.181,0.17,0.167,0.774,4.01,vs RHB
933,Samy Natera Jr.,696519,333,75.0,174,42,71,117,45,171.0,113.0,0.523,0.351,0.126,0.213,0.135,0.661,4.44,vs RHB
934,Sandy Alcantara,645261,2668,731.0,1307,539,542,822,471,1375.0,1087.0,0.49,0.308,0.202,0.203,0.177,0.791,3.65,vs RHB
935,Sauryn Lao,666659,105,26.0,50,17,19,38,13,54.0,36.0,0.476,0.362,0.162,0.181,0.124,0.667,4.04,vs RHB
936,Sawyer Gipson-Long,687830,221,63.0,103,51,43,67,35,119.0,95.0,0.466,0.303,0.231,0.195,0.158,0.798,3.51,vs RHB
937,Scott Alexander,518397,152,42.0,53,33,19,66,22,64.0,52.0,0.349,0.434,0.217,0.125,0.145,0.812,3.62,vs RHB
938,Scott Barlow,605130,1095,266.0,490,161,140,444,203,448.0,301.0,0.447,0.405,0.147,0.128,0.185,0.672,4.12,vs RHB
939,Scott Blewett,656240,637,176.0,277,127,101,233,78,325.0,231.0,0.435,0.366,0.199,0.159,0.122,0.711,3.62,vs RHB
940,Scott Effross,664123,96,30.0,46,23,18,27,20,49.0,41.0,0.479,0.281,0.24,0.188,0.208,0.837,3.2,vs RHB
941,Scott Kingery,664068,26,13.0,3,13,0,10,3,13.0,13.0,0.115,0.385,0.5,0.0,0.115,1.0,2.0,vs RHB
942,Scott McGough,543518,140,36.0,60,30,22,50,18,72.0,52.0,0.429,0.357,0.214,0.157,0.129,0.722,3.89,vs RHB
943,Sean Burke,680732,2249,580.0,1083,389,417,777,373,1099.0,808.0,0.482,0.345,0.173,0.185,0.166,0.735,3.88,vs RHB
944,Sean Guenther,674944,84,22.0,36,15,13,33,17,34.0,28.0,0.429,0.393,0.179,0.155,0.202,0.824,3.82,vs RHB
945,Sean Hjelle,663546,141,39.0,67,28,15,46,36,59.0,43.0,0.475,0.326,0.199,0.106,0.255,0.729,3.62,vs RHB
946,Sean Manaea,640455,2474,634.0,1241,429,546,804,387,1283.0,983.0,0.502,0.325,0.173,0.221,0.156,0.766,3.9,vs RHB
947,Sean Newcomb,656794,1970,480.0,935,323,370,712,356,902.0,699.0,0.475,0.361,0.164,0.188,0.181,0.775,4.1,vs RHB
948,Sean Reynolds,669308,274,69.0,113,47,43,114,41,119.0,90.0,0.412,0.416,0.172,0.157,0.15,0.756,3.97,vs RHB
949,Sean Sullivan,807743,276,77.0,128,57,60,91,45,140.0,117.0,0.464,0.33,0.207,0.217,0.163,0.836,3.58,vs RHB
950,Seranthony Dominguez,622554,1161,274.0,563,154,218,444,170,547.0,373.0,0.485,0.382,0.133,0.188,0.146,0.682,4.24,vs RHB
951,Seth Halvorsen,678020,634,167.0,284,111,114,239,86,309.0,226.0,0.448,0.377,0.175,0.18,0.136,0.731,3.8,vs RHB
952,Seth Johnson,686751,412,106.0,202,62,74,148,69,195.0,136.0,0.49,0.359,0.15,0.18,0.167,0.697,3.89,vs RHB
953,Seth Lonsway,675920,22,9.0,8,8,3,6,3,13.0,11.0,0.364,0.273,0.364,0.136,0.136,0.846,2.44,vs RHB
954,Seth Lugo,607625,1971,522.0,917,376,338,678,387,905.0,719.0,0.465,0.344,0.191,0.171,0.196,0.794,3.78,vs RHB
955,Seth Martinez,661527,46,14.0,18,13,4,15,11,20.0,17.0,0.391,0.326,0.283,0.087,0.239,0.85,3.29,vs RHB
956,Shane Baz,669358,2561,680.0,1179,482,473,900,403,1258.0,963.0,0.46,0.351,0.188,0.185,0.157,0.766,3.77,vs RHB
957,Shane Bieber,669456,702,188.0,305,140,101,257,115,330.0,241.0,0.434,0.366,0.199,0.144,0.164,0.73,3.73,vs RHB
958,Shane Drohan,675660,1365,352.0,634,231,243,500,217,648.0,479.0,0.464,0.366,0.169,0.178,0.159,0.739,3.88,vs RHB
959,Shane McClanahan,663556,1423,377.0,670,262,246,491,227,705.0,514.0,0.471,0.345,0.184,0.173,0.16,0.729,3.77,vs RHB
960,Shane Smith,681343,1167,300.0,570,191,221,406,205,556.0,412.0,0.488,0.348,0.164,0.189,0.176,0.741,3.89,vs RHB
961,Shaun Anderson,641312,284,72.0,134,51,51,99,46,139.0,102.0,0.472,0.349,0.18,0.18,0.162,0.734,3.94,vs RHB
962,Shawn Armstrong,542888,1014,250.0,492,160,191,362,169,483.0,352.0,0.485,0.357,0.158,0.188,0.167,0.729,4.06,vs RHB
963,Shawn Dubin,681869,318,87.0,143,63,48,112,67,139.0,111.0,0.45,0.352,0.198,0.151,0.211,0.799,3.66,vs RHB
964,Shelby Miller,571946,333,92.0,168,62,61,103,60,170.0,123.0,0.505,0.309,0.186,0.183,0.18,0.724,3.62,vs RHB
965,Shinnosuke Ogasawara,829272,376,99.0,173,72,65,131,70,175.0,138.0,0.46,0.348,0.191,0.173,0.186,0.789,3.8,vs RHB
966,Shohei Ohtani,660271,990,253.0,495,156,164,339,165,486.0,321.0,0.5,0.342,0.158,0.166,0.167,0.66,3.91,vs RHB
967,Shota Imanaga,684007,3716,934.0,1795,684,766,1237,478,2001.0,1454.0,0.483,0.333,0.184,0.206,0.129,0.727,3.98,vs RHB
968,Simeon Woods Richardson,680573,1483,375.0,661,264,273,558,226,699.0,537.0,0.446,0.376,0.178,0.184,0.152,0.768,3.95,vs RHB
969,Slade Cecconi,677944,1832,499.0,813,380,263,639,355,838.0,648.0,0.444,0.349,0.207,0.144,0.194,0.773,3.67,vs RHB
970,Sonny Gray,543243,2098,599.0,956,433,313,709,383,1006.0,750.0,0.456,0.338,0.206,0.149,0.183,0.746,3.5,vs RHB
971,Spencer Arrighetti,681293,1085,278.0,482,182,185,421,176,487.0,370.0,0.444,0.388,0.168,0.171,0.162,0.76,3.9,vs RHB
972,Spencer Bivens,702352,761,197.0,382,139,154,240,157,364.0,296.0,0.502,0.315,0.183,0.202,0.206,0.813,3.86,vs RHB
973,Spencer Miles,693686,683,173.0,336,115,141,232,138,313.0,257.0,0.492,0.34,0.168,0.206,0.202,0.821,3.95,vs RHB
974,Spencer Schwellenbach,680885,687,198.0,366,131,119,190,129,368.0,250.0,0.533,0.277,0.191,0.173,0.188,0.679,3.47,vs RHB
975,Spencer Strider,675911,1220,310.0,557,192,182,471,180,569.0,375.0,0.457,0.386,0.157,0.149,0.148,0.659,3.94,vs RHB
976,Spencer Turnbull,605513,81,19.0,35,15,13,31,11,39.0,28.0,0.432,0.383,0.185,0.16,0.136,0.718,4.26,vs RHB
977,Stephen Kolek,663568,1073,308.0,444,246,168,383,165,525.0,415.0,0.414,0.357,0.229,0.157,0.154,0.79,3.48,vs RHB
978,Steven Cruz,674444,697,203.0,325,149,129,223,115,359.0,279.0,0.466,0.32,0.214,0.185,0.165,0.777,3.43,vs RHB
979,Steven Matz,571927,1580,396.0,740,291,319,549,256,775.0,610.0,0.468,0.347,0.184,0.202,0.162,0.787,3.99,vs RHB
980,Steven Okert,595345,1189,302.0,609,188,237,392,171,626.0,426.0,0.512,0.33,0.158,0.199,0.144,0.681,3.94,vs RHB
981,Steven Wilson,621051,608,149.0,292,102,118,214,92,302.0,222.0,0.48,0.352,0.168,0.194,0.151,0.735,4.08,vs RHB
982,T.J. McFarland,519008,157,44.0,60,40,24,57,28,72.0,64.0,0.382,0.363,0.255,0.153,0.178,0.889,3.57,vs RHB
983,TJ Shook,669298,50,14.0,20,11,7,19,9,22.0,18.0,0.4,0.38,0.22,0.14,0.18,0.818,3.57,vs RHB
984,Taijuan Walker,592836,1089,291.0,473,227,194,389,187,513.0,424.0,0.434,0.357,0.208,0.178,0.172,0.827,3.74,vs RHB
985,Taj Bradley,671737,2361,614.0,1089,415,436,857,353,1151.0,859.0,0.461,0.363,0.176,0.185,0.15,0.746,3.85,vs RHB
986,Tanner Andrews,681084,16,5.0,8,4,4,4,1,11.0,8.0,0.5,0.25,0.25,0.25,0.062,0.727,3.2,vs RHB
987,Tanner Banks,621383,1030,251.0,494,186,228,350,162,518.0,414.0,0.48,0.34,0.181,0.221,0.157,0.799,4.1,vs RHB
988,Tanner Bibee,676440,2579,665.0,1172,489,416,918,483,1178.0,906.0,0.454,0.356,0.19,0.161,0.187,0.769,3.88,vs RHB
989,Tanner Gordon,685299,1294,352.0,595,272,278,427,183,684.0,551.0,0.46,0.33,0.21,0.215,0.141,0.806,3.68,vs RHB
990,Tanner Houck,656557,318,88.0,147,67,51,104,59,155.0,118.0,0.462,0.327,0.211,0.16,0.186,0.761,3.61,vs RHB
991,Tanner McDougal,701780,14,3.0,2,0,1,12,1,1.0,1.0,0.143,0.857,0.0,0.071,0.071,1.0,4.67,vs RHB
992,Tanner Rainey,663432,160,38.0,67,18,21,75,23,62.0,39.0,0.419,0.469,0.112,0.131,0.144,0.629,4.21,vs RHB
993,Tanner Scott,656945,1340,335.0,702,216,296,422,181,737.0,515.0,0.524,0.315,0.161,0.221,0.135,0.699,4.0,vs RHB
994,Tarik Skubal,669373,4103,1059.0,2142,671,799,1290,593,2220.0,1485.0,0.522,0.314,0.164,0.195,0.145,0.669,3.87,vs RHB
995,Tatsuya Imai,837227,538,131.0,259,68,67,211,103,224.0,136.0,0.481,0.392,0.126,0.125,0.191,0.607,4.11,vs RHB
996,Tayler Saucedo,642048,253,71.0,116,48,37,89,42,122.0,85.0,0.458,0.352,0.19,0.146,0.166,0.697,3.56,vs RHB
997,Tayler Scott,605463,335,81.0,151,55,47,129,58,148.0,104.0,0.451,0.385,0.164,0.14,0.173,0.703,4.14,vs RHB
998,Taylor Clarke,664199,863,227.0,391,170,137,302,144,417.0,308.0,0.453,0.35,0.197,0.159,0.167,0.739,3.8,vs RHB
999,Taylor Rashi,688497,226,56.0,106,34,33,86,44,96.0,67.0,0.469,0.381,0.15,0.146,0.195,0.698,4.04,vs RHB
1000,Taylor Rogers,573124,1009,238.0,482,168,209,359,189,461.0,380.0,0.478,0.356,0.167,0.207,0.187,0.824,4.24,vs RHB
1001,Tejay Antone,622088,517,129.0,259,82,87,176,98,242.0,172.0,0.501,0.34,0.159,0.168,0.19,0.711,4.01,vs RHB
1002,Thomas Harrington,802419,129,33.0,53,26,27,50,17,62.0,53.0,0.411,0.388,0.202,0.209,0.132,0.855,3.91,vs RHB
1003,Thomas Hatch,641672,244,60.0,99,44,45,101,28,115.0,89.0,0.406,0.414,0.18,0.184,0.115,0.774,4.07,vs RHB
1004,Thomas Pannone,623381,26,5.0,13,3,10,10,2,14.0,14.0,0.5,0.385,0.115,0.385,0.077,1.0,5.2,vs RHB
1005,Tim Herrin,682120,928,229.0,417,150,166,361,142,425.0,321.0,0.449,0.389,0.162,0.179,0.153,0.755,4.05,vs RHB
1006,Tim Hill,657612,791,233.0,316,197,140,278,126,387.0,340.0,0.399,0.351,0.249,0.177,0.159,0.879,3.39,vs RHB
1007,Tim Mayza,641835,796,194.0,368,133,146,295,128,373.0,281.0,0.462,0.371,0.167,0.183,0.161,0.753,4.1,vs RHB
1008,Tobias Myers,668964,815,228.0,352,181,159,282,110,423.0,342.0,0.432,0.346,0.222,0.195,0.135,0.809,3.57,vs RHB
1009,Tom Cosgrove,676680,217,57.0,102,41,51,74,36,107.0,92.0,0.47,0.341,0.189,0.235,0.166,0.86,3.81,vs RHB
1010,Tomas Nido,621512,4,3.0,1,2,0,1,1,2.0,2.0,0.25,0.25,0.5,0.0,0.25,1.0,1.33,vs RHB
1011,Tommy Henry,674072,76,18.0,38,10,14,28,12,36.0,24.0,0.5,0.368,0.132,0.184,0.158,0.667,4.22,vs RHB
1012,Tommy Kahnle,592454,533,142.0,242,94,83,197,103,233.0,179.0,0.454,0.37,0.176,0.156,0.193,0.768,3.75,vs RHB
1013,Tommy Nance,667297,777,216.0,380,152,138,245,142,390.0,291.0,0.489,0.315,0.196,0.178,0.183,0.746,3.6,vs RHB
1014,Tomoyuki Sugano,608372,2240,593.0,962,472,401,806,367,1066.0,876.0,0.429,0.36,0.211,0.179,0.164,0.822,3.78,vs RHB
1015,Tony Gonsolin,664062,286,71.0,139,39,50,108,45,133.0,89.0,0.486,0.378,0.136,0.175,0.157,0.669,4.03,vs RHB
1016,Tony Santillan,663574,915,235.0,432,155,160,328,146,441.0,320.0,0.472,0.358,0.169,0.175,0.16,0.726,3.89,vs RHB
1017,Touki Toussaint,657053,26,6.0,14,2,3,10,5,11.0,5.0,0.538,0.385,0.077,0.115,0.192,0.455,4.33,vs RHB
1018,Travis Adams,701519,698,173.0,331,109,130,258,100,340.0,241.0,0.474,0.37,0.156,0.186,0.143,0.709,4.03,vs RHB
1019,Travis Jankowski,608671,11,4.0,3,3,2,5,1,5.0,5.0,0.273,0.455,0.273,0.182,0.091,1.0,2.75,vs RHB
1020,Trent Harris,805345,118,32.0,60,19,20,39,23,56.0,41.0,0.508,0.331,0.161,0.169,0.195,0.732,3.69,vs RHB
1021,Trent Thornton,663423,706,206.0,303,163,123,240,95,371.0,287.0,0.429,0.34,0.231,0.174,0.135,0.774,3.43,vs RHB
1022,Trevor Martin,694680,96,28.0,39,20,13,37,13,46.0,33.0,0.406,0.385,0.208,0.135,0.135,0.717,3.43,vs RHB
1023,Trevor McDonald,686790,635,169.0,315,115,108,205,134,296.0,224.0,0.496,0.323,0.181,0.17,0.211,0.757,3.76,vs RHB
1024,Trevor Megill,656730,838,212.0,449,137,167,252,137,449.0,306.0,0.536,0.301,0.163,0.199,0.163,0.682,3.95,vs RHB
1025,Trevor Richards,670950,769,197.0,359,137,144,273,132,363.0,281.0,0.467,0.355,0.178,0.187,0.172,0.774,3.9,vs RHB
1026,Trevor Rogers,669432,3281,857.0,1657,612,725,1012,501,1767.0,1343.0,0.505,0.308,0.187,0.221,0.153,0.76,3.83,vs RHB
1027,Trevor Williams,592866,903,224.0,422,154,182,327,141,435.0,336.0,0.467,0.362,0.171,0.202,0.156,0.772,4.03,vs RHB
1028,Trey Gibson,694346,269,68.0,119,44,40,106,58,105.0,84.0,0.442,0.394,0.164,0.149,0.216,0.8,3.96,vs RHB
1029,Trey Yesavage,702056,814,197.0,391,124,153,299,126,389.0,277.0,0.48,0.367,0.152,0.188,0.155,0.712,4.13,vs RHB
1030,Tristan Beck,663941,571,158.0,252,121,89,198,100,273.0,210.0,0.441,0.347,0.212,0.156,0.175,0.769,3.61,vs RHB
1031,Triston McKenzie,663474,68,16.0,28,8,11,32,7,29.0,19.0,0.412,0.471,0.118,0.162,0.103,0.655,4.25,vs RHB
1032,Troy Johnston,687859,13,5.0,6,4,1,3,4,6.0,5.0,0.462,0.231,0.308,0.077,0.308,0.833,2.6,vs RHB
1033,Troy Melton,675512,1008,275.0,476,191,177,341,161,506.0,369.0,0.472,0.338,0.189,0.176,0.16,0.729,3.67,vs RHB
1034,Troy Taylor,700187,72,20.0,26,16,8,30,12,30.0,24.0,0.361,0.417,0.222,0.111,0.167,0.8,3.6,vs RHB
1035,Tucker Barnhart,571466,8,5.0,1,5,0,2,1,5.0,5.0,0.125,0.25,0.625,0.0,0.125,1.0,1.6,vs RHB
1036,Ty Adcock,686654,32,6.0,17,3,11,12,3,17.0,14.0,0.531,0.375,0.094,0.344,0.094,0.824,5.33,vs RHB
1037,Ty Blach,621389,14,5.0,7,5,0,2,6,6.0,5.0,0.5,0.143,0.357,0.0,0.429,0.833,2.8,vs RHB
1038,Ty Johnson,694494,79,18.0,45,10,15,24,14,41.0,26.0,0.57,0.304,0.127,0.19,0.177,0.634,4.39,vs RHB
1039,Ty Madden,680744,350,84.0,170,55,75,125,57,168.0,130.0,0.486,0.357,0.157,0.214,0.163,0.774,4.17,vs RHB
1040,Tyler Alexander,641302,1625,406.0,736,283,296,606,281,737.0,580.0,0.453,0.373,0.174,0.182,0.173,0.787,4.0,vs RHB
1041,Tyler Anderson,542881,1662,416.0,783,304,314,575,243,844.0,619.0,0.471,0.346,0.183,0.189,0.146,0.733,4.0,vs RHB
1042,Tyler Callihan,682997,24,7.0,6,5,2,13,4,7.0,7.0,0.25,0.542,0.208,0.083,0.167,1.0,3.43,vs RHB
1043,Tyler Davis,699823,295,76.0,143,51,65,101,50,144.0,116.0,0.485,0.342,0.173,0.22,0.169,0.806,3.88,vs RHB
1044,Tyler Ferguson,621053,845,216.0,432,133,166,280,151,414.0,300.0,0.511,0.331,0.157,0.196,0.179,0.725,3.91,vs RHB
1045,Tyler Gilbert,656457,502,122.0,223,89,106,190,75,237.0,196.0,0.444,0.378,0.177,0.211,0.149,0.827,4.11,vs RHB
1046,Tyler Glasnow,607192,1204,288.0,570,158,186,476,218,510.0,348.0,0.473,0.395,0.131,0.154,0.181,0.682,4.18,vs RHB
1047,Tyler Heineman,623168,69,29.0,24,29,11,16,13,40.0,40.0,0.348,0.232,0.42,0.159,0.188,1.0,2.38,vs RHB
1048,Tyler Holton,663947,1309,343.0,580,260,231,469,203,637.0,497.0,0.443,0.358,0.199,0.176,0.155,0.78,3.82,vs RHB
1049,Tyler Kinley,641755,1101,279.0,525,190,170,386,201,514.0,362.0,0.477,0.351,0.173,0.154,0.183,0.704,3.95,vs RHB
1050,Tyler Mahle,641816,1815,459.0,812,331,314,672,313,830.0,649.0,0.447,0.37,0.182,0.173,0.172,0.782,3.95,vs RHB
1051,Tyler Matzek,554431,80,20.0,40,12,18,28,12,40.0,30.0,0.5,0.35,0.15,0.225,0.15,0.75,4.0,vs RHB
1052,Tyler Owens,687074,42,9.0,20,7,7,15,10,17.0,14.0,0.476,0.357,0.167,0.167,0.238,0.824,4.67,vs RHB
1053,Tyler Phillips,663969,1370,393.0,629,292,203,449,244,677.0,498.0,0.459,0.328,0.213,0.148,0.178,0.736,3.49,vs RHB
1054,Tyler Rogers,643511,959,285.0,460,226,188,273,169,517.0,416.0,0.48,0.285,0.236,0.196,0.176,0.805,3.36,vs RHB
1055,Tyler Samaniego,701719,154,49.0,60,37,20,57,27,69.0,57.0,0.39,0.37,0.24,0.13,0.175,0.826,3.14,vs RHB
1056,Tyler Schweitzer,805326,338,92.0,159,75,69,104,54,180.0,144.0,0.47,0.308,0.222,0.204,0.16,0.8,3.67,vs RHB
1057,Tyler Tolbert,686475,45,13.0,12,10,3,23,9,13.0,13.0,0.267,0.511,0.222,0.067,0.2,1.0,3.46,vs RHB
1058,Tyler Uberstine,700413,35,9.0,21,6,9,8,4,23.0,15.0,0.6,0.229,0.171,0.257,0.114,0.652,3.89,vs RHB
1059,Tyler Wade,642180,9,3.0,2,3,0,4,2,3.0,3.0,0.222,0.444,0.333,0.0,0.222,1.0,3.0,vs RHB
1060,Tyler Wells,669330,622,160.0,321,112,130,189,89,344.0,244.0,0.516,0.304,0.18,0.209,0.143,0.709,3.89,vs RHB
1061,Tyler Zuber,676604,549,131.0,281,84,112,184,111,254.0,196.0,0.512,0.335,0.153,0.204,0.202,0.772,4.19,vs RHB
1062,Tylor Megill,656731,640,156.0,314,91,105,235,126,279.0,196.0,0.491,0.367,0.142,0.164,0.197,0.703,4.1,vs RHB
1063,Tyron Guerrero,594027,304,88.0,157,69,72,78,62,164.0,141.0,0.516,0.257,0.227,0.237,0.204,0.86,3.45,vs RHB
1064,Valente Bellozo,678368,773,210.0,347,154,169,272,98,403.0,325.0,0.449,0.352,0.199,0.219,0.127,0.806,3.68,vs RHB
1065,Victor Mederos,682989,429,104.0,196,67,74,166,64,198.0,142.0,0.457,0.387,0.156,0.172,0.149,0.717,4.12,vs RHB
1066,Victor Robles,645302,16,5.0,7,4,2,5,5,6.0,6.0,0.438,0.312,0.25,0.125,0.312,1.0,3.2,vs RHB
1067,Victor Vodnik,680767,915,219.0,407,147,163,361,137,417.0,311.0,0.445,0.395,0.161,0.178,0.15,0.746,4.18,vs RHB
1068,Vidal Brujan,660644,10,5.0,2,5,0,3,2,5.0,5.0,0.2,0.3,0.5,0.0,0.2,1.0,2.0,vs RHB
1069,Vince Velasquez,592826,20,4.0,9,4,5,7,3,10.0,9.0,0.45,0.35,0.2,0.25,0.15,0.9,5.0,vs RHB
1070,Vinny Capra,681962,24,9.0,8,8,1,8,5,11.0,9.0,0.333,0.333,0.333,0.042,0.208,0.818,2.67,vs RHB
1071,Wade Miley,489119,148,39.0,54,27,18,67,29,52.0,45.0,0.365,0.453,0.182,0.122,0.196,0.865,3.79,vs RHB
1072,Walbert Urena,700712,1026,261.0,492,163,182,371,161,494.0,348.0,0.48,0.362,0.159,0.177,0.157,0.704,3.93,vs RHB
1073,Walker Buehler,621111,2027,519.0,892,368,360,767,339,921.0,730.0,0.44,0.378,0.182,0.178,0.167,0.793,3.91,vs RHB
1074,Wander Suero,593833,88,20.0,46,9,18,33,14,41.0,28.0,0.523,0.375,0.102,0.205,0.159,0.683,4.4,vs RHB
1075,Wandy Peralta,593974,1239,340.0,501,263,185,475,161,603.0,451.0,0.404,0.383,0.212,0.149,0.13,0.748,3.64,vs RHB
1076,Welinton Herrera,700327,20,5.0,8,5,3,7,4,9.0,8.0,0.4,0.35,0.25,0.15,0.2,0.889,4.0,vs RHB
1077,Weston Wilson,642215,67,20.0,25,20,10,22,14,31.0,30.0,0.373,0.328,0.299,0.149,0.209,0.968,3.35,vs RHB
1078,Wikelman Gonzalez,682790,161,37.0,81,20,29,60,29,72.0,49.0,0.503,0.373,0.124,0.18,0.18,0.681,4.35,vs RHB
1079,Wilber Dotel,696062,275,76.0,119,58,46,98,43,134.0,104.0,0.433,0.356,0.211,0.167,0.156,0.776,3.62,vs RHB
1080,Wilkin Ramos,678576,25,7.0,13,6,5,6,5,14.0,11.0,0.52,0.24,0.24,0.2,0.2,0.786,3.57,vs RHB
1081,Will Dion,702021,423,112.0,213,72,82,138,71,214.0,154.0,0.504,0.326,0.17,0.194,0.168,0.72,3.78,vs RHB
1082,Will Klein,694361,499,124.0,237,76,102,186,93,220.0,178.0,0.475,0.373,0.152,0.204,0.186,0.809,4.02,vs RHB
1083,Will Vest,676684,819,215.0,385,155,146,279,151,389.0,303.0,0.47,0.341,0.189,0.178,0.184,0.779,3.81,vs RHB
1084,Will Warren,701542,2343,597.0,1135,388,392,820,438,1085.0,780.0,0.484,0.35,0.166,0.167,0.187,0.719,3.92,vs RHB
1085,Will Wilson,669717,13,3.0,5,3,2,5,3,5.0,5.0,0.385,0.385,0.231,0.154,0.231,1.0,4.33,vs RHB
1086,Willi Castro,650489,10,3.0,1,3,1,6,0,4.0,4.0,0.1,0.6,0.3,0.1,0.0,1.0,3.33,vs RHB
1087,William Kempner,687531,62,17.0,22,12,6,28,14,20.0,18.0,0.355,0.452,0.194,0.097,0.226,0.9,3.65,vs RHB
1088,Willie MacIver,680862,15,7.0,5,7,0,3,5,7.0,7.0,0.333,0.2,0.467,0.0,0.333,1.0,2.14,vs RHB
1089,Winston Santos,692437,12,3.0,5,2,2,5,3,4.0,4.0,0.417,0.417,0.167,0.167,0.25,1.0,4.0,vs RHB
1090,Woo-Suk Go,808970,34,9.0,15,6,6,13,4,17.0,12.0,0.441,0.382,0.176,0.176,0.118,0.706,3.78,vs RHB
1091,Wyatt Mills,670090,98,22.0,40,11,17,47,13,38.0,28.0,0.408,0.48,0.112,0.173,0.133,0.737,4.45,vs RHB
1092,Wyatt Olds,681544,117,31.0,61,20,24,36,20,61.0,44.0,0.521,0.308,0.171,0.205,0.171,0.721,3.77,vs RHB
1093,Xzavion Curry,675540,207,50.0,91,35,51,81,30,96.0,86.0,0.44,0.391,0.169,0.246,0.145,0.896,4.14,vs RHB
1094,Yacksel Rios,605441,6,2.0,4,1,1,1,2,3.0,2.0,0.667,0.167,0.167,0.167,0.333,0.667,3.0,vs RHB
1095,Yaramil Hiraldo,682274,268,71.0,128,45,50,95,30,143.0,95.0,0.478,0.354,0.168,0.187,0.112,0.664,3.77,vs RHB
1096,Yariel Rodriguez,684320,778,197.0,350,127,121,301,116,361.0,251.0,0.45,0.387,0.163,0.156,0.149,0.695,3.95,vs RHB
1097,Yennier Cano,666974,1062,262.0,512,176,181,374,211,477.0,359.0,0.482,0.352,0.166,0.17,0.199,0.753,4.05,vs RHB
1098,Yerry De los Santos,660787,539,152.0,244,109,89,186,107,246.0,200.0,0.453,0.345,0.202,0.165,0.199,0.813,3.55,vs RHB
1099,Yilber Diaz,700270,88,22.0,31,16,15,41,12,35.0,31.0,0.352,0.466,0.182,0.17,0.136,0.886,4.0,vs RHB
1100,Yimi Garcia,554340,173,46.0,85,25,25,63,33,77.0,50.0,0.491,0.364,0.145,0.145,0.191,0.649,3.76,vs RHB
1101,Yoendrys Gomez,672782,1005,252.0,459,161,164,385,165,455.0,327.0,0.457,0.383,0.16,0.163,0.164,0.719,3.99,vs RHB
1102,Yohan Ramirez,670990,1044,272.0,520,164,173,360,210,474.0,342.0,0.498,0.345,0.157,0.166,0.201,0.722,3.84,vs RHB
1103,Yoshinobu Yamamoto,808967,2598,667.0,1256,422,446,920,426,1252.0,871.0,0.483,0.354,0.162,0.172,0.164,0.696,3.9,vs RHB
1104,Yosver Zulueta,691172,88,18.0,42,11,19,35,14,39.0,31.0,0.477,0.398,0.125,0.216,0.159,0.795,4.89,vs RHB
1105,Yovanny Cruz,672442,118,33.0,49,20,19,49,22,47.0,39.0,0.415,0.415,0.169,0.161,0.186,0.83,3.58,vs RHB
1106,Yu Darvish,506433,543,141.0,283,94,107,166,108,269.0,201.0,0.521,0.306,0.173,0.197,0.199,0.747,3.85,vs RHB
1107,Yuki Matsui,673513,1153,275.0,526,175,195,452,153,548.0,370.0,0.456,0.392,0.152,0.169,0.133,0.675,4.19,vs RHB
1108,Yunior Marte,628708,15,3.0,6,1,3,8,1,6.0,4.0,0.4,0.533,0.067,0.2,0.067,0.667,5.0,vs RHB
1109,Yunior Marte,805074,137,42.0,61,32,23,44,25,68.0,55.0,0.445,0.321,0.234,0.168,0.182,0.809,3.26,vs RHB
1110,Yunior Tur,814305,106,28.0,42,20,13,44,14,48.0,33.0,0.396,0.415,0.189,0.123,0.132,0.688,3.79,vs RHB
1111,Yusei Kikuchi,579328,3320,819.0,1541,566,665,1213,507,1600.0,1232.0,0.464,0.365,0.17,0.2,0.153,0.77,4.05,vs RHB
1112,Zac Gallen,668678,2451,630.0,1125,446,441,880,427,1144.0,894.0,0.459,0.359,0.182,0.18,0.174,0.781,3.89,vs RHB
1113,Zac Thornton,804267,642,169.0,309,129,155,204,101,337.0,286.0,0.481,0.318,0.201,0.241,0.157,0.849,3.8,vs RHB
1114,Zach Agnos,688642,1003,277.0,414,217,169,372,126,505.0,387.0,0.413,0.371,0.216,0.168,0.126,0.766,3.62,vs RHB
1115,Zach Brzykcy,694350,243,63.0,107,46,52,90,36,117.0,98.0,0.44,0.37,0.189,0.214,0.148,0.838,3.86,vs RHB
1116,Zach Eflin,621107,480,131.0,223,97,88,160,74,246.0,185.0,0.465,0.333,0.202,0.183,0.154,0.752,3.66,vs RHB
1117,Zach Maxwell,687209,253,63.0,103,45,38,105,39,109.0,83.0,0.407,0.415,0.178,0.15,0.154,0.761,4.02,vs RHB
1118,Zach McCambley,685112,101,26.0,52,19,16,30,21,50.0,35.0,0.515,0.297,0.188,0.158,0.208,0.7,3.88,vs RHB
1119,Zach McKinstry,656716,37,10.0,9,5,0,23,7,7.0,5.0,0.243,0.622,0.135,0.0,0.189,0.714,3.7,vs RHB
1120,Zach Pop,647315,138,37.0,58,31,19,49,28,61.0,52.0,0.42,0.355,0.225,0.138,0.203,0.852,3.73,vs RHB
1121,Zach Thompson,605507,21,5.0,8,5,5,8,2,11.0,10.0,0.381,0.381,0.238,0.238,0.095,0.909,4.2,vs RHB
1122,Zach Thornton,804267,156,43.0,78,28,35,50,26,80.0,63.0,0.5,0.321,0.179,0.224,0.167,0.788,3.63,vs RHB
1123,Zack Kelly,677161,513,132.0,234,86,82,193,90,230.0,170.0,0.456,0.376,0.168,0.16,0.175,0.739,3.89,vs RHB
1124,Zack Littell,641793,2294,642.0,1033,500,451,761,346,1187.0,955.0,0.45,0.332,0.218,0.197,0.151,0.805,3.57,vs RHB
1125,Zack Short,670097,1,1.0,0,1,0,0,0,1.0,1.0,0.0,0.0,1.0,0.0,0.0,1.0,1.0,vs RHB
1126,Zack Wheeler,554430,2012,505.0,1027,314,366,671,358,983.0,682.0,0.51,0.333,0.156,0.182,0.178,0.694,3.98,vs RHB
1127,Zak Kent,687849,258,72.0,107,53,42,98,38,122.0,95.0,0.415,0.38,0.205,0.163,0.147,0.779,3.58,vs RHB
1128,Zebby Matthews,805673,1547,407.0,724,294,264,529,243,775.0,565.0,0.468,0.342,0.19,0.171,0.157,0.729,3.8,vs RHB
