,BatterName,batter,AB_flag,PA_flag,PitchesThrown,IsStrike,IsBIP,IsSwStr,IsBall,IsCalledStr,IsFoul,SwungOn,Strike%,Ball In Play%,SwStr%,Ball%,Looking Strike%,Foul Ball%,Swing%,Pitches Per PA,Split
0,A.J. Ewing,805999,434.0,487.0,1913,883,317,219,713,317,342,883.0,0.462,0.166,0.114,0.373,0.166,0.179,0.462,3.928,All
1,Aaron Judge,592450,778.0,922.0,3865,1737,541,570,1587,602,565,1676.0,0.449,0.14,0.147,0.411,0.156,0.146,0.434,4.192,All
2,Aaron Sabato,693306,6.0,6.0,22,13,3,3,6,3,7,13.0,0.591,0.136,0.136,0.273,0.136,0.318,0.591,3.667,All
3,Aaron Schunk,668845,32.0,33.0,110,61,23,18,26,12,29,72.0,0.555,0.209,0.164,0.236,0.109,0.264,0.655,3.333,All
4,Abimelec Ortiz,694673,128.0,135.0,596,293,93,70,210,87,136,299.0,0.492,0.156,0.117,0.352,0.146,0.228,0.502,4.415,All
5,Abraham Toro,647351,259.0,283.0,1105,519,222,112,364,193,213,548.0,0.47,0.201,0.101,0.329,0.175,0.193,0.496,3.905,All
6,Adael Amador,691182,193.0,218.0,803,353,158,71,292,121,160,390.0,0.44,0.197,0.088,0.364,0.151,0.199,0.486,3.683,All
7,Adam Frazier,624428,548.0,602.0,2407,1182,438,265,787,376,532,1244.0,0.491,0.182,0.11,0.327,0.156,0.221,0.517,3.998,All
8,Addison Barger,680718,481.0,526.0,2074,990,357,263,727,333,394,1014.0,0.477,0.172,0.127,0.351,0.161,0.19,0.489,3.943,All
9,Adley Rutschman,668939,684.0,772.0,3182,1382,566,200,1234,658,524,1290.0,0.434,0.178,0.063,0.388,0.207,0.165,0.405,4.122,All
10,Adolis Garcia,666969,738.0,805.0,3232,1571,529,510,1132,487,574,1613.0,0.486,0.164,0.158,0.35,0.151,0.178,0.499,4.015,All
11,Adrian Del Castillo,680728,300.0,327.0,1319,646,202,192,471,222,230,626.0,0.49,0.153,0.146,0.357,0.168,0.174,0.475,4.034,All
12,Agustin Ramirez,682663,759.0,833.0,3120,1404,591,413,1125,451,540,1544.0,0.45,0.189,0.132,0.361,0.145,0.173,0.495,3.745,All
13,Akil Baddoo,668731,17.0,18.0,54,28,12,11,14,4,13,36.0,0.519,0.222,0.204,0.259,0.074,0.241,0.667,3.0,All
14,Alan Roden,702176,215.0,247.0,891,391,172,86,328,150,152,413.0,0.439,0.193,0.097,0.368,0.168,0.171,0.464,3.607,All
15,Alan Trejo,676701,40.0,43.0,148,71,35,19,42,20,29,86.0,0.48,0.236,0.128,0.284,0.135,0.196,0.581,3.442,All
16,Alec Bohm,664761,1029.0,1128.0,4105,1750,870,303,1485,692,754,1927.0,0.426,0.212,0.074,0.362,0.169,0.184,0.469,3.639,All
17,Alec Burleson,676475,1102.0,1211.0,4431,1981,911,471,1539,608,895,2284.0,0.447,0.206,0.106,0.347,0.137,0.202,0.515,3.659,All
18,Alejandro Kirk,672386,728.0,812.0,3206,1403,640,256,1163,583,564,1460.0,0.438,0.2,0.08,0.363,0.182,0.176,0.455,3.948,All
19,Alejandro Osuna,696030,353.0,405.0,1567,740,287,132,540,300,301,727.0,0.472,0.183,0.084,0.345,0.191,0.192,0.464,3.869,All
20,Alek Thomas,677950,546.0,589.0,2093,1024,408,317,661,309,388,1123.0,0.489,0.195,0.151,0.316,0.148,0.185,0.537,3.553,All
21,Alex Bregman,608324,1037.0,1187.0,4711,2042,873,299,1796,978,765,1937.0,0.433,0.185,0.063,0.381,0.208,0.162,0.411,3.969,All
22,Alex Call,669743,431.0,515.0,2155,980,353,159,822,470,340,863.0,0.455,0.164,0.074,0.381,0.218,0.158,0.4,4.184,All
23,Alex Freeland,690976,315.0,366.0,1537,715,212,173,610,319,217,608.0,0.465,0.138,0.113,0.397,0.208,0.141,0.396,4.199,All
24,Alex Jackson,656577,160.0,173.0,671,349,99,125,223,92,129,356.0,0.52,0.148,0.186,0.332,0.137,0.192,0.531,3.879,All
25,Alex Verdugo,657077,197.0,213.0,880,391,166,49,323,217,125,340.0,0.444,0.189,0.056,0.367,0.247,0.142,0.386,4.131,All
26,Alexander Canario,672744,216.0,234.0,897,451,137,187,309,109,155,479.0,0.503,0.153,0.208,0.344,0.122,0.173,0.534,3.833,All
27,Ali Sanchez,645305,109.0,115.0,390,191,80,44,119,66,78,205.0,0.49,0.205,0.113,0.305,0.169,0.2,0.526,3.391,All
28,Alika Williams,675961,215.0,231.0,835,407,169,99,259,134,171,442.0,0.487,0.202,0.119,0.31,0.16,0.205,0.529,3.615,All
29,Amed Rosario,642708,408.0,435.0,1527,736,324,210,467,212,314,848.0,0.482,0.212,0.138,0.306,0.139,0.206,0.555,3.51,All
30,Andres Chaparro,665953,260.0,297.0,1136,537,186,186,413,156,195,567.0,0.473,0.164,0.164,0.364,0.137,0.172,0.499,3.825,All
31,Andres Gimenez,665926,795.0,872.0,3320,1664,646,441,1010,478,715,1831.0,0.501,0.195,0.133,0.304,0.144,0.215,0.552,3.807,All
32,Andrew Benintendi,643217,841.0,935.0,3493,1562,660,471,1271,440,648,1782.0,0.447,0.189,0.135,0.364,0.126,0.186,0.51,3.736,All
33,Andrew Knizner,668800,150.0,168.0,612,290,128,68,194,118,104,300.0,0.474,0.209,0.111,0.317,0.193,0.17,0.49,3.643,All
34,Andrew McCutchen,457705,550.0,628.0,2623,1186,414,323,1023,407,456,1193.0,0.452,0.158,0.123,0.39,0.155,0.174,0.455,4.177,All
35,Andrew Pinckney,687605,25.0,29.0,109,50,17,14,42,22,14,45.0,0.459,0.156,0.128,0.385,0.202,0.128,0.413,3.759,All
36,Andrew Vaughn,683734,694.0,777.0,3079,1348,570,276,1161,592,480,1326.0,0.438,0.185,0.09,0.377,0.192,0.156,0.431,3.963,All
37,Andrew Velazquez,623205,15.0,15.0,45,23,13,4,9,8,8,28.0,0.511,0.289,0.089,0.2,0.178,0.178,0.622,3.0,All
38,Andruw Monasterio,655316,436.0,479.0,2043,979,342,200,722,360,412,961.0,0.479,0.167,0.098,0.353,0.176,0.202,0.47,4.265,All
39,Andy Ibanez,628451,199.0,219.0,795,351,173,78,271,104,169,420.0,0.442,0.218,0.098,0.341,0.131,0.213,0.528,3.63,All
40,Andy Pages,681624,1090.0,1192.0,4681,2204,853,510,1624,706,988,2351.0,0.471,0.182,0.109,0.347,0.151,0.211,0.502,3.927,All
41,Angel Genao,694197,123.0,135.0,511,216,102,53,193,92,71,226.0,0.423,0.2,0.104,0.378,0.18,0.139,0.442,3.785,All
42,Angel Martinez,682657,831.0,896.0,3283,1650,647,375,986,513,734,1784.0,0.503,0.197,0.114,0.3,0.156,0.224,0.543,3.664,All
43,Anthony Santander,623993,194.0,220.0,934,466,134,111,334,147,208,453.0,0.499,0.143,0.119,0.358,0.157,0.223,0.485,4.245,All
44,Anthony Seigler,678011,213.0,246.0,925,403,174,99,348,161,137,415.0,0.436,0.188,0.107,0.376,0.174,0.148,0.449,3.76,All
45,Anthony Volpe,683011,759.0,842.0,3376,1604,564,389,1208,618,589,1550.0,0.475,0.167,0.115,0.358,0.183,0.174,0.459,4.01,All
46,Aramis Garcia,605244,23.0,23.0,80,41,14,16,25,15,10,40.0,0.512,0.175,0.2,0.312,0.188,0.125,0.5,3.478,All
47,Austin Barnes,605131,42.0,44.0,164,80,29,20,55,39,21,70.0,0.488,0.177,0.122,0.335,0.238,0.128,0.427,3.727,All
48,Austin Hays,669720,476.0,513.0,1936,920,350,327,666,252,340,1018.0,0.475,0.181,0.169,0.344,0.13,0.176,0.526,3.774,All
49,Austin Hedges,595978,368.0,425.0,1622,728,293,207,601,249,260,771.0,0.449,0.181,0.128,0.371,0.154,0.16,0.475,3.816,All
50,Austin Martin,668885,455.0,535.0,2128,881,362,163,885,385,325,858.0,0.414,0.17,0.077,0.416,0.181,0.153,0.403,3.978,All
51,Austin Nola,543592,38.0,41.0,148,62,34,12,52,23,27,73.0,0.419,0.23,0.081,0.351,0.155,0.182,0.493,3.61,All
52,Austin Riley,663586,975.0,1067.0,4296,2102,655,661,1539,622,819,2135.0,0.489,0.152,0.154,0.358,0.145,0.191,0.497,4.026,All
53,Austin Slater,596103,213.0,234.0,936,472,143,125,321,158,183,457.0,0.504,0.153,0.134,0.343,0.169,0.196,0.488,4.0,All
54,Austin Wells,669224,735.0,833.0,3385,1604,528,452,1253,490,660,1641.0,0.474,0.156,0.134,0.37,0.145,0.195,0.485,4.064,All
55,Austin Wynns,642851,185.0,199.0,781,421,133,107,227,142,169,412.0,0.539,0.17,0.137,0.291,0.182,0.216,0.528,3.925,All
56,BJ Murray Jr.,681230,11.0,11.0,46,25,7,4,14,8,13,24.0,0.543,0.152,0.087,0.304,0.174,0.283,0.522,4.182,All
57,Ben Malgeri,701162,119.0,139.0,528,238,84,64,206,86,88,236.0,0.451,0.159,0.121,0.39,0.163,0.167,0.447,3.799,All
58,Ben Rice,700250,1040.0,1193.0,4742,2100,783,482,1859,839,777,2044.0,0.443,0.165,0.102,0.392,0.177,0.164,0.431,3.975,All
59,Ben Rortvedt,666163,139.0,156.0,617,293,111,76,213,110,99,294.0,0.475,0.18,0.123,0.345,0.178,0.16,0.476,3.955,All
60,Ben Ross,805346,21.0,21.0,90,50,10,19,30,15,16,45.0,0.556,0.111,0.211,0.333,0.167,0.178,0.5,4.286,All
61,Ben Williamson,810938,536.0,579.0,2321,1136,421,212,764,498,424,1059.0,0.489,0.181,0.091,0.329,0.215,0.183,0.456,4.009,All
62,Billy Cook,695257,58.0,60.0,213,124,36,42,53,35,44,125.0,0.582,0.169,0.197,0.249,0.164,0.207,0.587,3.55,All
63,Billy McKinney,641856,20.0,21.0,86,36,19,10,31,13,13,42.0,0.419,0.221,0.116,0.36,0.151,0.151,0.488,4.095,All
64,Blaine Crim,688760,65.0,74.0,291,146,39,46,106,55,45,130.0,0.502,0.134,0.158,0.364,0.189,0.155,0.447,3.932,All
65,Blake Dunn,694362,202.0,230.0,867,405,145,104,317,160,135,390.0,0.467,0.167,0.12,0.366,0.185,0.156,0.45,3.77,All
66,Blake Hunt,675448,3.0,3.0,17,11,0,4,6,4,3,7.0,0.647,0.0,0.235,0.353,0.235,0.176,0.412,5.667,All
67,Blake Perkins,663368,243.0,272.0,1127,529,175,116,423,247,155,457.0,0.469,0.155,0.103,0.375,0.219,0.138,0.406,4.143,All
68,Blake Sabol,666165,16.0,18.0,85,49,10,14,26,14,20,45.0,0.576,0.118,0.165,0.306,0.165,0.235,0.529,4.722,All
69,Blaze Alexander,677942,491.0,553.0,2152,1048,349,309,755,283,445,1114.0,0.487,0.162,0.144,0.351,0.132,0.207,0.518,3.892,All
70,Blaze Jordan,691458,186.0,199.0,719,327,160,81,232,97,149,390.0,0.455,0.223,0.113,0.323,0.135,0.207,0.542,3.613,All
71,Bo Bichette,666182,1215.0,1317.0,4896,2300,1008,494,1588,712,1094,2596.0,0.47,0.206,0.101,0.324,0.145,0.223,0.53,3.718,All
72,Bo Davidson,815589,16.0,18.0,65,37,12,11,16,13,13,36.0,0.569,0.185,0.169,0.246,0.2,0.2,0.554,3.611,All
73,Bo Naylor,666310,450.0,512.0,2107,1003,336,202,768,355,445,984.0,0.476,0.159,0.096,0.364,0.168,0.211,0.467,4.115,All
74,Bobby Dalbec,666915,18.0,21.0,87,43,12,13,32,18,12,37.0,0.494,0.138,0.149,0.368,0.207,0.138,0.425,4.143,All
75,Bobby Seymour,676044,78.0,83.0,295,160,46,61,89,40,59,166.0,0.542,0.156,0.207,0.302,0.136,0.2,0.563,3.554,All
76,Bobby Witt Jr.,677951,1177.0,1295.0,4870,2175,955,587,1740,720,868,2410.0,0.447,0.196,0.121,0.357,0.148,0.178,0.495,3.761,All
77,Braden Montgomery,695731,319.0,361.0,1399,617,249,212,533,161,243,705.0,0.441,0.178,0.152,0.381,0.115,0.174,0.504,3.875,All
78,Braden Shewmake,669699,85.0,91.0,297,152,73,43,72,42,65,183.0,0.512,0.246,0.145,0.242,0.141,0.219,0.616,3.264,All
79,Brady House,691781,579.0,625.0,2241,1080,417,364,744,296,419,1200.0,0.482,0.186,0.162,0.332,0.132,0.187,0.535,3.586,All
80,Brandon Lockridge,663604,235.0,261.0,1046,540,172,138,334,190,199,522.0,0.516,0.164,0.132,0.319,0.182,0.19,0.499,4.008,All
81,Brandon Lowe,664040,1091.0,1207.0,4773,2333,766,868,1674,582,878,2517.0,0.489,0.16,0.182,0.351,0.122,0.184,0.527,3.954,All
82,Brandon Marsh,669016,901.0,983.0,3772,1798,662,454,1312,587,745,1873.0,0.477,0.176,0.12,0.348,0.156,0.198,0.497,3.837,All
83,Brandon Nimmo,607043,1176.0,1300.0,5162,2436,898,605,1828,799,1028,2535.0,0.472,0.174,0.117,0.354,0.155,0.199,0.491,3.971,All
84,Brandon Valenzuela,678218,237.0,268.0,1098,527,171,140,400,154,231,544.0,0.48,0.156,0.128,0.364,0.14,0.21,0.495,4.097,All
85,Braxton Fulford,690924,182.0,205.0,807,394,117,124,296,130,140,381.0,0.488,0.145,0.154,0.367,0.161,0.173,0.472,3.937,All
86,Brayan Rocchio,677587,878.0,975.0,3666,1685,734,422,1247,566,685,1853.0,0.46,0.2,0.115,0.34,0.154,0.187,0.505,3.76,All
87,Brendan Donovan,680977,597.0,671.0,2517,1075,514,159,928,480,425,1108.0,0.427,0.204,0.063,0.369,0.191,0.169,0.44,3.751,All
88,Brendan Rodgers,663898,115.0,128.0,487,247,70,87,170,87,73,230.0,0.507,0.144,0.179,0.349,0.179,0.15,0.472,3.805,All
89,Brent Rooker,667670,805.0,896.0,3311,1493,590,535,1228,434,524,1649.0,0.451,0.178,0.162,0.371,0.131,0.158,0.498,3.695,All
90,Brenton Doyle,686668,708.0,757.0,2717,1279,505,425,933,385,462,1399.0,0.471,0.186,0.156,0.343,0.142,0.17,0.515,3.589,All
91,Brett Bateman,703520,154.0,177.0,707,325,123,45,259,146,132,302.0,0.46,0.174,0.064,0.366,0.207,0.187,0.427,3.994,All
92,Brett Baty,683146,809.0,901.0,3641,1735,586,494,1320,578,658,1743.0,0.477,0.161,0.136,0.363,0.159,0.181,0.479,4.041,All
93,Brett Callahan,814430,69.0,77.0,266,143,45,44,78,30,69,158.0,0.538,0.169,0.165,0.293,0.113,0.259,0.594,3.455,All
94,Brett Harris,695391,116.0,134.0,525,238,82,60,205,89,82,231.0,0.453,0.156,0.114,0.39,0.17,0.156,0.44,3.918,All
95,Brett Sullivan,664954,224.0,246.0,866,392,187,80,287,131,177,448.0,0.453,0.216,0.092,0.331,0.151,0.204,0.517,3.52,All
96,Brett Wisely,689172,54.0,63.0,261,131,42,27,88,44,57,129.0,0.502,0.161,0.103,0.337,0.169,0.218,0.494,4.143,All
97,Brewer Hicklen,676551,38.0,47.0,185,92,21,41,72,23,28,90.0,0.497,0.114,0.222,0.389,0.124,0.151,0.486,3.936,All
98,Brian Navarreto,640459,64.0,73.0,276,142,46,47,88,39,55,149.0,0.514,0.167,0.17,0.319,0.141,0.199,0.54,3.781,All
99,Brian Serven,661531,78.0,82.0,313,159,57,48,97,58,49,158.0,0.508,0.182,0.153,0.31,0.185,0.157,0.505,3.817,All
100,Brice Matthews,694728,257.0,280.0,1140,560,167,206,413,190,153,536.0,0.491,0.146,0.181,0.362,0.167,0.134,0.47,4.071,All
101,Brice Turang,668930,1163.0,1331.0,5667,2649,855,546,2163,1030,1050,2472.0,0.467,0.151,0.096,0.382,0.182,0.185,0.436,4.258,All
102,Brock Rodden,801126,61.0,72.0,286,140,38,53,108,45,39,133.0,0.49,0.133,0.185,0.378,0.157,0.136,0.465,3.972,All
103,Brooks Baldwin,681460,300.0,328.0,1251,610,220,163,421,164,271,666.0,0.488,0.176,0.13,0.337,0.131,0.217,0.532,3.814,All
104,Brooks Lee,686797,1071.0,1153.0,4380,1994,884,503,1502,614,875,2264.0,0.455,0.202,0.115,0.343,0.14,0.2,0.517,3.799,All
105,Bryan De La Cruz,650559,122.0,136.0,518,262,88,75,168,85,102,265.0,0.506,0.17,0.145,0.324,0.164,0.197,0.512,3.809,All
106,Bryan Ramos,682868,12.0,12.0,39,19,8,8,12,5,6,22.0,0.487,0.205,0.205,0.308,0.128,0.154,0.564,3.25,All
107,Bryan Reynolds,668804,1181.0,1347.0,5359,2447,853,741,2059,728,975,2572.0,0.457,0.159,0.138,0.384,0.136,0.182,0.48,3.978,All
108,Bryan Torres,663494,166.0,189.0,756,351,130,73,275,146,125,335.0,0.464,0.172,0.097,0.364,0.193,0.165,0.443,4.0,All
109,Bryce Eldridge,805811,410.0,479.0,2020,915,282,242,823,330,343,867.0,0.453,0.14,0.12,0.407,0.163,0.17,0.429,4.217,All
110,Bryce Harper,547180,1073.0,1259.0,4896,2193,816,780,1887,479,929,2530.0,0.448,0.167,0.159,0.385,0.098,0.19,0.517,3.889,All
111,Bryce Johnson,669369,121.0,133.0,475,235,88,65,152,90,73,233.0,0.495,0.185,0.137,0.32,0.189,0.154,0.491,3.571,All
112,Bryce Teodosio,669326,204.0,222.0,768,409,135,175,224,83,141,461.0,0.533,0.176,0.228,0.292,0.108,0.184,0.6,3.459,All
113,Bryson Stott,681082,1032.0,1163.0,4973,2312,854,363,1807,1122,823,2044.0,0.465,0.172,0.073,0.363,0.226,0.165,0.411,4.276,All
114,Buddy Kennedy,671083,72.0,81.0,344,170,49,41,125,61,68,158.0,0.494,0.142,0.119,0.363,0.177,0.198,0.459,4.247,All
115,Byron Buxton,621439,858.0,943.0,3537,1671,618,576,1248,449,646,1840.0,0.472,0.175,0.163,0.353,0.127,0.183,0.52,3.751,All
116,C.J. Abrams,682928,1155.0,1280.0,4847,2300,882,668,1665,721,910,2461.0,0.475,0.182,0.138,0.344,0.149,0.188,0.508,3.787,All
117,C.J. Kayfus,692216,145.0,163.0,601,290,101,115,210,70,104,321.0,0.483,0.168,0.191,0.349,0.116,0.173,0.534,3.687,All
118,C.J. Stubbs,667690,3.0,3.0,13,6,3,0,4,3,3,6.0,0.462,0.231,0.0,0.308,0.231,0.231,0.462,4.333,All
119,CJ Alexander,680769,17.0,17.0,67,37,9,16,21,10,11,36.0,0.552,0.134,0.239,0.313,0.149,0.164,0.537,3.941,All
120,Cal Raleigh,663728,1042.0,1212.0,5099,2482,698,824,1919,576,1081,2604.0,0.487,0.137,0.162,0.376,0.113,0.212,0.511,4.207,All
121,Cal Stevenson,670276,8.0,8.0,25,14,6,2,5,8,4,12.0,0.56,0.24,0.08,0.2,0.32,0.16,0.48,3.125,All
122,Caleb Durbin,702332,949.0,1087.0,3987,1702,838,269,1447,734,677,1806.0,0.427,0.21,0.067,0.363,0.184,0.17,0.453,3.668,All
123,Cam Devanney,687478,36.0,38.0,162,88,15,38,59,19,31,84.0,0.543,0.093,0.235,0.364,0.117,0.191,0.519,4.263,All
124,Cam Smith,701358,947.0,1056.0,4361,2119,671,613,1571,677,829,2113.0,0.486,0.154,0.141,0.36,0.155,0.19,0.485,4.13,All
125,Cameron Cauley,695508,58.0,65.0,237,108,44,35,85,39,32,113.0,0.456,0.186,0.148,0.359,0.165,0.135,0.477,3.646,All
126,Carlos Correa,621043,659.0,724.0,2898,1332,522,299,1044,519,514,1335.0,0.46,0.18,0.103,0.36,0.179,0.177,0.461,4.003,All
127,Carlos Cortes,666126,435.0,478.0,1897,858,357,199,682,315,343,900.0,0.452,0.188,0.105,0.36,0.166,0.181,0.474,3.969,All
128,Carlos Jorge,699115,42.0,46.0,173,88,29,32,56,20,33,97.0,0.509,0.168,0.185,0.324,0.116,0.191,0.561,3.761,All
129,Carlos Narvaez,665966,651.0,731.0,2973,1492,464,443,1017,473,570,1482.0,0.502,0.156,0.149,0.342,0.159,0.192,0.498,4.067,All
130,Carlos Santana,467793,439.0,499.0,2084,925,344,232,815,325,368,944.0,0.444,0.165,0.111,0.391,0.156,0.177,0.453,4.176,All
131,Carson Benge,701807,590.0,648.0,2654,1228,451,258,975,471,496,1208.0,0.463,0.17,0.097,0.367,0.177,0.187,0.455,4.096,All
132,Carson Kelly,608348,749.0,846.0,3313,1444,603,302,1266,552,590,1495.0,0.436,0.182,0.091,0.382,0.167,0.178,0.451,3.916,All
133,Carson McCusker,676812,29.0,30.0,131,68,13,31,50,21,16,60.0,0.519,0.099,0.237,0.382,0.16,0.122,0.458,4.367,All
134,Carson Williams,700246,135.0,145.0,557,291,81,106,185,84,100,288.0,0.522,0.145,0.19,0.332,0.151,0.18,0.517,3.841,All
135,Carter Jensen,695600,587.0,671.0,2778,1266,412,364,1100,427,475,1251.0,0.456,0.148,0.131,0.396,0.154,0.171,0.45,4.14,All
136,Carter Kieboom,666198,8.0,8.0,33,16,7,4,10,3,9,20.0,0.485,0.212,0.121,0.303,0.091,0.273,0.606,4.125,All
137,Casey Schmitt,669477,695.0,751.0,2770,1318,539,344,913,397,575,1460.0,0.476,0.195,0.124,0.33,0.143,0.208,0.527,3.688,All
138,Cavan Biggio,624415,69.0,82.0,341,156,50,33,135,76,47,130.0,0.457,0.147,0.097,0.396,0.223,0.138,0.381,4.159,All
139,Ceddanne Rafaela,678882,1086.0,1160.0,4226,2140,862,635,1224,539,941,2463.0,0.506,0.204,0.15,0.29,0.128,0.223,0.583,3.643,All
140,Cedric Mullins II,656775,870.0,996.0,4066,1880,674,448,1512,562,836,1992.0,0.462,0.166,0.11,0.372,0.138,0.206,0.49,4.082,All
141,Cesar Prieto,693409,40.0,41.0,127,54,31,18,42,17,19,68.0,0.425,0.244,0.142,0.331,0.134,0.15,0.535,3.098,All
142,Cesar Salazar,663967,31.0,38.0,143,63,26,13,54,21,29,68.0,0.441,0.182,0.091,0.378,0.147,0.203,0.476,3.763,All
143,Chad Stevens,677060,41.0,48.0,206,109,23,31,74,28,49,104.0,0.529,0.112,0.15,0.359,0.136,0.238,0.505,4.292,All
144,Chadwick Tromp,644433,70.0,73.0,251,129,53,33,69,48,45,134.0,0.514,0.211,0.131,0.275,0.191,0.179,0.534,3.438,All
145,Chandler Simpson,802415,987.0,1052.0,3468,1438,914,187,1116,668,550,1684.0,0.415,0.264,0.054,0.322,0.193,0.159,0.486,3.297,All
146,Charles McAdoo,807727,94.0,102.0,385,183,70,42,132,63,78,190.0,0.475,0.182,0.109,0.343,0.164,0.203,0.494,3.775,All
147,Chas McCormick,676801,100.0,116.0,433,210,75,83,148,46,77,239.0,0.485,0.173,0.192,0.342,0.106,0.178,0.552,3.733,All
148,Chase DeLauter,800050,495.0,558.0,2153,848,416,136,889,355,354,906.0,0.394,0.193,0.063,0.413,0.165,0.164,0.421,3.858,All
149,Chase Meidroth,805367,1016.0,1148.0,4706,2230,816,322,1660,1141,748,1905.0,0.474,0.173,0.068,0.353,0.242,0.159,0.405,4.099,All
150,Chris Taylor,621035,113.0,125.0,475,240,72,94,163,66,76,246.0,0.505,0.152,0.198,0.343,0.139,0.16,0.518,3.8,All
151,Christian Encarnacion-Strand,687952,325.0,349.0,1265,669,243,204,353,173,291,739.0,0.529,0.192,0.161,0.279,0.137,0.23,0.584,3.625,All
152,Christian Franklin,681047,50.0,59.0,249,110,35,28,104,48,33,97.0,0.442,0.141,0.112,0.418,0.193,0.133,0.39,4.22,All
153,Christian Koss,683766,373.0,408.0,1393,667,284,231,442,193,235,758.0,0.479,0.204,0.166,0.317,0.139,0.169,0.544,3.414,All
154,Christian Moore,695681,293.0,327.0,1363,689,187,232,487,209,246,667.0,0.506,0.137,0.17,0.357,0.153,0.18,0.489,4.168,All
155,Christian Vazquez,543877,432.0,479.0,1863,846,352,159,665,347,338,851.0,0.454,0.189,0.085,0.357,0.186,0.181,0.457,3.889,All
156,Christian Walker,572233,1153.0,1267.0,4980,2322,836,763,1822,602,957,2556.0,0.466,0.168,0.153,0.366,0.121,0.192,0.513,3.931,All
157,Christian Yelich,592885,1012.0,1130.0,4687,2176,717,625,1794,765,778,2128.0,0.464,0.153,0.133,0.383,0.163,0.166,0.454,4.148,All
158,Christopher Morel,666624,376.0,410.0,1564,787,232,313,545,195,279,824.0,0.503,0.148,0.2,0.348,0.125,0.178,0.527,3.815,All
159,Chuckie Robinson,642020,24.0,28.0,94,45,23,16,26,11,15,57.0,0.479,0.245,0.17,0.277,0.117,0.16,0.606,3.357,All
160,Coby Mayo,691723,675.0,747.0,3012,1485,454,415,1073,554,515,1385.0,0.493,0.151,0.138,0.356,0.184,0.171,0.46,4.032,All
161,Coco Montes,663796,10.0,10.0,27,14,7,3,6,10,1,11.0,0.519,0.259,0.111,0.222,0.37,0.037,0.407,2.7,All
162,Cody Bellinger,641355,1084.0,1217.0,4696,2076,921,425,1699,755,891,2242.0,0.442,0.196,0.091,0.362,0.161,0.19,0.477,3.859,All
163,Cody Freeman,683227,198.0,217.0,902,432,169,60,301,201,168,399.0,0.479,0.187,0.067,0.334,0.223,0.186,0.442,4.157,All
164,Colby Thomas,687515,234.0,253.0,923,490,154,195,279,98,196,546.0,0.531,0.167,0.211,0.302,0.106,0.212,0.592,3.648,All
165,Cole Carrigg,694249,329.0,366.0,1435,682,248,188,505,169,321,760.0,0.475,0.173,0.131,0.352,0.118,0.224,0.53,3.921,All
166,Cole Young,702284,798.0,890.0,3444,1571,650,342,1223,599,622,1622.0,0.456,0.189,0.099,0.355,0.174,0.181,0.471,3.87,All
167,Colin Rea,607067,1.0,1.0,5,5,0,0,0,2,3,3.0,1.0,0.0,0.0,0.0,0.4,0.6,0.6,5.0,All
168,Collin Price,805672,12.0,13.0,53,30,6,16,17,10,4,26.0,0.566,0.113,0.302,0.321,0.189,0.075,0.491,4.077,All
169,Colson Montgomery,695657,819.0,914.0,3529,1751,514,637,1264,464,649,1800.0,0.496,0.146,0.181,0.358,0.131,0.184,0.51,3.861,All
170,Colt Emerson,806068,221.0,241.0,964,515,141,176,308,140,196,516.0,0.534,0.146,0.183,0.32,0.145,0.203,0.535,4.0,All
171,Colt Keith,690993,799.0,890.0,3437,1530,618,341,1289,625,564,1523.0,0.445,0.18,0.099,0.375,0.182,0.164,0.443,3.862,All
172,Colton Cowser,681297,668.0,751.0,3164,1560,423,460,1181,611,484,1372.0,0.493,0.134,0.145,0.373,0.193,0.153,0.434,4.213,All
173,Connor Joe,656582,109.0,125.0,544,262,76,49,206,118,95,220.0,0.482,0.14,0.09,0.379,0.217,0.175,0.404,4.352,All
174,Connor Kaiser,663731,18.0,19.0,68,31,13,10,24,12,9,32.0,0.456,0.191,0.147,0.353,0.176,0.132,0.471,3.579,All
175,Connor Norby,681393,638.0,716.0,2707,1294,445,414,968,326,554,1413.0,0.478,0.164,0.153,0.358,0.12,0.205,0.522,3.781,All
176,Connor Wong,657136,377.0,425.0,1643,785,286,195,572,281,302,790.0,0.478,0.174,0.119,0.348,0.171,0.184,0.481,3.866,All
177,Cooper Hummel,669450,88.0,105.0,450,209,58,61,183,79,69,188.0,0.464,0.129,0.136,0.407,0.176,0.153,0.418,4.286,All
178,Cooper Ingle,694876,21.0,24.0,105,58,9,10,38,21,27,46.0,0.552,0.086,0.095,0.362,0.2,0.257,0.438,4.375,All
179,Cooper Pratt,806198,224.0,262.0,1026,479,188,100,359,195,181,472.0,0.467,0.183,0.097,0.35,0.19,0.176,0.46,3.916,All
180,Corbin Carroll,682998,1143.0,1302.0,5130,2352,851,627,1927,792,933,2411.0,0.458,0.166,0.122,0.376,0.154,0.182,0.47,3.94,All
181,Corey Julks,667452,19.0,20.0,75,34,16,8,25,14,12,36.0,0.453,0.213,0.107,0.333,0.187,0.16,0.48,3.75,All
182,Corey Seager,608369,760.0,863.0,3276,1383,575,509,1318,288,586,1670.0,0.422,0.176,0.155,0.402,0.088,0.179,0.51,3.796,All
183,Cristian Pache,665506,8.0,8.0,42,24,4,6,14,8,10,20.0,0.571,0.095,0.143,0.333,0.19,0.238,0.476,5.25,All
184,Curtis Mead,678554,525.0,593.0,2422,1136,400,206,886,479,450,1057.0,0.469,0.165,0.085,0.366,0.198,0.186,0.436,4.084,All
185,D.J. LeMahieu,518934,128.0,142.0,539,246,93,50,200,112,83,227.0,0.456,0.173,0.093,0.371,0.208,0.154,0.421,3.796,All
186,DaShawn Keirsey Jr.,680577,85.0,89.0,349,183,53,46,113,54,78,182.0,0.524,0.152,0.132,0.324,0.155,0.223,0.521,3.921,All
187,Dairon Blanco,680118,6.0,8.0,32,16,6,5,10,5,3,17.0,0.5,0.188,0.156,0.312,0.156,0.094,0.531,4.0,All
188,Dalton Rushing,687221,364.0,406.0,1547,747,235,244,565,247,253,733.0,0.483,0.152,0.158,0.365,0.16,0.164,0.474,3.81,All
189,Dane Myers,667472,598.0,666.0,2626,1240,443,260,943,528,445,1155.0,0.472,0.169,0.099,0.359,0.201,0.169,0.44,3.943,All
190,Daniel Johnson,669288,67.0,74.0,263,118,51,40,94,40,38,129.0,0.449,0.194,0.152,0.357,0.152,0.144,0.49,3.554,All
191,Daniel Schneemann,682177,637.0,703.0,2795,1349,438,402,1008,470,472,1317.0,0.483,0.157,0.144,0.361,0.168,0.169,0.471,3.976,All
192,Daniel Susac,691740,140.0,157.0,576,284,111,76,181,76,125,318.0,0.493,0.193,0.132,0.314,0.132,0.217,0.552,3.669,All
193,Danny Jansen,643376,482.0,560.0,2235,1011,348,242,876,381,386,978.0,0.452,0.156,0.108,0.392,0.17,0.173,0.438,3.991,All
194,Dansby Swanson,621020,1015.0,1126.0,4390,2005,745,656,1640,593,751,2157.0,0.457,0.17,0.149,0.374,0.135,0.171,0.491,3.899,All
195,Darell Hernaiz,687231,310.0,354.0,1332,617,265,150,450,207,258,675.0,0.463,0.199,0.113,0.338,0.155,0.194,0.507,3.763,All
196,Daulton Varsho,662139,732.0,794.0,2993,1417,554,393,1022,370,647,1601.0,0.473,0.185,0.131,0.341,0.124,0.216,0.535,3.77,All
197,David Banuelos,675915,1.0,2.0,8,4,0,3,4,0,1,4.0,0.5,0.0,0.375,0.5,0.0,0.125,0.5,4.0,All
198,David Fry,681807,326.0,366.0,1524,766,210,220,548,255,288,721.0,0.503,0.138,0.144,0.36,0.167,0.189,0.473,4.164,All
199,David Hamilton,666152,513.0,578.0,2274,1070,396,228,808,443,360,1023.0,0.471,0.174,0.1,0.355,0.195,0.158,0.45,3.934,All
200,David Villar,681584,20.0,25.0,95,38,15,13,42,15,10,38.0,0.4,0.158,0.137,0.442,0.158,0.105,0.4,3.8,All
201,Davis Schneider,676914,309.0,379.0,1697,797,202,209,698,305,283,694.0,0.47,0.119,0.123,0.411,0.18,0.167,0.409,4.478,All
202,Davis Wendzel,673995,4.0,4.0,24,11,4,3,9,1,7,14.0,0.458,0.167,0.125,0.375,0.042,0.292,0.583,6.0,All
203,Daylen Lile,695734,919.0,999.0,3689,1694,748,441,1247,440,808,2000.0,0.459,0.203,0.12,0.338,0.119,0.219,0.542,3.693,All
204,Daz Cameron,663662,65.0,67.0,254,128,46,32,80,39,57,135.0,0.504,0.181,0.126,0.315,0.154,0.224,0.531,3.791,All
205,Denzel Clarke,672016,222.0,244.0,982,484,138,147,360,172,155,450.0,0.493,0.141,0.15,0.367,0.175,0.158,0.458,4.025,All
206,Denzer Guzman,694203,321.0,343.0,1294,639,225,196,430,177,263,687.0,0.494,0.174,0.151,0.332,0.137,0.203,0.531,3.773,All
207,Derek Hill,656537,333.0,365.0,1410,722,222,245,466,203,261,741.0,0.512,0.157,0.174,0.33,0.144,0.185,0.526,3.863,All
208,Deyvison De Los Santos,691277,38.0,39.0,158,78,28,25,52,28,25,78.0,0.494,0.177,0.158,0.329,0.177,0.158,0.494,4.051,All
209,Dillon Dingler,693307,986.0,1074.0,4139,1982,743,469,1414,724,787,2000.0,0.479,0.18,0.113,0.342,0.175,0.19,0.483,3.854,All
210,Dom Nunez,624513,7.0,7.0,28,16,3,6,9,9,1,10.0,0.571,0.107,0.214,0.321,0.321,0.036,0.357,4.0,All
211,Dominic Canzone,686527,717.0,795.0,3026,1426,553,392,1047,508,525,1471.0,0.471,0.183,0.13,0.346,0.168,0.173,0.486,3.806,All
212,Dominic Fletcher,666150,32.0,34.0,130,60,30,8,40,22,30,68.0,0.462,0.231,0.062,0.308,0.169,0.231,0.523,3.824,All
213,Dominic Smith,642086,468.0,518.0,1989,899,389,211,701,318,370,970.0,0.452,0.196,0.106,0.352,0.16,0.186,0.488,3.84,All
214,Donovan Solano,456781,166.0,179.0,704,359,128,96,217,123,140,364.0,0.51,0.182,0.136,0.308,0.175,0.199,0.517,3.933,All
215,Donovan Walton,622268,236.0,275.0,1042,457,194,139,391,121,195,530.0,0.439,0.186,0.133,0.375,0.116,0.187,0.509,3.789,All
216,Drake Baldwin,686948,949.0,1054.0,4118,1903,754,461,1461,580,862,2077.0,0.462,0.183,0.112,0.355,0.141,0.209,0.504,3.907,All
217,Drew Avans,682183,17.0,18.0,79,45,12,8,22,10,26,47.0,0.57,0.152,0.101,0.278,0.127,0.329,0.595,4.389,All
218,Drew Cavanaugh,701852,140.0,162.0,641,305,97,87,239,104,114,298.0,0.476,0.151,0.136,0.373,0.162,0.178,0.465,3.957,All
219,Drew Gilbert,687551,435.0,493.0,1944,857,352,193,735,376,284,833.0,0.441,0.181,0.099,0.378,0.193,0.146,0.428,3.943,All
220,Drew Millas,686452,179.0,207.0,794,377,139,79,278,156,138,360.0,0.475,0.175,0.099,0.35,0.196,0.174,0.453,3.836,All
221,Drew Romo,691011,180.0,206.0,741,341,133,120,267,94,125,380.0,0.46,0.179,0.162,0.36,0.127,0.169,0.513,3.597,All
222,Drew Waters,671221,206.0,219.0,795,395,146,136,254,92,164,449.0,0.497,0.184,0.171,0.319,0.116,0.206,0.565,3.63,All
223,Dustin Harris,687957,168.0,190.0,696,322,140,72,234,118,131,344.0,0.463,0.201,0.103,0.336,0.17,0.188,0.494,3.663,All
224,Dylan Beavers,687637,434.0,499.0,2122,989,302,212,831,432,337,859.0,0.466,0.142,0.1,0.392,0.204,0.159,0.405,4.253,All
225,Dylan Carlson,666185,221.0,245.0,1041,486,166,108,389,184,191,468.0,0.467,0.159,0.104,0.374,0.177,0.183,0.45,4.249,All
226,Dylan Crews,686611,693.0,761.0,2769,1278,512,417,979,401,458,1388.0,0.462,0.185,0.151,0.354,0.145,0.165,0.501,3.639,All
227,Dylan Moore,664238,231.0,258.0,1091,554,146,174,391,174,204,526.0,0.508,0.134,0.159,0.358,0.159,0.187,0.482,4.229,All
228,Eddie Rosario,592696,8.0,8.0,23,11,6,6,6,2,3,15.0,0.478,0.261,0.261,0.261,0.087,0.13,0.652,2.875,All
229,Eddys Leonard,678760,8.0,8.0,38,20,6,8,12,4,8,22.0,0.526,0.158,0.211,0.316,0.105,0.211,0.579,4.75,All
230,Edgar Quero,700337,552.0,620.0,2421,1072,447,241,902,372,455,1146.0,0.443,0.185,0.1,0.373,0.154,0.188,0.473,3.905,All
231,Edmundo Sosa,624641,470.0,507.0,1835,965,370,287,500,252,426,1083.0,0.526,0.202,0.156,0.272,0.137,0.232,0.59,3.619,All
232,Edouard Julien,666397,418.0,484.0,2015,902,288,202,825,372,326,818.0,0.448,0.143,0.1,0.409,0.185,0.162,0.406,4.163,All
233,Eduardo Valencia,680664,125.0,134.0,524,255,94,75,175,70,110,279.0,0.487,0.179,0.143,0.334,0.134,0.21,0.532,3.91,All
234,Edwin Arroyo,695490,148.0,160.0,574,279,113,89,182,60,124,332.0,0.486,0.197,0.155,0.317,0.105,0.216,0.578,3.588,All
235,Eli White,642201,444.0,470.0,1790,879,333,248,578,269,357,943.0,0.491,0.186,0.139,0.323,0.15,0.199,0.527,3.809,All
236,Elias Diaz,553869,472.0,518.0,1995,983,353,333,659,274,371,1062.0,0.493,0.177,0.167,0.33,0.137,0.186,0.532,3.851,All
237,Eliezer Alfonzo,672613,28.0,28.0,94,41,25,7,28,15,19,51.0,0.436,0.266,0.074,0.298,0.16,0.202,0.543,3.357,All
238,Elly De La Cruz,682829,1184.0,1320.0,5293,2423,834,683,2036,985,755,2272.0,0.458,0.158,0.129,0.385,0.186,0.143,0.429,4.01,All
239,Eloy Jimenez,650391,31.0,35.0,130,59,25,20,46,17,22,67.0,0.454,0.192,0.154,0.354,0.131,0.169,0.515,3.714,All
240,Emmanuel Rivera,656896,120.0,127.0,476,223,96,72,157,68,83,251.0,0.468,0.202,0.151,0.33,0.143,0.174,0.527,3.748,All
241,Emmanuel Rodriguez,691181,45.0,48.0,178,91,29,29,58,33,29,87.0,0.511,0.163,0.163,0.326,0.185,0.163,0.489,3.708,All
242,Endy Rodriguez,682848,187.0,216.0,817,380,132,94,305,144,141,368.0,0.465,0.162,0.115,0.373,0.176,0.173,0.45,3.782,All
243,Enmanuel Valdez,665839,91.0,102.0,393,185,75,37,133,88,60,172.0,0.471,0.191,0.094,0.338,0.224,0.153,0.438,3.853,All
244,Enrique Hernandez,571771,320.0,350.0,1372,670,230,198,472,194,277,706.0,0.488,0.168,0.144,0.344,0.141,0.202,0.515,3.92,All
245,Eric Haase,606992,144.0,161.0,656,348,89,117,219,123,106,313.0,0.53,0.136,0.178,0.334,0.188,0.162,0.477,4.075,All
246,Eric Wagaman,676572,523.0,566.0,2176,988,416,243,772,424,321,980.0,0.454,0.191,0.112,0.355,0.195,0.148,0.45,3.845,All
247,Ernie Clement,676391,1132.0,1205.0,3781,1600,1032,312,1149,532,752,2100.0,0.423,0.273,0.083,0.304,0.141,0.199,0.555,3.138,All
248,Esmerlyn Valdez,699013,241.0,287.0,1267,602,136,210,529,215,177,523.0,0.475,0.107,0.166,0.418,0.17,0.14,0.413,4.415,All
249,Esteury Ruiz,665923,231.0,274.0,1093,542,145,180,406,158,190,529.0,0.496,0.133,0.165,0.371,0.145,0.174,0.484,3.989,All
250,Ethan Salas,806956,39.0,40.0,149,71,30,14,48,29,28,72.0,0.477,0.201,0.094,0.322,0.195,0.188,0.483,3.725,All
251,Eugenio Suarez,553993,1022.0,1152.0,4645,2316,667,754,1662,733,829,2250.0,0.499,0.144,0.162,0.358,0.158,0.178,0.484,4.032,All
252,Evan Carter,694497,585.0,672.0,2650,1211,440,315,999,525,359,1126.0,0.457,0.166,0.119,0.377,0.198,0.135,0.425,3.943,All
253,Everson Pereira,677592,163.0,184.0,711,348,101,148,262,88,110,361.0,0.489,0.142,0.208,0.368,0.124,0.155,0.508,3.864,All
254,Ezequiel Duran,677649,740.0,812.0,3136,1554,554,422,1028,463,643,1645.0,0.496,0.177,0.135,0.328,0.148,0.205,0.525,3.862,All
255,Ezequiel Tovar,678662,821.0,892.0,3342,1715,613,613,1014,292,794,2036.0,0.513,0.183,0.183,0.303,0.087,0.238,0.609,3.747,All
256,Felix Reyes,694025,38.0,38.0,118,59,29,19,30,19,21,69.0,0.5,0.246,0.161,0.254,0.161,0.178,0.585,3.105,All
257,Fernando Tatis Jr.,665487,1220.0,1382.0,5195,2163,970,630,2062,756,765,2377.0,0.416,0.187,0.121,0.397,0.146,0.147,0.458,3.759,All
258,Francisco Alvarez,682626,619.0,696.0,2872,1359,419,454,1094,471,434,1307.0,0.473,0.146,0.158,0.381,0.164,0.151,0.455,4.126,All
259,Francisco Lindor,596019,1058.0,1194.0,4896,2253,839,519,1804,788,935,2304.0,0.46,0.171,0.106,0.368,0.161,0.191,0.471,4.101,All
260,Freddie Freeman,518692,1132.0,1271.0,5101,2286,901,650,1914,596,1040,2591.0,0.448,0.177,0.127,0.375,0.117,0.204,0.508,4.013,All
261,Freddy Fermin,666023,548.0,607.0,2379,1141,441,310,797,330,479,1250.0,0.48,0.185,0.13,0.335,0.139,0.201,0.525,3.919,All
262,Gabriel Arias,672356,571.0,616.0,2351,1225,354,550,772,262,411,1317.0,0.521,0.151,0.234,0.328,0.111,0.175,0.56,3.817,All
263,Gabriel Gonzalez,694224,8.0,11.0,43,20,6,4,17,3,13,23.0,0.465,0.14,0.093,0.395,0.07,0.302,0.535,3.909,All
264,Gabriel Moreno,672515,750.0,855.0,3705,1703,629,256,1373,772,674,1560.0,0.46,0.17,0.069,0.371,0.208,0.182,0.421,4.333,All
265,Gabriel Rincones Jr.,687282,84.0,89.0,344,188,56,60,100,46,82,198.0,0.547,0.163,0.174,0.291,0.134,0.238,0.576,3.865,All
266,Gage Workman,669398,57.0,58.0,202,110,33,47,59,22,40,121.0,0.545,0.163,0.233,0.292,0.109,0.198,0.599,3.483,All
267,Garrett Hampson,641658,77.0,91.0,381,188,51,34,142,88,63,151.0,0.493,0.134,0.089,0.373,0.231,0.165,0.396,4.187,All
268,Garrett Mitchell,669003,526.0,602.0,2430,1141,340,376,949,415,344,1066.0,0.47,0.14,0.155,0.391,0.171,0.142,0.439,4.037,All
269,Garrett Stubbs,596117,60.0,66.0,240,113,46,25,81,32,54,127.0,0.471,0.192,0.104,0.338,0.133,0.225,0.529,3.636,All
270,Gary Sanchez,596142,312.0,371.0,1551,701,229,161,621,348,192,582.0,0.452,0.148,0.104,0.4,0.224,0.124,0.375,4.181,All
271,Gavin Lux,666158,446.0,503.0,2052,910,333,189,809,367,352,876.0,0.443,0.162,0.092,0.394,0.179,0.172,0.427,4.08,All
272,Gavin Sheets,657757,853.0,961.0,4078,1925,667,397,1486,793,731,1799.0,0.472,0.164,0.097,0.364,0.194,0.179,0.441,4.243,All
273,George Lombard Jr.,806146,152.0,166.0,653,309,111,78,233,115,113,305.0,0.473,0.17,0.119,0.357,0.176,0.173,0.467,3.934,All
274,George Springer,543807,958.0,1098.0,4331,1904,759,506,1668,621,774,2042.0,0.44,0.175,0.117,0.385,0.143,0.179,0.471,3.944,All
275,George Valera,671655,78.0,86.0,323,144,57,40,122,49,55,152.0,0.446,0.176,0.124,0.378,0.152,0.17,0.471,3.756,All
276,Geraldo Perdomo,672695,1157.0,1395.0,5876,2547,1023,275,2306,1262,974,2308.0,0.433,0.174,0.047,0.392,0.215,0.166,0.393,4.212,All
277,Giancarlo Stanton,519317,339.0,374.0,1598,762,215,255,621,301,206,676.0,0.477,0.135,0.16,0.389,0.188,0.129,0.423,4.273,All
278,Gino Groover,694410,48.0,54.0,208,97,37,14,74,47,36,87.0,0.466,0.178,0.067,0.356,0.226,0.173,0.418,3.852,All
279,Gio Urshela,570482,181.0,197.0,717,345,144,120,228,90,135,399.0,0.481,0.201,0.167,0.318,0.126,0.188,0.556,3.64,All
280,Gleyber Torres,650402,890.0,1045.0,4437,1884,717,379,1836,772,733,1829.0,0.425,0.162,0.085,0.414,0.174,0.165,0.412,4.246,All
281,Graham Pauley,688363,299.0,334.0,1292,592,231,154,469,207,229,616.0,0.458,0.179,0.119,0.363,0.16,0.177,0.477,3.868,All
282,Grant McCray,687529,98.0,115.0,487,233,65,74,189,82,71,216.0,0.478,0.133,0.152,0.388,0.168,0.146,0.444,4.235,All
283,Greg Allen,656185,14.0,14.0,52,27,9,12,16,7,7,29.0,0.519,0.173,0.231,0.308,0.135,0.135,0.558,3.714,All
284,Greg Jones,675659,25.0,26.0,90,52,14,21,24,16,14,50.0,0.578,0.156,0.233,0.267,0.178,0.156,0.556,3.462,All
285,Griffin Conine,665052,359.0,405.0,1556,750,241,278,565,240,230,749.0,0.482,0.155,0.179,0.363,0.154,0.148,0.481,3.842,All
286,Gunnar Henderson,683002,1200.0,1344.0,5300,2441,914,606,1945,840,990,2515.0,0.461,0.172,0.114,0.367,0.158,0.187,0.475,3.943,All
287,Gustavo Campero,672569,69.0,78.0,324,155,52,47,117,44,59,163.0,0.478,0.16,0.145,0.361,0.136,0.182,0.503,4.154,All
288,Ha-Seong Kim,673490,295.0,330.0,1386,673,224,99,489,325,244,572.0,0.486,0.162,0.071,0.353,0.234,0.176,0.413,4.2,All
289,Hao Yu Lee,701678,326.0,359.0,1373,633,245,173,495,235,225,643.0,0.461,0.178,0.126,0.361,0.171,0.164,0.468,3.825,All
290,Harrison Bader,664056,554.0,612.0,2362,1153,388,341,821,387,424,1154.0,0.488,0.164,0.144,0.348,0.164,0.18,0.489,3.859,All
291,Harry Ford,695670,103.0,122.0,542,245,73,64,224,84,96,233.0,0.452,0.135,0.118,0.413,0.155,0.177,0.43,4.443,All
292,Hayden Senger,663584,87.0,95.0,308,160,65,57,83,52,48,173.0,0.519,0.211,0.185,0.269,0.169,0.156,0.562,3.242,All
293,Hector Rodriguez,699302,140.0,148.0,539,271,101,83,167,72,116,300.0,0.503,0.187,0.154,0.31,0.134,0.215,0.557,3.642,All
294,Heliot Ramos,671218,1024.0,1133.0,4399,2103,753,577,1543,714,812,2142.0,0.478,0.171,0.131,0.351,0.162,0.185,0.487,3.883,All
295,Henry Bolte,703607,411.0,469.0,1756,831,282,289,643,235,305,878.0,0.473,0.161,0.165,0.366,0.134,0.174,0.5,3.744,All
296,Henry Davis,680779,508.0,581.0,2190,1055,380,323,755,250,461,1185.0,0.482,0.174,0.147,0.345,0.114,0.211,0.541,3.769,All
297,Heriberto Hernandez,681715,700.0,794.0,3139,1412,495,472,1232,492,447,1414.0,0.45,0.158,0.15,0.392,0.157,0.142,0.45,3.953,All
298,Heston Kjerstad,677008,175.0,186.0,687,347,122,116,218,80,151,389.0,0.505,0.178,0.169,0.317,0.116,0.22,0.566,3.694,All
299,Hunter Feduccia,676439,301.0,351.0,1477,681,220,153,576,268,255,633.0,0.461,0.149,0.104,0.39,0.181,0.173,0.429,4.208,All
300,Hunter Goodman,696100,1055.0,1146.0,4307,2104,736,776,1467,488,840,2352.0,0.489,0.171,0.18,0.341,0.113,0.195,0.546,3.758,All
301,Hunter Renfroe,592669,99.0,108.0,391,158,79,40,154,65,53,172.0,0.404,0.202,0.102,0.394,0.166,0.136,0.44,3.62,All
302,Hyeseong Kim,808975,277.0,301.0,1175,607,197,171,371,226,207,578.0,0.517,0.168,0.146,0.316,0.192,0.176,0.492,3.904,All
303,Ian Happ,664023,1110.0,1288.0,5440,2522,780,644,2138,945,929,2357.0,0.464,0.143,0.118,0.393,0.174,0.171,0.433,4.224,All
304,Ildemaro Vargas,545121,568.0,605.0,2145,966,509,172,670,394,384,1079.0,0.45,0.237,0.08,0.312,0.184,0.179,0.503,3.545,All
305,Isaac Collins,686555,810.0,956.0,3845,1709,610,353,1526,720,619,1598.0,0.444,0.159,0.092,0.397,0.187,0.161,0.416,4.022,All
306,Isaac Paredes,670623,937.0,1093.0,4849,2184,782,316,1883,911,956,2054.0,0.45,0.161,0.065,0.388,0.188,0.197,0.424,4.436,All
307,Isiah Kiner-Falefa,643396,592.0,642.0,2294,1058,497,177,739,437,435,1118.0,0.461,0.217,0.077,0.322,0.19,0.19,0.487,3.573,All
308,Ivan Herrera,671056,990.0,1159.0,4686,2141,778,452,1767,839,847,2079.0,0.457,0.166,0.096,0.377,0.179,0.181,0.444,4.043,All
309,Ivan Johnson,671155,16.0,19.0,72,35,9,16,28,12,7,32.0,0.486,0.125,0.222,0.389,0.167,0.097,0.444,3.789,All
310,J.C. Escarra,641555,169.0,190.0,747,317,140,78,290,127,112,330.0,0.424,0.187,0.104,0.388,0.17,0.15,0.442,3.932,All
311,J.D. Davis,605204,9.0,9.0,31,18,6,9,7,4,5,20.0,0.581,0.194,0.29,0.226,0.129,0.161,0.645,3.444,All
312,J.P. Crawford,641487,979.0,1137.0,4794,2130,774,384,1890,887,847,2017.0,0.444,0.161,0.08,0.394,0.185,0.177,0.421,4.216,All
313,J.T. Realmuto,592663,912.0,1012.0,4034,1913,693,466,1428,680,766,1926.0,0.474,0.172,0.116,0.354,0.169,0.19,0.477,3.986,All
314,JJ Bleday,668709,769.0,882.0,3463,1560,562,438,1341,544,570,1578.0,0.45,0.162,0.126,0.387,0.157,0.165,0.456,3.926,All
315,JJ Wetherholt,802139,537.0,617.0,2460,1044,435,208,981,450,380,1029.0,0.424,0.177,0.085,0.399,0.183,0.154,0.418,3.987,All
316,Jac Caglianone,695506,718.0,779.0,2817,1338,524,429,955,360,549,1502.0,0.475,0.186,0.152,0.339,0.128,0.195,0.533,3.616,All
317,Jace Jung,690291,55.0,65.0,261,130,37,27,94,43,59,124.0,0.498,0.142,0.103,0.36,0.165,0.226,0.475,4.015,All
318,Jack Brannigan,687394,1.0,1.0,3,3,0,3,0,0,0,3.0,1.0,0.0,1.0,0.0,0.0,0.0,1.0,3.0,All
319,Jack Leiter,683004,1.0,1.0,3,3,0,1,0,2,0,1.0,1.0,0.0,0.333,0.0,0.667,0.0,0.333,3.0,All
320,Jack Suwinski,669261,150.0,176.0,806,374,93,103,339,146,125,321.0,0.464,0.115,0.128,0.421,0.181,0.155,0.398,4.58,All
321,Jack Winkler,676466,16.0,16.0,75,39,12,10,24,13,16,38.0,0.52,0.16,0.133,0.32,0.173,0.213,0.507,4.688,All
322,Jackson Chourio,694192,1067.0,1152.0,4306,2062,821,556,1423,717,785,2166.0,0.479,0.191,0.129,0.33,0.167,0.182,0.503,3.738,All
323,Jackson Holliday,702616,901.0,1000.0,3798,1707,683,444,1408,634,622,1756.0,0.449,0.18,0.117,0.371,0.167,0.164,0.462,3.798,All
324,Jackson Merrill,701538,1054.0,1142.0,4259,2034,798,663,1427,413,953,2419.0,0.478,0.187,0.156,0.335,0.097,0.224,0.568,3.729,All
325,Jacob Amaya,676070,66.0,73.0,269,125,54,21,90,72,32,107.0,0.465,0.201,0.078,0.335,0.268,0.119,0.398,3.685,All
326,Jacob Gonzalez,694378,206.0,223.0,870,429,166,100,275,109,216,485.0,0.493,0.191,0.115,0.316,0.125,0.248,0.557,3.901,All
327,Jacob Hurtubise,674441,12.0,15.0,62,34,6,7,22,13,13,27.0,0.548,0.097,0.113,0.355,0.21,0.21,0.435,4.133,All
328,Jacob Melton,689200,70.0,78.0,334,174,41,54,119,63,57,152.0,0.521,0.123,0.162,0.356,0.189,0.171,0.455,4.282,All
329,Jacob Stallings,607732,119.0,129.0,480,250,80,90,150,63,96,267.0,0.521,0.167,0.188,0.312,0.131,0.2,0.556,3.721,All
330,Jacob Wilson,805779,806.0,859.0,2872,1245,733,177,894,478,589,1500.0,0.433,0.255,0.062,0.311,0.166,0.205,0.522,3.343,All
331,Jacob Young,696285,741.0,831.0,3096,1397,616,261,1083,657,450,1356.0,0.451,0.199,0.084,0.35,0.212,0.145,0.438,3.726,All
332,Jahmai Jones,663330,287.0,328.0,1282,580,197,187,505,172,219,605.0,0.452,0.154,0.146,0.394,0.134,0.171,0.472,3.909,All
333,Jair Camargo,665856,2.0,2.0,7,4,1,2,2,1,1,4.0,0.571,0.143,0.286,0.286,0.143,0.143,0.571,3.5,All
334,Jake Bauers,641343,656.0,787.0,3302,1482,446,392,1374,572,516,1356.0,0.449,0.135,0.119,0.416,0.173,0.156,0.411,4.196,All
335,Jake Burger,669394,908.0,992.0,3640,1774,657,605,1209,552,617,1879.0,0.487,0.18,0.166,0.332,0.152,0.17,0.516,3.669,All
336,Jake Cronenworth,630105,794.0,934.0,3903,1824,605,343,1474,707,755,1722.0,0.467,0.155,0.088,0.378,0.181,0.193,0.441,4.179,All
337,Jake Fraley,641584,279.0,313.0,1245,559,201,138,485,181,239,579.0,0.449,0.161,0.111,0.39,0.145,0.192,0.465,3.978,All
338,Jake Mangum,663968,837.0,902.0,3169,1596,688,383,885,385,809,1899.0,0.504,0.217,0.121,0.279,0.121,0.255,0.599,3.513,All
339,Jake McCarthy,664983,750.0,813.0,2795,1252,628,322,915,350,544,1529.0,0.448,0.225,0.115,0.327,0.125,0.195,0.547,3.438,All
340,Jake Meyers,676694,484.0,534.0,1886,817,391,195,678,290,324,918.0,0.433,0.207,0.103,0.359,0.154,0.172,0.487,3.532,All
341,Jake Rogers,668670,266.0,313.0,1258,600,183,145,475,241,209,542.0,0.477,0.145,0.115,0.378,0.192,0.166,0.431,4.019,All
342,Jakob Marsee,805300,725.0,849.0,3265,1422,559,249,1284,629,524,1352.0,0.436,0.171,0.076,0.393,0.193,0.16,0.414,3.846,All
343,James McCann,543510,275.0,299.0,1106,539,205,169,362,186,179,558.0,0.487,0.185,0.153,0.327,0.168,0.162,0.505,3.699,All
344,James Outman,681546,291.0,318.0,1296,667,157,264,472,183,216,641.0,0.515,0.121,0.204,0.364,0.141,0.167,0.495,4.075,All
345,James Triantos,701649,8.0,9.0,22,10,6,3,6,6,1,10.0,0.455,0.273,0.136,0.273,0.273,0.045,0.455,2.444,All
346,James Wood,695578,1108.0,1290.0,5511,2503,717,673,2291,1087,743,2133.0,0.454,0.13,0.122,0.416,0.197,0.135,0.387,4.272,All
347,Jared Oliva,666931,7.0,7.0,27,14,6,6,7,4,4,16.0,0.519,0.222,0.222,0.259,0.148,0.148,0.593,3.857,All
348,Jared Serna,691858,26.0,29.0,108,53,19,16,36,14,23,58.0,0.491,0.176,0.148,0.333,0.13,0.213,0.537,3.724,All
349,Jared Triolo,669707,654.0,736.0,2792,1277,514,295,1001,502,460,1289.0,0.457,0.184,0.106,0.359,0.18,0.165,0.462,3.793,All
350,Jared Young,676724,351.0,389.0,1522,674,276,185,572,226,261,724.0,0.443,0.181,0.122,0.376,0.148,0.171,0.476,3.913,All
351,Jarred Kelenic,672284,133.0,148.0,584,288,79,114,217,89,84,278.0,0.493,0.135,0.195,0.372,0.152,0.144,0.476,3.946,All
352,Jarren Duran,680776,1169.0,1298.0,4870,2277,849,744,1744,751,775,2375.0,0.468,0.174,0.153,0.358,0.154,0.159,0.488,3.752,All
353,Jase Bowen,687749,93.0,99.0,351,193,55,68,103,65,51,183.0,0.55,0.157,0.194,0.293,0.185,0.145,0.521,3.545,All
354,Jason Heyward,518792,85.0,95.0,347,161,68,43,118,68,49,161.0,0.464,0.196,0.124,0.34,0.196,0.141,0.464,3.653,All
355,Jasson Dominguez,691176,590.0,650.0,2521,1166,431,336,924,324,506,1273.0,0.463,0.171,0.133,0.367,0.129,0.201,0.505,3.878,All
356,Javier Baez,595879,604.0,633.0,2235,1121,458,375,656,349,396,1230.0,0.502,0.205,0.168,0.294,0.156,0.177,0.55,3.531,All
357,Javier Sanoja,691594,770.0,826.0,2875,1277,700,173,898,544,541,1432.0,0.444,0.243,0.06,0.312,0.189,0.188,0.498,3.481,All
358,Jazz Chisholm,665862,934.0,1058.0,4318,2042,637,631,1639,680,720,1999.0,0.473,0.148,0.146,0.38,0.157,0.167,0.463,4.081,All
359,Jeferson Quero,691620,1.0,2.0,8,2,1,1,5,1,0,2.0,0.25,0.125,0.125,0.625,0.125,0.0,0.25,4.0,All
360,Jeff McNeil,643446,873.0,973.0,3510,1545,770,318,1195,350,871,1965.0,0.44,0.219,0.091,0.34,0.1,0.248,0.56,3.607,All
361,Jeimer Candelario,600869,98.0,111.0,458,234,63,83,161,65,86,232.0,0.511,0.138,0.181,0.352,0.142,0.188,0.507,4.126,All
362,Jerar Encarnacion,666464,89.0,91.0,344,183,66,48,95,72,63,177.0,0.532,0.192,0.14,0.276,0.209,0.183,0.515,3.78,All
363,Jeremiah Jackson,669236,447.0,475.0,1770,863,332,291,575,220,347,974.0,0.488,0.188,0.164,0.325,0.124,0.196,0.55,3.726,All
364,Jeremy Pena,665161,935.0,1018.0,3535,1628,733,554,1174,487,586,1874.0,0.461,0.207,0.157,0.332,0.138,0.166,0.53,3.472,All
365,Jesse Winker,608385,69.0,79.0,317,144,51,31,122,52,60,143.0,0.454,0.161,0.098,0.385,0.164,0.189,0.451,4.013,All
366,Jesus Rodriguez,683679,51.0,58.0,209,93,44,27,72,27,38,110.0,0.445,0.211,0.129,0.344,0.129,0.182,0.526,3.603,All
367,Jesus Sanchez,660821,735.0,810.0,3123,1446,557,424,1120,420,599,1583.0,0.463,0.178,0.136,0.359,0.134,0.192,0.507,3.856,All
368,Jhonkensy Noel,678877,148.0,153.0,563,305,97,119,161,59,127,343.0,0.542,0.172,0.211,0.286,0.105,0.226,0.609,3.68,All
369,Jhonny Pereda,640902,156.0,175.0,748,351,118,85,279,128,136,340.0,0.469,0.158,0.114,0.373,0.171,0.182,0.455,4.274,All
370,Jhostynxon Garcia,691373,55.0,59.0,218,119,34,44,65,29,46,124.0,0.546,0.156,0.202,0.298,0.133,0.211,0.569,3.695,All
371,Ji Hwan Bae,678225,22.0,29.0,115,55,13,22,47,13,17,55.0,0.478,0.113,0.191,0.409,0.113,0.148,0.478,3.966,All
372,Jim Jarvis,805347,111.0,124.0,457,199,92,38,166,89,71,202.0,0.435,0.201,0.083,0.363,0.195,0.155,0.442,3.685,All
373,Jimmy Crooks III,699625,179.0,195.0,764,388,115,121,261,122,145,381.0,0.508,0.151,0.158,0.342,0.16,0.19,0.499,3.918,All
374,Jo Adell,666176,1126.0,1228.0,4785,2313,824,718,1648,604,990,2532.0,0.483,0.172,0.15,0.344,0.126,0.207,0.529,3.897,All
375,Joc Pederson,592626,639.0,736.0,2969,1370,476,381,1123,487,497,1359.0,0.461,0.16,0.128,0.378,0.164,0.167,0.458,4.034,All
376,Joe Mack,691788,303.0,330.0,1284,596,227,156,461,207,225,616.0,0.464,0.177,0.121,0.359,0.161,0.175,0.48,3.891,All
377,Joey Bart,663698,397.0,460.0,1835,834,270,220,731,329,285,775.0,0.454,0.147,0.12,0.398,0.179,0.155,0.422,3.989,All
378,Joey Loperfido,694388,199.0,224.0,858,420,143,133,295,128,158,435.0,0.49,0.167,0.155,0.344,0.149,0.184,0.507,3.83,All
379,Joey Meneses,608841,20.0,25.0,76,29,17,8,30,12,9,34.0,0.382,0.224,0.105,0.395,0.158,0.118,0.447,3.04,All
380,Joey Ortiz,687401,842.0,921.0,3480,1665,700,283,1115,767,593,1596.0,0.478,0.201,0.081,0.32,0.22,0.17,0.459,3.779,All
381,Joey Wiemer,686894,125.0,143.0,554,281,75,84,198,97,100,259.0,0.507,0.135,0.152,0.357,0.175,0.181,0.468,3.874,All
382,Johan Rojas,679032,152.0,172.0,625,311,119,81,195,102,115,328.0,0.498,0.19,0.13,0.312,0.163,0.184,0.525,3.634,All
383,John Peck,807726,65.0,77.0,272,127,50,39,95,34,53,143.0,0.467,0.184,0.143,0.349,0.125,0.195,0.526,3.532,All
384,John Rave,670231,295.0,336.0,1388,642,216,142,530,272,219,586.0,0.463,0.156,0.102,0.382,0.196,0.158,0.422,4.131,All
385,Johnathan Rodriguez,671286,82.0,92.0,389,184,55,62,150,65,57,174.0,0.473,0.141,0.159,0.386,0.167,0.147,0.447,4.228,All
386,Jon Berti,542932,100.0,107.0,391,170,78,49,143,62,58,186.0,0.435,0.199,0.125,0.366,0.159,0.148,0.476,3.654,All
387,Jon Singleton,572138,9.0,9.0,25,9,8,2,8,4,3,13.0,0.36,0.32,0.08,0.32,0.16,0.12,0.52,2.778,All
388,Jonah Bride,681146,117.0,130.0,578,272,77,48,229,157,67,192.0,0.471,0.133,0.083,0.396,0.272,0.116,0.332,4.446,All
389,Jonah Cox,813841,147.0,165.0,623,330,91,122,202,96,106,325.0,0.53,0.146,0.196,0.324,0.154,0.17,0.522,3.776,All
390,Jonah Heim,641680,753.0,823.0,3161,1472,603,360,1086,503,605,1572.0,0.466,0.191,0.114,0.344,0.159,0.191,0.497,3.841,All
391,Jonatan Clase,682729,122.0,137.0,553,261,87,71,205,92,85,256.0,0.472,0.157,0.128,0.371,0.166,0.154,0.463,4.036,All
392,Jonathan Aranda,666018,948.0,1082.0,4389,2102,690,488,1597,712,902,2080.0,0.479,0.157,0.111,0.364,0.162,0.206,0.474,4.056,All
393,Jonathan India,663697,545.0,624.0,2596,1183,429,209,984,568,401,1044.0,0.456,0.165,0.081,0.379,0.219,0.154,0.402,4.16,All
394,Jonathan Ornelas,680716,30.0,32.0,130,76,16,24,38,20,32,72.0,0.585,0.123,0.185,0.292,0.154,0.246,0.554,4.062,All
395,Jonny DeLuca,676356,403.0,425.0,1549,740,315,199,494,242,294,813.0,0.478,0.203,0.128,0.319,0.156,0.19,0.525,3.645,All
396,Jorbit Vivas,678391,367.0,430.0,1564,661,308,149,595,194,316,774.0,0.423,0.197,0.095,0.38,0.124,0.202,0.495,3.637,All
397,Jordan Beck,687597,700.0,763.0,3025,1504,474,458,1047,508,529,1470.0,0.497,0.157,0.151,0.346,0.168,0.175,0.486,3.965,All
398,Jordan Lawlar,691783,187.0,207.0,808,385,124,107,299,143,129,366.0,0.476,0.153,0.132,0.37,0.177,0.16,0.453,3.903,All
399,Jordan Walker,691023,969.0,1057.0,3929,1904,674,672,1351,573,658,2004.0,0.485,0.172,0.171,0.344,0.146,0.167,0.51,3.717,All
400,Jordan Westburg,676059,327.0,351.0,1300,603,249,192,448,199,212,653.0,0.464,0.192,0.148,0.345,0.153,0.163,0.502,3.704,All
401,Jordyn Adams,677941,5.0,5.0,14,8,3,5,3,2,1,9.0,0.571,0.214,0.357,0.214,0.143,0.071,0.643,2.8,All
402,Jorge Alfaro,595751,39.0,39.0,136,81,25,33,30,11,37,95.0,0.596,0.184,0.243,0.221,0.081,0.272,0.699,3.487,All
403,Jorge Barrosa,678489,215.0,250.0,1069,524,160,129,385,199,181,485.0,0.49,0.15,0.121,0.36,0.186,0.169,0.454,4.276,All
404,Jorge Mateo,622761,283.0,301.0,1167,623,186,203,358,176,235,633.0,0.534,0.159,0.174,0.307,0.151,0.201,0.542,3.877,All
405,Jorge Polanco,593871,606.0,668.0,2588,1133,497,279,958,439,414,1191.0,0.438,0.192,0.108,0.37,0.17,0.16,0.46,3.874,All
406,Jorge Soler,624585,596.0,676.0,2746,1315,390,427,1041,443,445,1262.0,0.479,0.142,0.155,0.379,0.161,0.162,0.46,4.062,All
407,Jose Altuve,514888,1107.0,1216.0,4332,1972,897,455,1463,722,769,2147.0,0.455,0.207,0.105,0.338,0.167,0.178,0.496,3.562,All
408,Jose Azocar,640492,36.0,39.0,136,62,31,13,43,21,28,72.0,0.456,0.228,0.096,0.316,0.154,0.206,0.529,3.487,All
409,Jose Barrero,676480,35.0,37.0,148,82,23,23,43,23,36,82.0,0.554,0.155,0.155,0.291,0.155,0.243,0.554,4.0,All
410,Jose Caballero,676609,725.0,823.0,3357,1645,531,443,1181,554,614,1618.0,0.49,0.158,0.132,0.352,0.165,0.183,0.482,4.079,All
411,Jose Fermin,665877,383.0,436.0,1792,782,334,99,676,406,273,710.0,0.436,0.186,0.055,0.377,0.227,0.152,0.396,4.11,All
412,Jose Fernandez,699912,203.0,221.0,863,419,158,98,286,182,137,395.0,0.486,0.183,0.114,0.331,0.211,0.159,0.458,3.905,All
413,Jose Herrera,645444,166.0,204.0,854,383,133,69,338,185,123,331.0,0.448,0.156,0.081,0.396,0.217,0.144,0.388,4.186,All
414,Jose Iglesias,578428,306.0,343.0,1370,687,256,110,427,326,248,617.0,0.501,0.187,0.08,0.312,0.238,0.181,0.45,3.994,All
415,Jose Miranda,669304,36.0,36.0,127,69,23,18,35,24,27,68.0,0.543,0.181,0.142,0.276,0.189,0.213,0.535,3.528,All
416,Jose Ramirez,608070,1067.0,1187.0,4900,2094,936,340,1870,784,970,2246.0,0.427,0.191,0.069,0.382,0.16,0.198,0.458,4.128,All
417,Jose Siri,642350,259.0,283.0,1134,603,166,225,365,172,198,597.0,0.532,0.146,0.198,0.322,0.152,0.175,0.526,4.007,All
418,Jose Tena,677588,409.0,457.0,1850,881,284,258,685,303,316,862.0,0.476,0.154,0.139,0.37,0.164,0.171,0.466,4.048,All
419,Jose Trevino,624431,434.0,458.0,1607,741,374,149,492,350,241,765.0,0.461,0.233,0.093,0.306,0.218,0.15,0.476,3.509,All
420,Josh Bell,605137,1034.0,1159.0,4605,2000,831,513,1774,622,865,2209.0,0.434,0.18,0.111,0.385,0.135,0.188,0.48,3.973,All
421,Josh Jung,673962,880.0,955.0,3557,1672,674,394,1211,588,690,1758.0,0.47,0.189,0.111,0.34,0.165,0.194,0.494,3.725,All
422,Josh Lowe,666139,703.0,772.0,3295,1705,498,540,1092,389,757,1814.0,0.517,0.151,0.164,0.331,0.118,0.23,0.551,4.268,All
423,Josh Naylor,647304,1136.0,1243.0,4163,1751,981,428,1431,536,783,2196.0,0.421,0.236,0.103,0.344,0.129,0.188,0.528,3.349,All
424,Josh Palacios,641943,128.0,145.0,558,272,93,80,193,77,114,288.0,0.487,0.167,0.143,0.346,0.138,0.204,0.516,3.848,All
425,Josh Rojas,668942,294.0,325.0,1204,521,236,125,447,183,209,574.0,0.433,0.196,0.104,0.371,0.152,0.174,0.477,3.705,All
426,Josh Smith,669701,706.0,802.0,3261,1526,558,316,1177,586,611,1496.0,0.468,0.171,0.097,0.361,0.18,0.187,0.459,4.066,All
427,Joshua Baez,695491,100.0,108.0,382,201,68,74,113,59,68,210.0,0.526,0.178,0.194,0.296,0.154,0.178,0.55,3.537,All
428,Joshua Kuroda-Grauer,811965,67.0,70.0,251,125,57,23,69,46,56,136.0,0.498,0.227,0.092,0.275,0.183,0.223,0.542,3.586,All
429,Josue De Paula,800543,31.0,42.0,170,64,26,12,80,27,25,63.0,0.376,0.153,0.071,0.471,0.159,0.147,0.371,4.048,All
430,Juan Brito,682877,102.0,111.0,455,228,78,63,149,72,92,234.0,0.501,0.171,0.138,0.327,0.158,0.202,0.514,4.099,All
431,Juan Soto,665742,972.0,1164.0,4878,1980,779,393,2119,952,628,1806.0,0.406,0.16,0.081,0.434,0.195,0.129,0.37,4.191,All
432,Julio Rodriguez,677594,1243.0,1350.0,4922,2329,953,722,1640,648,957,2633.0,0.473,0.194,0.147,0.333,0.132,0.194,0.535,3.646,All
433,Jung Hoo Lee,808982,1096.0,1190.0,4473,1940,975,265,1558,853,814,2059.0,0.434,0.218,0.059,0.348,0.191,0.182,0.46,3.759,All
434,Junior Caminero,691406,1216.0,1338.0,5248,2293,973,599,1982,809,885,2457.0,0.437,0.185,0.114,0.378,0.154,0.169,0.468,3.922,All
435,Junior Perez,678577,35.0,36.0,139,74,21,28,44,24,22,71.0,0.532,0.151,0.201,0.317,0.173,0.158,0.511,3.861,All
436,Jurickson Profar,595777,317.0,369.0,1580,700,259,119,621,253,327,706.0,0.443,0.164,0.075,0.393,0.16,0.207,0.447,4.282,All
437,Justin Crawford,702222,421.0,461.0,1669,799,349,159,521,258,371,890.0,0.479,0.209,0.095,0.312,0.155,0.222,0.533,3.62,All
438,Justin Dean,681909,10.0,12.0,48,26,5,10,17,5,11,26.0,0.542,0.104,0.208,0.354,0.104,0.229,0.542,4.0,All
439,Justin Foscue,679822,233.0,255.0,1035,516,169,95,350,208,213,477.0,0.499,0.163,0.092,0.338,0.201,0.206,0.461,4.059,All
440,Justin Turner,457759,169.0,191.0,801,367,136,66,298,122,179,381.0,0.458,0.17,0.082,0.372,0.152,0.223,0.476,4.194,All
441,Justyn-Henry Malloy,669234,104.0,127.0,550,246,74,65,230,97,84,223.0,0.447,0.135,0.118,0.418,0.176,0.153,0.405,4.331,All
442,Kaelen Culpepper,701785,112.0,123.0,474,247,88,64,139,81,102,254.0,0.521,0.186,0.135,0.293,0.171,0.215,0.536,3.854,All
443,Kahlil Watson,696135,88.0,91.0,339,171,56,65,112,44,62,183.0,0.504,0.165,0.192,0.33,0.13,0.183,0.54,3.725,All
444,Kameron Misner,670224,238.0,261.0,1101,553,156,185,392,178,184,531.0,0.502,0.142,0.168,0.356,0.162,0.167,0.482,4.218,All
445,Kazuma Okamoto,672960,566.0,633.0,2661,1316,388,410,957,451,453,1251.0,0.495,0.146,0.154,0.36,0.169,0.17,0.47,4.204,All
446,Ke'Bryan Hayes,663647,754.0,811.0,3026,1357,597,283,1072,602,466,1352.0,0.448,0.197,0.094,0.354,0.199,0.154,0.447,3.731,All
447,Keibert Ruiz,660688,587.0,620.0,2019,858,528,144,633,324,386,1062.0,0.425,0.262,0.071,0.314,0.16,0.191,0.526,3.256,All
448,Kenedy Corona,685744,2.0,4.0,21,9,1,1,11,3,5,7.0,0.429,0.048,0.048,0.524,0.143,0.238,0.333,5.25,All
449,Kenny Piper,700652,9.0,11.0,49,25,6,8,18,6,11,25.0,0.51,0.122,0.163,0.367,0.122,0.224,0.51,4.455,All
450,Kerry Carpenter,681481,664.0,723.0,2753,1319,488,387,946,377,554,1430.0,0.479,0.177,0.141,0.344,0.137,0.201,0.519,3.808,All
451,Keston Hiura,669374,18.0,21.0,75,40,11,13,24,10,17,41.0,0.533,0.147,0.173,0.32,0.133,0.227,0.547,3.571,All
452,Ketel Marte,606466,1038.0,1165.0,4365,1840,877,430,1648,676,734,2041.0,0.422,0.201,0.099,0.378,0.155,0.168,0.468,3.747,All
453,Kevin Alcantara,682634,36.0,40.0,164,85,22,26,57,37,22,70.0,0.518,0.134,0.159,0.348,0.226,0.134,0.427,4.1,All
454,Kevin McGonigle,805808,602.0,703.0,2823,1156,507,195,1160,457,504,1206.0,0.409,0.18,0.069,0.411,0.162,0.179,0.427,4.016,All
455,Kevin Newman,621028,114.0,116.0,416,198,92,37,126,72,84,218.0,0.476,0.221,0.089,0.303,0.173,0.202,0.524,3.586,All
456,Kevin Pillar,607680,43.0,43.0,154,77,35,17,42,23,36,89.0,0.5,0.227,0.11,0.273,0.149,0.234,0.578,3.581,All
457,Kody Clemens,665019,875.0,963.0,3767,1776,665,449,1326,586,737,1855.0,0.471,0.177,0.119,0.352,0.156,0.196,0.492,3.912,All
458,Konnor Griffin,804606,308.0,335.0,1313,645,228,197,440,193,250,680.0,0.491,0.174,0.15,0.335,0.147,0.19,0.518,3.919,All
459,Korey Lee,686676,35.0,40.0,153,65,29,20,59,22,23,72.0,0.425,0.19,0.131,0.386,0.144,0.15,0.471,3.825,All
460,Kris Bryant,592178,39.0,41.0,167,84,26,30,57,26,28,84.0,0.503,0.156,0.18,0.341,0.156,0.168,0.503,4.073,All
461,Kristian Campbell,692225,229.0,263.0,1070,508,158,123,404,216,170,450.0,0.475,0.148,0.115,0.378,0.202,0.159,0.421,4.068,All
462,Kyle Farmer,571657,293.0,317.0,1155,573,226,124,356,233,216,566.0,0.496,0.196,0.107,0.308,0.202,0.187,0.49,3.644,All
463,Kyle Higashioka,543309,468.0,512.0,2044,967,351,215,726,404,344,914.0,0.473,0.172,0.105,0.355,0.198,0.168,0.447,3.992,All
464,Kyle Isbel,664728,658.0,728.0,2605,1208,538,223,859,514,434,1232.0,0.464,0.207,0.086,0.33,0.197,0.167,0.473,3.578,All
465,Kyle Karros,691720,544.0,625.0,2525,1128,410,281,987,417,426,1121.0,0.447,0.162,0.111,0.391,0.165,0.169,0.444,4.04,All
466,Kyle Manzardo,700932,782.0,885.0,3478,1703,540,478,1235,588,637,1655.0,0.49,0.155,0.137,0.355,0.169,0.183,0.476,3.93,All
467,Kyle Schwarber,656941,1181.0,1407.0,6063,2755,772,861,2536,929,964,2597.0,0.454,0.127,0.142,0.418,0.153,0.159,0.428,4.309,All
468,Kyle Stowers,669065,846.0,961.0,3653,1732,568,662,1353,358,709,1942.0,0.474,0.155,0.181,0.37,0.098,0.194,0.532,3.801,All
469,Kyle Teel,691019,372.0,441.0,1837,879,248,257,710,303,316,824.0,0.478,0.135,0.14,0.386,0.165,0.172,0.449,4.166,All
470,Kyle Tucker,663656,1035.0,1211.0,4760,1979,852,458,1929,604,915,2227.0,0.416,0.179,0.096,0.405,0.127,0.192,0.468,3.931,All
471,Kyler Fedko,693459,16.0,19.0,78,44,9,17,25,10,16,43.0,0.564,0.115,0.218,0.321,0.128,0.205,0.551,4.105,All
472,Kyren Paris,677347,141.0,158.0,630,330,74,137,226,98,92,306.0,0.524,0.117,0.217,0.359,0.156,0.146,0.486,3.987,All
473,LaMonte Wade Jr.,664774,335.0,386.0,1705,788,244,161,673,346,278,686.0,0.462,0.143,0.094,0.395,0.203,0.163,0.402,4.417,All
474,Lane Thomas,657041,451.0,516.0,2087,960,318,223,809,403,334,875.0,0.46,0.152,0.107,0.388,0.193,0.16,0.419,4.045,All
475,Lars Nootbaar,663457,790.0,907.0,3741,1641,610,289,1490,812,533,1439.0,0.439,0.163,0.077,0.398,0.217,0.142,0.385,4.125,All
476,Lawrence Butler,671732,1035.0,1162.0,4756,2167,726,664,1863,687,810,2205.0,0.456,0.153,0.14,0.392,0.144,0.17,0.464,4.093,All
477,Lazaro Montes,703155,52.0,58.0,256,130,28,54,98,37,39,121.0,0.508,0.109,0.211,0.383,0.145,0.152,0.473,4.414,All
478,Lenyn Sosa,672820,631.0,661.0,2495,1278,485,299,732,468,509,1295.0,0.512,0.194,0.12,0.293,0.188,0.204,0.519,3.775,All
479,Leo Jimenez,677870,194.0,225.0,918,419,152,92,347,181,143,390.0,0.456,0.166,0.1,0.378,0.197,0.156,0.425,4.08,All
480,Leo Rivas,660844,212.0,257.0,1151,523,151,94,477,266,154,408.0,0.454,0.131,0.082,0.414,0.231,0.134,0.354,4.479,All
481,Leody Taveras,665750,599.0,661.0,2576,1243,441,313,892,409,483,1274.0,0.483,0.171,0.122,0.346,0.159,0.188,0.495,3.897,All
482,Leonardo Bernal,699024,93.0,98.0,374,169,68,46,137,59,64,178.0,0.452,0.182,0.123,0.366,0.158,0.171,0.476,3.816,All
483,Liam Hicks,689414,807.0,937.0,3574,1451,710,183,1413,744,520,1417.0,0.406,0.199,0.051,0.395,0.208,0.145,0.396,3.814,All
484,Liover Peguero,678894,80.0,88.0,349,157,55,48,137,69,40,143.0,0.45,0.158,0.138,0.393,0.198,0.115,0.41,3.966,All
485,Logan Davidson,669722,42.0,47.0,204,108,22,36,74,34,36,96.0,0.529,0.108,0.176,0.363,0.167,0.176,0.471,4.34,All
486,Logan O'Hoppe,681351,674.0,725.0,2746,1325,473,447,948,375,501,1423.0,0.483,0.172,0.163,0.345,0.137,0.182,0.518,3.788,All
487,Logan Porter,682515,11.0,15.0,62,27,7,5,28,12,10,22.0,0.435,0.113,0.081,0.452,0.194,0.161,0.355,4.133,All
488,Lourdes Gurriel Jr.,666971,686.0,746.0,2721,1257,584,303,880,415,538,1426.0,0.462,0.215,0.111,0.323,0.153,0.198,0.524,3.647,All
489,Lucas Spence,828599,53.0,58.0,226,111,31,44,84,31,34,111.0,0.491,0.137,0.195,0.372,0.137,0.15,0.491,3.897,All
490,Luis Arraez,650333,1211.0,1321.0,4908,2150,1201,148,1557,950,1032,2400.0,0.438,0.245,0.03,0.317,0.194,0.21,0.489,3.715,All
491,Luis Campusano,669134,234.0,272.0,1116,522,171,136,423,186,197,506.0,0.468,0.153,0.122,0.379,0.167,0.177,0.453,4.103,All
492,Luis Garcia,671277,488.0,525.0,1838,838,413,215,587,260,358,991.0,0.456,0.225,0.117,0.319,0.141,0.195,0.539,3.501,All
493,Luis Garcia Jr.,671277,516.0,543.0,1985,893,421,217,671,270,406,1044.0,0.45,0.212,0.109,0.338,0.136,0.205,0.526,3.656,All
494,Luis Guillorme,641645,20.0,21.0,81,42,12,11,27,16,15,38.0,0.519,0.148,0.136,0.333,0.198,0.185,0.469,3.857,All
495,Luis Lara,800325,191.0,212.0,886,397,147,63,342,170,160,371.0,0.448,0.166,0.071,0.386,0.192,0.181,0.419,4.179,All
496,Luis Matos,682641,192.0,205.0,759,361,159,85,239,123,152,397.0,0.476,0.209,0.112,0.315,0.162,0.2,0.523,3.702,All
497,Luis Rengifo,650859,813.0,894.0,3376,1532,669,361,1175,497,669,1704.0,0.454,0.198,0.107,0.348,0.147,0.198,0.505,3.776,All
498,Luis Robert,673357,586.0,658.0,2408,1121,425,383,862,288,450,1258.0,0.466,0.176,0.159,0.358,0.12,0.187,0.522,3.66,All
499,Luis Torrens,620443,513.0,560.0,2148,1027,404,221,717,382,421,1048.0,0.478,0.188,0.103,0.334,0.178,0.196,0.488,3.836,All
500,Luis Urias,649966,339.0,389.0,1532,681,288,88,563,304,288,665.0,0.445,0.188,0.057,0.367,0.198,0.188,0.434,3.938,All
501,Luis Vazquez,676679,50.0,53.0,190,98,36,36,56,30,31,104.0,0.516,0.189,0.189,0.295,0.158,0.163,0.547,3.585,All
502,Luisangel Acuna,682668,382.0,414.0,1455,637,309,177,509,216,230,730.0,0.438,0.212,0.122,0.35,0.148,0.158,0.502,3.514,All
503,Luke Keaschall,807712,708.0,821.0,3075,1279,603,227,1193,575,472,1307.0,0.416,0.196,0.074,0.388,0.187,0.153,0.425,3.745,All
504,Luke Maile,571912,86.0,99.0,379,184,58,45,137,75,62,167.0,0.485,0.153,0.119,0.361,0.198,0.164,0.441,3.828,All
505,Luke Raley,670042,445.0,505.0,1941,952,295,427,694,202,319,1045.0,0.49,0.152,0.22,0.358,0.104,0.164,0.538,3.844,All
506,Luke Williams,663897,31.0,35.0,116,58,23,16,35,22,20,59.0,0.5,0.198,0.138,0.302,0.19,0.172,0.509,3.314,All
507,Luken Baker,663609,39.0,46.0,194,87,26,28,81,32,27,81.0,0.448,0.134,0.144,0.418,0.165,0.139,0.418,4.217,All
508,MJ Melendez,669004,180.0,209.0,870,435,109,149,326,135,149,409.0,0.5,0.125,0.171,0.375,0.155,0.171,0.47,4.163,All
509,Maikel Garcia,672580,903.0,1005.0,3817,1581,779,224,1457,847,510,1513.0,0.414,0.204,0.059,0.382,0.222,0.134,0.396,3.798,All
510,Manny Machado,592518,1202.0,1345.0,5322,2432,944,666,1946,777,988,2599.0,0.457,0.177,0.125,0.366,0.146,0.186,0.488,3.957,All
511,Manuel Margot,622534,19.0,20.0,68,38,14,11,16,14,13,38.0,0.559,0.206,0.162,0.235,0.206,0.191,0.559,3.4,All
512,Marcell Ozuna,542303,738.0,869.0,3880,1803,521,427,1556,757,619,1567.0,0.465,0.134,0.11,0.401,0.195,0.16,0.404,4.465,All
513,Marcelo Mayer,691785,343.0,377.0,1405,651,256,196,498,208,246,699.0,0.463,0.182,0.14,0.354,0.148,0.175,0.498,3.727,All
514,Marcus Semien,543760,960.0,1077.0,4128,1801,779,463,1548,554,780,2026.0,0.436,0.189,0.112,0.375,0.134,0.189,0.491,3.833,All
515,Mark Canha,592192,113.0,125.0,506,246,91,55,169,105,86,232.0,0.486,0.18,0.109,0.334,0.208,0.17,0.458,4.048,All
516,Mark Vientos,668901,698.0,758.0,2832,1357,519,476,956,385,496,1491.0,0.479,0.183,0.168,0.338,0.136,0.175,0.526,3.736,All
517,Martin Maldonado,455117,147.0,161.0,569,291,96,99,182,129,57,258.0,0.511,0.169,0.174,0.32,0.227,0.1,0.453,3.534,All
518,Masataka Yoshida,807799,451.0,501.0,1791,746,401,120,644,373,253,774.0,0.417,0.224,0.067,0.36,0.208,0.141,0.432,3.575,All
519,Mason McCoy,669200,22.0,26.0,97,45,15,14,37,19,12,41.0,0.464,0.155,0.144,0.381,0.196,0.124,0.423,3.731,All
520,Masyn Winn,691026,961.0,1069.0,4395,2052,754,409,1589,904,732,1902.0,0.467,0.172,0.093,0.362,0.206,0.167,0.433,4.111,All
521,Matt Chapman,656305,757.0,880.0,3618,1652,556,383,1410,648,621,1560.0,0.457,0.154,0.106,0.39,0.179,0.172,0.431,4.111,All
522,Matt Gorski,685301,41.0,42.0,181,103,25,35,53,38,30,90.0,0.569,0.138,0.193,0.293,0.21,0.166,0.497,4.31,All
523,Matt McLain,680574,943.0,1068.0,4366,2111,651,540,1604,861,701,1901.0,0.484,0.149,0.124,0.367,0.197,0.161,0.435,4.088,All
524,Matt Mervis,670223,120.0,133.0,536,285,71,117,180,63,105,293.0,0.532,0.132,0.218,0.336,0.118,0.196,0.547,4.03,All
525,Matt Olson,621566,1245.0,1409.0,6067,2789,910,718,2368,912,1159,2787.0,0.46,0.15,0.118,0.39,0.15,0.191,0.459,4.306,All
526,Matt Shaw,807713,564.0,636.0,2507,1206,444,258,857,465,472,1185.0,0.481,0.177,0.103,0.342,0.185,0.188,0.473,3.942,All
527,Matt Thaiss,642136,156.0,190.0,768,351,112,107,305,93,151,370.0,0.457,0.146,0.139,0.397,0.121,0.197,0.482,4.042,All
528,Matt Vierling,663837,354.0,391.0,1534,729,289,132,516,296,300,722.0,0.475,0.188,0.086,0.336,0.193,0.196,0.471,3.923,All
529,Matt Wallner,670242,456.0,527.0,2117,1040,291,408,786,253,379,1078.0,0.491,0.137,0.193,0.371,0.12,0.179,0.509,4.017,All
530,Matthew Lugo,683090,83.0,85.0,298,151,53,61,94,49,40,155.0,0.507,0.178,0.205,0.315,0.164,0.134,0.52,3.506,All
531,Mauricio Dubon,643289,932.0,1009.0,3593,1601,827,300,1165,496,794,1932.0,0.446,0.23,0.083,0.324,0.138,0.221,0.538,3.561,All
532,Maverick Handley,668974,42.0,48.0,187,102,26,36,59,30,34,98.0,0.545,0.139,0.193,0.316,0.16,0.182,0.524,3.896,All
533,Max Clark,703601,176.0,201.0,735,335,139,57,261,137,140,337.0,0.456,0.189,0.078,0.355,0.186,0.19,0.459,3.657,All
534,Max Kepler,596146,549.0,615.0,2362,1055,431,280,876,325,448,1161.0,0.447,0.182,0.119,0.371,0.138,0.19,0.492,3.841,All
535,Max Muncy,571970,798.0,938.0,3929,1771,581,462,1577,636,673,1716.0,0.451,0.148,0.118,0.401,0.162,0.171,0.437,4.189,All
536,Max Schuemann,680474,255.0,300.0,1196,516,203,135,477,186,189,533.0,0.431,0.17,0.113,0.399,0.156,0.158,0.446,3.987,All
537,Maximo Acosta,691185,54.0,61.0,249,109,37,28,103,51,30,95.0,0.438,0.149,0.112,0.414,0.205,0.12,0.382,4.082,All
538,Maxwell Muncy,691777,462.0,504.0,1934,968,307,315,659,306,346,969.0,0.501,0.159,0.163,0.341,0.158,0.179,0.501,3.837,All
539,Michael A. Taylor,572191,295.0,324.0,1267,643,191,245,433,184,194,650.0,0.507,0.151,0.193,0.342,0.145,0.153,0.513,3.91,All
540,Michael Arroyo,703197,34.0,40.0,121,49,29,11,43,10,28,68.0,0.405,0.24,0.091,0.355,0.083,0.231,0.562,3.025,All
541,Michael Busch,683737,1121.0,1294.0,5133,2322,824,587,1987,833,897,2312.0,0.452,0.161,0.114,0.387,0.162,0.175,0.45,3.967,All
542,Michael Conforto,624424,684.0,792.0,3291,1545,490,381,1256,553,611,1482.0,0.469,0.149,0.116,0.382,0.168,0.186,0.45,4.155,All
543,Michael Harris II,671739,1201.0,1259.0,4374,2114,970,608,1290,607,886,2477.0,0.483,0.222,0.139,0.295,0.139,0.203,0.566,3.474,All
544,Michael Helman,680737,129.0,145.0,518,250,107,68,161,66,107,291.0,0.483,0.207,0.131,0.311,0.127,0.207,0.562,3.572,All
545,Michael Massey,686681,685.0,729.0,2656,1248,580,272,828,403,562,1425.0,0.47,0.218,0.102,0.312,0.152,0.212,0.537,3.643,All
546,Michael Stefanic,683021,48.0,53.0,219,96,39,12,84,45,39,90.0,0.438,0.178,0.055,0.384,0.205,0.178,0.411,4.132,All
547,Michael Toglia,669911,332.0,363.0,1459,750,190,263,519,232,254,708.0,0.514,0.13,0.18,0.356,0.159,0.174,0.485,4.019,All
548,Mickey Gasper,681508,287.0,335.0,1311,543,231,93,537,265,182,509.0,0.414,0.176,0.071,0.41,0.202,0.139,0.388,3.913,All
549,Mickey Moniak,666160,838.0,896.0,3114,1535,618,526,961,355,648,1798.0,0.493,0.198,0.169,0.309,0.114,0.208,0.577,3.475,All
550,Miguel Amaya,665804,307.0,353.0,1388,661,224,183,503,210,263,675.0,0.476,0.161,0.132,0.362,0.151,0.189,0.486,3.932,All
551,Miguel Andujar,609280,560.0,592.0,2149,989,475,209,685,310,470,1154.0,0.46,0.221,0.097,0.319,0.144,0.219,0.537,3.63,All
552,Miguel Rojas,500743,513.0,564.0,2033,851,453,165,729,355,315,948.0,0.419,0.223,0.081,0.359,0.175,0.155,0.466,3.605,All
553,Miguel Vargas,678246,1092.0,1268.0,5126,2213,876,478,2037,793,938,2296.0,0.432,0.171,0.093,0.397,0.155,0.183,0.448,4.043,All
554,Mike Siani,672279,18.0,20.0,73,35,11,10,27,12,12,34.0,0.479,0.151,0.137,0.37,0.164,0.164,0.466,3.65,All
555,Mike Tauchman,643565,335.0,385.0,1594,750,250,181,594,254,313,746.0,0.471,0.157,0.114,0.373,0.159,0.196,0.468,4.14,All
556,Mike Trout,545361,970.0,1168.0,5247,2410,634,565,2203,998,847,2046.0,0.459,0.121,0.108,0.42,0.19,0.161,0.39,4.492,All
557,Mike Yastrzemski,573262,830.0,954.0,3999,1811,637,348,1551,766,693,1682.0,0.453,0.159,0.087,0.388,0.192,0.173,0.421,4.192,All
558,Miles Mastrobuoni,670156,178.0,205.0,776,335,147,52,294,172,109,310.0,0.432,0.189,0.067,0.379,0.222,0.14,0.399,3.785,All
559,Miles Mikolas,571945,0.0,1.0,3,1,1,0,1,0,0,2.0,0.333,0.333,0.0,0.333,0.0,0.0,0.667,3.0,All
560,Mitch Garver,641598,380.0,438.0,1798,842,254,235,702,359,248,737.0,0.468,0.141,0.131,0.39,0.2,0.138,0.41,4.105,All
561,Moises Ballesteros,694208,371.0,413.0,1583,733,281,227,569,212,292,802.0,0.463,0.178,0.143,0.359,0.134,0.184,0.507,3.833,All
562,Mookie Betts,605141,1065.0,1184.0,4407,1776,952,253,1679,916,607,1812.0,0.403,0.216,0.057,0.381,0.208,0.138,0.411,3.722,All
563,Munetaka Murakami,808959,450.0,541.0,2436,1146,256,412,1034,427,306,974.0,0.47,0.105,0.169,0.424,0.175,0.126,0.4,4.503,All
564,Myles Straw,664702,559.0,626.0,2361,1043,485,155,833,495,382,1033.0,0.442,0.205,0.066,0.353,0.21,0.162,0.438,3.772,All
565,Nacho Alvarez,805373,188.0,208.0,819,399,142,78,278,189,130,352.0,0.487,0.173,0.095,0.339,0.231,0.159,0.43,3.938,All
566,Nasim Nunez,683083,509.0,581.0,2371,1110,403,245,858,410,434,1103.0,0.468,0.17,0.103,0.362,0.173,0.183,0.465,4.081,All
567,Nate Eaton,681987,129.0,148.0,586,280,97,66,209,98,113,279.0,0.478,0.166,0.113,0.357,0.167,0.193,0.476,3.959,All
568,Nate Furman,801501,32.0,39.0,147,66,24,13,57,23,30,67.0,0.449,0.163,0.088,0.388,0.156,0.204,0.456,3.769,All
569,Nathan Church,701675,486.0,531.0,2036,998,398,239,640,261,477,1135.0,0.49,0.195,0.117,0.314,0.128,0.234,0.557,3.834,All
570,Nathan Lukes,664770,797.0,886.0,3417,1572,692,254,1153,571,742,1693.0,0.46,0.203,0.074,0.337,0.167,0.217,0.495,3.857,All
571,Nathaniel Lowe,663993,917.0,1031.0,4368,2086,672,465,1610,786,835,1972.0,0.478,0.154,0.106,0.369,0.18,0.191,0.451,4.237,All
572,Nelson Velazquez,676369,101.0,113.0,455,230,65,87,160,72,70,222.0,0.505,0.143,0.191,0.352,0.158,0.154,0.488,4.027,All
573,Nick Ahmed,605113,9.0,10.0,31,17,6,9,8,5,3,18.0,0.548,0.194,0.29,0.258,0.161,0.097,0.581,3.1,All
574,Nick Allen,669397,514.0,576.0,2157,1010,401,230,746,374,387,1037.0,0.468,0.186,0.107,0.346,0.173,0.179,0.481,3.745,All
575,Nick Castellanos,592206,662.0,710.0,2647,1282,503,472,862,239,571,1546.0,0.484,0.19,0.178,0.326,0.09,0.216,0.584,3.728,All
576,Nick Fortes,663743,512.0,561.0,2020,918,430,184,672,342,383,1006.0,0.454,0.213,0.091,0.333,0.169,0.19,0.498,3.601,All
577,Nick Gonzales,693304,928.0,1012.0,3612,1607,761,464,1244,401,738,1967.0,0.445,0.211,0.128,0.344,0.111,0.204,0.545,3.569,All
578,Nick Kurtz,701762,772.0,911.0,3838,1777,483,593,1578,621,563,1639.0,0.463,0.126,0.155,0.411,0.162,0.147,0.427,4.213,All
579,Nick Loftin,679845,540.0,614.0,2289,973,450,176,866,448,339,974.0,0.425,0.197,0.077,0.378,0.196,0.148,0.426,3.728,All
580,Nick Madrigal,663611,54.0,63.0,239,109,52,9,78,41,58,120.0,0.456,0.218,0.038,0.326,0.172,0.243,0.502,3.794,All
581,Nick Martini,605361,102.0,110.0,432,189,84,37,159,79,73,194.0,0.438,0.194,0.086,0.368,0.183,0.169,0.449,3.927,All
582,Nick Maton,665155,54.0,63.0,250,112,35,47,103,31,34,116.0,0.448,0.14,0.188,0.412,0.124,0.136,0.464,3.968,All
583,Nick Morabito,703492,41.0,46.0,173,85,25,21,63,38,21,72.0,0.491,0.145,0.121,0.364,0.22,0.121,0.416,3.761,All
584,Nick Sogard,686765,332.0,377.0,1514,682,258,126,574,323,230,617.0,0.45,0.17,0.083,0.379,0.213,0.152,0.408,4.016,All
585,Nick Solak,669256,18.0,21.0,56,25,17,6,14,12,7,30.0,0.446,0.304,0.107,0.25,0.214,0.125,0.536,2.667,All
586,Nick Yorke,694377,173.0,189.0,747,353,134,90,260,111,152,376.0,0.473,0.179,0.12,0.348,0.149,0.203,0.503,3.952,All
587,Nicky Lopez,670032,259.0,295.0,1091,510,225,99,356,173,225,562.0,0.467,0.206,0.091,0.326,0.159,0.206,0.515,3.698,All
588,Nico Hoerner,663538,1225.0,1335.0,4747,2061,1130,263,1556,904,884,2287.0,0.434,0.238,0.055,0.328,0.19,0.186,0.482,3.556,All
589,Niko Kavadas,694359,20.0,23.0,108,57,10,13,41,28,16,39.0,0.528,0.093,0.12,0.38,0.259,0.148,0.361,4.696,All
590,Noelvi Marte,682622,529.0,561.0,2028,964,395,287,669,307,369,1052.0,0.475,0.195,0.142,0.33,0.151,0.182,0.519,3.615,All
591,Nolan Arenado,571448,931.0,1026.0,3968,1790,769,406,1409,680,704,1879.0,0.451,0.194,0.102,0.355,0.171,0.177,0.474,3.867,All
592,Nolan Gorman,669357,614.0,696.0,2891,1434,389,496,1068,438,498,1385.0,0.496,0.135,0.172,0.369,0.152,0.172,0.479,4.154,All
593,Nolan Jones,666134,355.0,401.0,1697,832,246,220,619,290,320,788.0,0.49,0.145,0.13,0.365,0.171,0.189,0.464,4.232,All
594,Nolan Schanuel,694384,880.0,1006.0,3829,1645,764,268,1420,690,681,1719.0,0.43,0.2,0.07,0.371,0.18,0.178,0.449,3.806,All
595,Oliver Dunn,686554,47.0,53.0,196,84,36,27,76,35,22,85.0,0.429,0.184,0.138,0.388,0.179,0.112,0.434,3.698,All
596,Omar Martinez,683079,3.0,3.0,12,5,2,1,5,2,2,5.0,0.417,0.167,0.083,0.417,0.167,0.167,0.417,4.0,All
597,Omar Narvaez,553882,7.0,10.0,43,17,7,3,19,5,9,19.0,0.395,0.163,0.07,0.442,0.116,0.209,0.442,4.3,All
598,Oneil Cruz,665833,839.0,956.0,3984,1877,531,576,1576,746,553,1660.0,0.471,0.133,0.145,0.396,0.187,0.139,0.417,4.167,All
599,Orlando Arcia,606115,251.0,264.0,952,450,197,124,305,138,188,509.0,0.473,0.207,0.13,0.32,0.145,0.197,0.535,3.606,All
600,Oscar Gonzalez,660757,59.0,61.0,216,118,46,39,52,20,59,144.0,0.546,0.213,0.181,0.241,0.093,0.273,0.667,3.541,All
601,Osleivis Basabe,678545,129.0,143.0,555,277,102,60,176,122,90,257.0,0.499,0.184,0.108,0.317,0.22,0.162,0.463,3.881,All
602,Oswald Peraza,672724,581.0,631.0,2402,1227,395,411,780,319,489,1303.0,0.511,0.164,0.171,0.325,0.133,0.204,0.542,3.807,All
603,Oswaldo Cabrera,665828,127.0,144.0,528,246,97,64,185,79,101,264.0,0.466,0.184,0.121,0.35,0.15,0.191,0.5,3.667,All
604,Otto Kemp,805249,222.0,245.0,938,462,147,166,329,131,165,478.0,0.493,0.157,0.177,0.351,0.14,0.176,0.51,3.829,All
605,Otto Lopez,672640,1171.0,1278.0,4651,2049,1014,414,1588,909,720,2154.0,0.441,0.218,0.089,0.341,0.195,0.155,0.463,3.639,All
606,Owen Caissie,683357,317.0,357.0,1467,739,191,249,537,237,251,692.0,0.504,0.13,0.17,0.366,0.162,0.171,0.472,4.109,All
607,Owen Miller,680911,14.0,17.0,68,36,10,4,22,14,18,32.0,0.529,0.147,0.059,0.324,0.206,0.265,0.471,4.0,All
608,Ozzie Albies,645277,1212.0,1341.0,4932,2188,1033,570,1711,505,1110,2716.0,0.444,0.209,0.116,0.347,0.102,0.225,0.551,3.678,All
609,P.J. Higgins,664731,26.0,32.0,128,56,22,13,50,27,15,51.0,0.438,0.172,0.102,0.391,0.211,0.117,0.398,4.0,All
610,Pablo Reyes,622569,31.0,34.0,131,63,22,14,46,28,21,57.0,0.481,0.168,0.107,0.351,0.214,0.16,0.435,3.853,All
611,Parker Meadows,678009,227.0,252.0,1021,469,162,125,390,175,169,456.0,0.459,0.159,0.122,0.382,0.171,0.166,0.447,4.052,All
612,Patrick Bailey,672275,718.0,795.0,3079,1493,510,422,1076,481,573,1522.0,0.485,0.166,0.137,0.349,0.156,0.186,0.494,3.873,All
613,Patrick Wisdom,621550,47.0,49.0,190,101,26,43,63,23,35,104.0,0.532,0.137,0.226,0.332,0.121,0.184,0.547,3.878,All
614,Paul DeJong,657557,193.0,208.0,817,431,126,155,260,90,186,467.0,0.528,0.154,0.19,0.318,0.11,0.228,0.572,3.928,All
615,Paul Goldschmidt,502671,834.0,907.0,3596,1709,653,396,1234,640,673,1722.0,0.475,0.182,0.11,0.343,0.178,0.187,0.479,3.965,All
616,Pavin Smith,656976,349.0,405.0,1733,831,236,203,666,341,285,726.0,0.48,0.136,0.117,0.384,0.197,0.164,0.419,4.279,All
617,Pedro Pages,686780,549.0,596.0,2353,1193,398,334,762,393,459,1198.0,0.507,0.169,0.142,0.324,0.167,0.195,0.509,3.948,All
618,Pedro Ramirez,699393,237.0,259.0,981,449,192,100,340,153,193,488.0,0.458,0.196,0.102,0.347,0.156,0.197,0.497,3.788,All
619,Pete Alonso,624413,1226.0,1398.0,5693,2623,909,678,2161,944,1000,2587.0,0.461,0.16,0.119,0.38,0.166,0.176,0.454,4.072,All
620,Pete Crow-Armstrong,691718,1216.0,1364.0,5231,2525,897,783,1809,585,1139,2837.0,0.483,0.171,0.15,0.346,0.112,0.218,0.542,3.835,All
621,Petey Halpin,690984,180.0,199.0,683,317,149,98,217,69,148,397.0,0.464,0.218,0.143,0.318,0.101,0.217,0.581,3.432,All
622,Rafael Devers,646240,1161.0,1339.0,5653,2656,817,808,2180,811,1035,2661.0,0.47,0.145,0.143,0.386,0.143,0.183,0.471,4.222,All
623,Rafael Flores,804668,159.0,175.0,713,354,108,108,251,134,111,327.0,0.496,0.151,0.151,0.352,0.188,0.156,0.459,4.074,All
624,Rafael Marchan,665561,196.0,213.0,829,371,166,77,292,145,146,392.0,0.448,0.2,0.093,0.352,0.175,0.176,0.473,3.892,All
625,Ramon Laureano,657656,623.0,693.0,2849,1369,445,393,1035,433,541,1381.0,0.481,0.156,0.138,0.363,0.152,0.19,0.485,4.111,All
626,Ramon Urias,602104,437.0,490.0,1871,853,343,235,675,280,336,916.0,0.456,0.183,0.126,0.361,0.15,0.18,0.49,3.818,All
627,Randal Grichuk,545341,534.0,567.0,2082,963,418,231,701,327,405,1054.0,0.463,0.201,0.111,0.337,0.157,0.195,0.506,3.672,All
628,Randy Arozarena,668227,1182.0,1372.0,5606,2694,856,706,2056,1037,950,2513.0,0.481,0.153,0.126,0.367,0.185,0.169,0.448,4.086,All
629,Randy Vasquez,681190,1.0,1.0,1,0,1,0,0,0,0,1.0,0.0,1.0,0.0,0.0,0.0,0.0,1.0,1.0,All
630,Raynel Delgado,669384,37.0,41.0,132,54,31,18,47,16,18,69.0,0.409,0.235,0.136,0.356,0.121,0.136,0.523,3.22,All
631,Rece Hinds,677956,107.0,115.0,458,245,55,119,158,52,73,248.0,0.535,0.12,0.26,0.345,0.114,0.159,0.541,3.983,All
632,Reese McGuire,624512,161.0,173.0,613,298,130,75,185,96,121,332.0,0.486,0.212,0.122,0.302,0.157,0.197,0.542,3.543,All
633,Rhylan Thomas,689041,8.0,10.0,34,13,9,1,12,2,10,20.0,0.382,0.265,0.029,0.353,0.059,0.294,0.588,3.4,All
634,Rhys Hoskins,656555,542.0,643.0,2769,1282,361,342,1126,502,438,1141.0,0.463,0.13,0.124,0.407,0.181,0.158,0.412,4.306,All
635,Richie Palacios,680700,383.0,443.0,1711,763,311,167,637,285,305,789.0,0.446,0.182,0.098,0.372,0.167,0.178,0.461,3.862,All
636,Rikuu Nishida,807747,29.0,30.0,97,43,25,7,29,22,11,46.0,0.443,0.258,0.072,0.299,0.227,0.113,0.474,3.233,All
637,Riley Adams,656180,263.0,286.0,1160,607,153,193,400,201,213,559.0,0.523,0.132,0.166,0.345,0.173,0.184,0.482,4.056,All
638,Riley Greene,682985,1107.0,1238.0,5177,2474,762,777,1941,681,1016,2555.0,0.478,0.147,0.15,0.375,0.132,0.196,0.494,4.182,All
639,Rob Brantly,542963,7.0,7.0,19,9,6,7,4,0,2,15.0,0.474,0.316,0.368,0.211,0.0,0.105,0.789,2.714,All
640,Rob Refsnyder,608701,296.0,336.0,1410,643,211,159,556,260,223,594.0,0.456,0.15,0.113,0.394,0.184,0.158,0.421,4.196,All
641,Robert Hassell III,690987,197.0,206.0,764,368,135,111,261,114,136,389.0,0.482,0.177,0.145,0.342,0.149,0.178,0.509,3.709,All
642,Rodolfo Duran,660710,82.0,91.0,353,173,59,41,121,71,59,161.0,0.49,0.167,0.116,0.343,0.201,0.167,0.456,3.879,All
643,Roman Anthony,701350,467.0,542.0,2231,1014,320,249,897,479,286,855.0,0.455,0.143,0.112,0.402,0.215,0.128,0.383,4.116,All
644,Romy Gonzalez,663853,380.0,413.0,1526,738,284,247,504,203,287,819.0,0.484,0.186,0.162,0.33,0.133,0.188,0.537,3.695,All
645,Ronald Acuna Jr.,660670,746.0,875.0,3616,1614,544,511,1458,433,670,1725.0,0.446,0.15,0.141,0.403,0.12,0.185,0.477,4.133,All
646,Ronny Mauricio,677595,224.0,241.0,894,460,151,160,283,125,175,486.0,0.515,0.169,0.179,0.317,0.14,0.196,0.544,3.71,All
647,Ronny Simon,682927,138.0,154.0,605,285,116,53,204,101,127,300.0,0.471,0.192,0.088,0.337,0.167,0.21,0.496,3.929,All
648,Rowdy Tellez,642133,299.0,323.0,1338,639,216,169,483,255,215,600.0,0.478,0.161,0.126,0.361,0.191,0.161,0.448,4.142,All
649,Royce Lewis,668904,835.0,907.0,3502,1675,633,536,1194,531,603,1777.0,0.478,0.181,0.153,0.341,0.152,0.172,0.507,3.861,All
650,Rudy Martin,657675,2.0,3.0,10,5,1,2,4,3,0,3.0,0.5,0.1,0.2,0.4,0.3,0.0,0.3,3.333,All
651,Ryan Bliss,669208,43.0,49.0,196,89,30,35,77,25,24,94.0,0.454,0.153,0.179,0.393,0.128,0.122,0.48,4.0,All
652,Ryan Fitzgerald,680837,46.0,53.0,194,84,38,25,72,35,23,87.0,0.433,0.196,0.129,0.371,0.18,0.119,0.448,3.66,All
653,Ryan Jeffers,680777,721.0,824.0,3400,1511,567,261,1322,736,514,1342.0,0.444,0.167,0.077,0.389,0.216,0.151,0.395,4.126,All
654,Ryan Kreidler,668952,281.0,311.0,1180,554,204,196,422,148,205,610.0,0.469,0.173,0.166,0.358,0.125,0.174,0.517,3.794,All
655,Ryan McMahon,641857,837.0,945.0,3987,1928,547,602,1512,666,652,1809.0,0.484,0.137,0.151,0.379,0.167,0.164,0.454,4.219,All
656,Ryan Mountcastle,663624,346.0,372.0,1408,731,252,252,425,171,308,812.0,0.519,0.179,0.179,0.302,0.121,0.219,0.577,3.785,All
657,Ryan Noda,676116,47.0,57.0,254,123,23,45,108,44,34,102.0,0.484,0.091,0.177,0.425,0.173,0.134,0.402,4.456,All
658,Ryan O'Hearn,656811,878.0,987.0,3901,1776,679,418,1446,630,727,1825.0,0.455,0.174,0.107,0.371,0.161,0.186,0.468,3.952,All
659,Ryan Ritter,690022,206.0,228.0,849,435,143,163,271,119,145,459.0,0.512,0.168,0.192,0.319,0.14,0.171,0.541,3.724,All
660,Ryan Vilade,668723,256.0,290.0,1158,549,190,133,419,173,241,565.0,0.474,0.164,0.115,0.362,0.149,0.208,0.488,3.993,All
661,Ryan Waldschmidt,814439,251.0,284.0,1115,534,171,154,410,219,157,486.0,0.479,0.153,0.138,0.368,0.196,0.141,0.436,3.926,All
662,Ryan Ward,669899,55.0,60.0,252,127,38,37,87,31,59,134.0,0.504,0.151,0.147,0.345,0.123,0.234,0.532,4.2,All
663,Ryne Nelson,669194,1.0,1.0,4,1,1,0,2,1,0,1.0,0.25,0.25,0.0,0.5,0.25,0.0,0.25,4.0,All
664,Sal Frelick,686217,864.0,974.0,3757,1631,760,193,1366,752,676,1639.0,0.434,0.202,0.051,0.364,0.2,0.18,0.436,3.857,All
665,Sal Stewart,701398,674.0,749.0,2963,1380,514,392,1069,433,555,1461.0,0.466,0.173,0.132,0.361,0.146,0.187,0.493,3.956,All
666,Salvador Perez,521692,1174.0,1257.0,4608,2200,938,679,1470,525,996,2613.0,0.477,0.204,0.147,0.319,0.114,0.216,0.567,3.666,All
667,Sam Antonacci,803011,477.0,553.0,2164,924,400,135,840,405,383,919.0,0.427,0.185,0.062,0.388,0.187,0.177,0.425,3.913,All
668,Sam Haggerty,664059,206.0,228.0,811,374,154,113,283,117,140,411.0,0.461,0.19,0.139,0.349,0.144,0.173,0.507,3.557,All
669,Sam Hilliard,656541,51.0,61.0,276,136,28,47,112,44,45,120.0,0.493,0.101,0.17,0.406,0.159,0.163,0.435,4.525,All
670,Sam Huff,669087,86.0,92.0,356,195,43,80,118,55,59,183.0,0.548,0.121,0.225,0.331,0.154,0.166,0.514,3.87,All
671,Samad Taylor,669392,158.0,181.0,699,335,117,78,247,141,96,311.0,0.479,0.167,0.112,0.353,0.202,0.137,0.445,3.862,All
672,Samuel Basallo,694212,469.0,515.0,1905,926,336,315,643,246,363,1016.0,0.486,0.176,0.165,0.338,0.129,0.191,0.533,3.699,All
673,Sandy Leon,506702,56.0,56.0,220,128,34,35,58,38,53,124.0,0.582,0.155,0.159,0.264,0.173,0.241,0.564,3.929,All
674,Santiago Espinal,669289,357.0,388.0,1526,671,319,104,536,289,273,701.0,0.44,0.209,0.068,0.351,0.189,0.179,0.459,3.933,All
675,Scott Bandura,814154,26.0,27.0,113,71,10,26,32,21,24,60.0,0.628,0.088,0.23,0.283,0.186,0.212,0.531,4.185,All
676,Scott Kingery,664068,31.0,33.0,119,65,20,25,34,17,23,68.0,0.546,0.168,0.21,0.286,0.143,0.193,0.571,3.606,All
677,Sean Bouchard,656248,66.0,73.0,273,137,39,40,97,58,38,118.0,0.502,0.143,0.147,0.355,0.212,0.139,0.432,3.74,All
678,Sean Keys,815873,60.0,65.0,281,146,40,42,95,40,64,146.0,0.52,0.142,0.149,0.338,0.142,0.228,0.52,4.323,All
679,Sean Murphy,669221,397.0,453.0,1798,904,259,281,635,293,330,870.0,0.503,0.144,0.156,0.353,0.163,0.184,0.484,3.969,All
680,Sebastian Rivero,665861,86.0,91.0,361,192,66,63,103,43,86,215.0,0.532,0.183,0.175,0.285,0.119,0.238,0.596,3.967,All
681,Seiya Suzuki,673548,1115.0,1279.0,5475,2484,808,523,2183,1085,876,2207.0,0.454,0.148,0.096,0.399,0.198,0.16,0.403,4.281,All
682,Sergio Alcantara,642727,4.0,4.0,18,10,2,2,6,4,4,8.0,0.556,0.111,0.111,0.333,0.222,0.222,0.444,4.5,All
683,Seth Brown,664913,65.0,76.0,298,146,42,47,110,43,56,145.0,0.49,0.141,0.158,0.369,0.144,0.188,0.487,3.921,All
684,Shawn Ross,676566,5.0,5.0,21,10,3,5,8,3,2,10.0,0.476,0.143,0.238,0.381,0.143,0.095,0.476,4.2,All
685,Shay Whitcomb,694376,146.0,152.0,583,283,103,84,197,98,101,288.0,0.485,0.177,0.144,0.338,0.168,0.173,0.494,3.836,All
686,Shea Langeliers,669127,903.0,984.0,3688,1678,697,512,1313,478,688,1897.0,0.455,0.189,0.139,0.356,0.13,0.187,0.514,3.748,All
687,Shinnosuke Ogasawara,829272,1.0,1.0,3,3,0,0,0,3,0,0.0,1.0,0.0,0.0,0.0,1.0,0.0,0.0,3.0,All
688,Shohei Ohtani,660271,1131.0,1306.0,5274,2362,799,777,2113,779,804,2382.0,0.448,0.151,0.147,0.401,0.148,0.152,0.452,4.038,All
689,Spencer Horwitz,687462,746.0,857.0,3494,1542,607,260,1345,630,651,1519.0,0.441,0.174,0.074,0.385,0.18,0.186,0.435,4.077,All
690,Spencer Jones,682987,261.0,288.0,1237,621,157,254,459,122,245,656.0,0.502,0.127,0.205,0.371,0.099,0.198,0.53,4.295,All
691,Spencer Steer,668715,849.0,952.0,3837,1816,639,452,1382,655,704,1800.0,0.473,0.167,0.118,0.36,0.171,0.183,0.469,4.03,All
692,Spencer Torkelson,679529,1088.0,1253.0,5222,2429,735,670,2058,896,863,2268.0,0.465,0.141,0.128,0.394,0.172,0.165,0.434,4.168,All
693,Starling Marte,516782,446.0,497.0,1902,938,344,261,620,314,359,968.0,0.493,0.181,0.137,0.326,0.165,0.189,0.509,3.827,All
694,Sterlin Thompson,694514,69.0,77.0,312,146,48,47,118,38,61,156.0,0.468,0.154,0.151,0.378,0.122,0.196,0.5,4.052,All
695,Steven Kwan,680757,1164.0,1327.0,5411,2303,1060,179,2048,1260,851,2103.0,0.426,0.196,0.033,0.378,0.233,0.157,0.389,4.078,All
696,Steward Berroa,672642,12.0,13.0,55,32,6,4,17,13,12,25.0,0.582,0.109,0.073,0.309,0.236,0.218,0.455,4.231,All
697,Stuart Fairchild,656413,70.0,82.0,305,145,41,60,119,43,39,143.0,0.475,0.134,0.197,0.39,0.141,0.128,0.469,3.72,All
698,Sung Mun Song,823550,128.0,149.0,615,276,102,57,237,115,95,262.0,0.449,0.166,0.093,0.385,0.187,0.154,0.426,4.128,All
699,T.J. Rumfield,681198,547.0,631.0,2397,1003,463,218,931,307,476,1158.0,0.418,0.193,0.091,0.388,0.128,0.199,0.483,3.799,All
700,TJ Friedl,670770,818.0,957.0,3655,1545,655,290,1455,727,503,1473.0,0.423,0.179,0.079,0.398,0.199,0.138,0.403,3.819,All
701,Tanner Murray,695020,28.0,32.0,105,44,23,16,38,17,10,50.0,0.419,0.219,0.152,0.362,0.162,0.095,0.476,3.281,All
702,Taylor Trammell,666211,369.0,419.0,1651,790,240,303,621,245,237,785.0,0.478,0.145,0.184,0.376,0.148,0.144,0.475,3.94,All
703,Taylor Walls,670764,651.0,750.0,2977,1358,501,280,1118,540,503,1319.0,0.456,0.168,0.094,0.376,0.181,0.169,0.443,3.969,All
704,Taylor Ward,621493,1077.0,1267.0,5317,2376,781,419,2160,1242,715,1915.0,0.447,0.147,0.079,0.406,0.234,0.134,0.36,4.197,All
705,Teoscar Hernandez,606192,949.0,1031.0,4086,1971,689,648,1426,652,671,2008.0,0.482,0.169,0.159,0.349,0.16,0.164,0.491,3.963,All
706,Terrin Vavra,679631,1.0,1.0,4,2,1,0,1,0,2,3.0,0.5,0.25,0.0,0.25,0.0,0.5,0.75,4.0,All
707,Thairo Estrada,642731,154.0,165.0,569,256,131,70,182,80,105,307.0,0.45,0.23,0.123,0.32,0.141,0.185,0.54,3.448,All
708,Thomas Saggese,695336,432.0,470.0,1883,969,307,258,607,323,382,953.0,0.515,0.163,0.137,0.322,0.172,0.203,0.506,4.006,All
709,Tim Anderson,641313,83.0,90.0,330,172,55,59,103,42,71,185.0,0.521,0.167,0.179,0.312,0.127,0.215,0.561,3.667,All
710,Tim Elko,671284,67.0,72.0,284,156,37,45,91,50,61,143.0,0.549,0.13,0.158,0.32,0.176,0.215,0.504,3.944,All
711,Tim Tawa,694374,508.0,572.0,2257,1070,376,328,811,347,380,1099.0,0.474,0.167,0.145,0.359,0.154,0.168,0.487,3.946,All
712,Tirso Ornelas,672359,14.0,16.0,62,29,12,4,21,13,11,28.0,0.468,0.194,0.065,0.339,0.21,0.177,0.452,3.875,All
713,Tomas Nido,621512,35.0,37.0,119,57,26,18,36,13,26,70.0,0.479,0.218,0.151,0.303,0.109,0.218,0.588,3.216,All
714,Tommy Edman,669242,634.0,704.0,2537,1123,516,254,898,441,426,1198.0,0.443,0.203,0.1,0.354,0.174,0.168,0.472,3.604,All
715,Tommy Pham,502054,418.0,477.0,1829,829,318,186,682,366,277,781.0,0.453,0.174,0.102,0.373,0.2,0.151,0.427,3.834,All
716,Tommy Troy,694371,129.0,143.0,577,270,96,66,211,107,88,259.0,0.468,0.166,0.114,0.366,0.185,0.153,0.449,4.035,All
717,Tommy White,695720,187.0,193.0,691,334,154,84,203,108,142,380.0,0.483,0.223,0.122,0.294,0.156,0.205,0.55,3.58,All
718,Travis Bazzana,683953,445.0,512.0,2067,948,343,221,776,348,373,942.0,0.459,0.166,0.107,0.375,0.168,0.18,0.456,4.037,All
719,Travis Jankowski,608671,45.0,50.0,182,92,35,20,55,41,30,86.0,0.505,0.192,0.11,0.302,0.225,0.165,0.473,3.64,All
720,Travis d'Arnaud,518595,289.0,315.0,1190,606,192,200,392,167,239,631.0,0.509,0.161,0.168,0.329,0.14,0.201,0.53,3.778,All
721,Trea Turner,607208,1229.0,1332.0,5045,2283,981,673,1781,698,912,2566.0,0.453,0.194,0.133,0.353,0.138,0.181,0.509,3.788,All
722,Trei Cruz,669360,5.0,5.0,21,12,2,4,7,4,3,10.0,0.571,0.095,0.19,0.333,0.19,0.143,0.476,4.2,All
723,Trent Grisham,663757,912.0,1065.0,4359,1868,691,351,1800,861,642,1698.0,0.429,0.159,0.081,0.413,0.198,0.147,0.39,4.093,All
724,Trenton Brooks,670092,41.0,43.0,168,81,28,22,59,16,43,93.0,0.482,0.167,0.131,0.351,0.095,0.256,0.554,3.907,All
725,Trevor Larnach,663616,886.0,997.0,3885,1730,692,491,1463,700,538,1722.0,0.445,0.178,0.126,0.377,0.18,0.138,0.443,3.897,All
726,Trevor Rogers,669432,2.0,2.0,6,6,0,1,0,5,0,1.0,1.0,0.0,0.167,0.0,0.833,0.0,0.167,3.0,All
727,Trevor Story,596115,861.0,915.0,3449,1768,603,567,1078,484,717,1887.0,0.513,0.175,0.164,0.313,0.14,0.208,0.547,3.769,All
728,Trey Lipscomb,702358,4.0,4.0,16,7,3,2,6,2,2,8.0,0.438,0.188,0.125,0.375,0.125,0.125,0.5,4.0,All
729,Trey Mancini,641820,13.0,14.0,49,25,11,6,13,4,15,32.0,0.51,0.224,0.122,0.265,0.082,0.306,0.653,3.5,All
730,Trey Sweeney,700242,296.0,326.0,1191,565,208,170,418,166,223,607.0,0.474,0.175,0.143,0.351,0.139,0.187,0.51,3.653,All
731,Tristan Gray,656484,251.0,274.0,1046,531,178,192,337,133,203,576.0,0.508,0.17,0.184,0.322,0.127,0.194,0.551,3.818,All
732,Tristan Peters,671976,448.0,502.0,1810,831,357,228,622,218,366,968.0,0.459,0.197,0.126,0.344,0.12,0.202,0.535,3.606,All
733,Tristin English,663536,22.0,23.0,97,56,14,10,27,19,27,51.0,0.577,0.144,0.103,0.278,0.196,0.278,0.526,4.217,All
734,Triston Casas,671213,99.0,110.0,437,197,72,66,168,57,74,212.0,0.451,0.165,0.151,0.384,0.13,0.169,0.485,3.973,All
735,Troy Johnston,687859,505.0,566.0,2075,957,404,279,714,281,396,1080.0,0.461,0.195,0.134,0.344,0.135,0.191,0.52,3.666,All
736,Tsung-Che Cheng,691907,46.0,51.0,189,96,30,33,63,32,30,94.0,0.508,0.159,0.175,0.333,0.169,0.159,0.497,3.706,All
737,Tucker Barnhart,571466,13.0,15.0,58,29,9,1,20,13,15,25.0,0.5,0.155,0.017,0.345,0.224,0.259,0.431,3.867,All
738,Turner Hill,806367,103.0,122.0,483,206,87,24,190,102,78,191.0,0.427,0.18,0.05,0.393,0.211,0.161,0.395,3.959,All
739,Ty France,664034,880.0,983.0,3842,1793,700,508,1349,454,830,2038.0,0.467,0.182,0.132,0.351,0.118,0.216,0.53,3.908,All
740,Tyler Alexander,641302,1.0,1.0,3,2,1,0,0,1,1,2.0,0.667,0.333,0.0,0.0,0.333,0.333,0.667,3.0,All
741,Tyler Black,672012,35.0,41.0,151,67,27,19,57,21,27,73.0,0.444,0.179,0.126,0.377,0.139,0.179,0.483,3.683,All
742,Tyler Callihan,682997,101.0,113.0,446,230,64,81,152,51,96,243.0,0.516,0.143,0.182,0.341,0.114,0.215,0.545,3.947,All
743,Tyler Fitzgerald,666149,217.0,243.0,925,472,154,152,299,139,174,487.0,0.51,0.166,0.164,0.323,0.15,0.188,0.526,3.807,All
744,Tyler Freeman,671289,632.0,716.0,2670,1151,560,158,959,434,532,1277.0,0.431,0.21,0.059,0.359,0.163,0.199,0.478,3.729,All
745,Tyler Heineman,623168,326.0,374.0,1320,624,284,140,412,186,283,722.0,0.473,0.215,0.106,0.312,0.141,0.214,0.547,3.529,All
746,Tyler Locklear,682988,139.0,158.0,648,328,88,95,232,98,135,318.0,0.506,0.136,0.147,0.358,0.151,0.208,0.491,4.101,All
747,Tyler O'Neill,641933,412.0,468.0,1870,886,292,279,692,294,313,884.0,0.474,0.156,0.149,0.37,0.157,0.167,0.473,3.996,All
748,Tyler Soderstrom,691016,957.0,1071.0,3980,1730,728,459,1522,572,698,1886.0,0.435,0.183,0.115,0.382,0.144,0.175,0.474,3.716,All
749,Tyler Stephenson,663886,710.0,807.0,3293,1566,475,411,1252,582,573,1459.0,0.476,0.144,0.125,0.38,0.177,0.174,0.443,4.081,All
750,Tyler Tolbert,686475,176.0,201.0,699,310,144,102,245,95,100,359.0,0.443,0.206,0.146,0.351,0.136,0.143,0.514,3.478,All
751,Tyler Wade,642180,107.0,127.0,496,235,80,57,181,98,73,217.0,0.474,0.161,0.115,0.365,0.198,0.147,0.438,3.906,All
752,Tyrone Taylor,621438,525.0,577.0,2122,1011,420,228,691,392,387,1039.0,0.476,0.198,0.107,0.326,0.185,0.182,0.49,3.678,All
753,Vaughn Grissom,687093,419.0,470.0,1796,851,340,195,605,312,343,879.0,0.474,0.189,0.109,0.337,0.174,0.191,0.489,3.821,All
754,Victor Bericoto,682674,110.0,113.0,435,229,79,76,127,61,91,247.0,0.526,0.182,0.175,0.292,0.14,0.209,0.568,3.85,All
755,Victor Caratini,605170,671.0,767.0,2881,1275,540,271,1066,542,462,1273.0,0.443,0.187,0.094,0.37,0.188,0.16,0.442,3.756,All
756,Victor Mederos,682989,1.0,1.0,3,1,1,0,1,0,1,2.0,0.333,0.333,0.0,0.333,0.0,0.333,0.667,3.0,All
757,Victor Mesa Jr.,683748,263.0,296.0,1060,489,211,145,360,121,214,578.0,0.461,0.199,0.137,0.34,0.114,0.202,0.545,3.581,All
758,Victor Robles,645302,239.0,263.0,895,423,197,120,275,108,182,511.0,0.473,0.22,0.134,0.307,0.121,0.203,0.571,3.403,All
759,Victor Scott II,687363,564.0,658.0,2419,1081,431,307,907,337,394,1175.0,0.447,0.178,0.127,0.375,0.139,0.163,0.486,3.676,All
760,Vidal Brujan,660644,98.0,108.0,384,169,78,48,137,41,78,206.0,0.44,0.203,0.125,0.357,0.107,0.203,0.536,3.556,All
761,Vimael Machin,605353,17.0,18.0,62,31,13,11,18,12,8,32.0,0.5,0.21,0.177,0.29,0.194,0.129,0.516,3.444,All
762,Vinnie Pasquantino,686469,1038.0,1151.0,4474,1977,866,359,1631,730,881,2113.0,0.442,0.194,0.08,0.365,0.163,0.197,0.472,3.887,All
763,Vinny Capra,681962,96.0,105.0,364,180,76,40,108,93,46,163.0,0.495,0.209,0.11,0.297,0.255,0.126,0.448,3.467,All
764,Vladimir Guerrero Jr.,665489,1131.0,1276.0,4703,1890,966,434,1847,770,686,2086.0,0.402,0.205,0.092,0.393,0.164,0.146,0.444,3.686,All
765,Wade Meckler,685133,298.0,335.0,1204,505,238,110,461,212,177,531.0,0.419,0.198,0.091,0.383,0.176,0.147,0.441,3.594,All
766,Walker Jenkins,805805,80.0,89.0,328,144,62,39,122,48,55,158.0,0.439,0.189,0.119,0.372,0.146,0.168,0.482,3.685,All
767,Warming Bernabel,682653,138.0,145.0,520,242,114,60,164,68,114,288.0,0.465,0.219,0.115,0.315,0.131,0.219,0.554,3.586,All
768,Wenceel Perez,672761,505.0,558.0,2187,1040,394,254,753,364,418,1070.0,0.476,0.18,0.116,0.344,0.166,0.191,0.489,3.919,All
769,Weston Wilson,642215,271.0,304.0,1301,637,181,189,483,232,211,586.0,0.49,0.139,0.145,0.371,0.178,0.162,0.45,4.28,All
770,Will Banfield,677943,27.0,28.0,99,56,17,21,26,10,25,63.0,0.566,0.172,0.212,0.263,0.101,0.253,0.636,3.536,All
771,Will Benson,666181,326.0,365.0,1398,636,227,242,535,170,224,693.0,0.455,0.162,0.173,0.383,0.122,0.16,0.496,3.83,All
772,Will Brennan,686823,34.0,36.0,124,57,30,9,37,17,30,70.0,0.46,0.242,0.073,0.298,0.137,0.242,0.565,3.444,All
773,Will Robertson,683770,71.0,75.0,266,140,44,51,82,41,47,143.0,0.526,0.165,0.192,0.308,0.154,0.177,0.538,3.547,All
774,Will Smith,669257,597.0,711.0,3105,1383,472,248,1250,618,517,1237.0,0.445,0.152,0.08,0.403,0.199,0.167,0.398,4.367,All
775,Will Wagner,695238,164.0,193.0,812,383,130,82,299,129,169,384.0,0.472,0.16,0.101,0.368,0.159,0.208,0.473,4.207,All
776,Will Wilson,669717,83.0,97.0,393,203,53,81,137,40,82,216.0,0.517,0.135,0.206,0.349,0.102,0.209,0.55,4.052,All
777,Willi Castro,650489,829.0,930.0,3634,1791,593,569,1250,458,760,1926.0,0.493,0.163,0.157,0.344,0.126,0.209,0.53,3.908,All
778,William Contreras,661388,1132.0,1289.0,4852,2070,933,509,1849,740,821,2263.0,0.427,0.192,0.105,0.381,0.153,0.169,0.466,3.764,All
779,Willie MacIver,680862,102.0,111.0,395,198,75,59,122,56,83,217.0,0.501,0.19,0.149,0.309,0.142,0.21,0.549,3.559,All
780,Willson Contreras,575929,936.0,1093.0,4232,2016,669,611,1547,631,771,2054.0,0.476,0.158,0.144,0.366,0.149,0.182,0.485,3.872,All
781,Willy Adames,642715,1052.0,1184.0,4759,2262,745,652,1752,756,854,2251.0,0.475,0.157,0.137,0.368,0.159,0.179,0.473,4.019,All
782,Wilmer Flores,527038,418.0,462.0,1918,940,334,186,644,378,376,896.0,0.49,0.174,0.097,0.336,0.197,0.196,0.467,4.152,All
783,Wilyer Abreu,677800,967.0,1086.0,4341,2038,738,519,1565,645,870,2131.0,0.469,0.17,0.12,0.361,0.149,0.2,0.491,3.997,All
784,Wyatt Langford,694671,896.0,1036.0,4210,1936,644,484,1630,707,744,1873.0,0.46,0.153,0.115,0.387,0.168,0.177,0.445,4.064,All
785,Xander Bogaerts,593428,1011.0,1153.0,4476,1968,822,414,1686,927,624,1862.0,0.44,0.184,0.092,0.377,0.207,0.139,0.416,3.882,All
786,Xavier Edwards,669364,1079.0,1208.0,4571,1924,923,311,1724,737,826,2109.0,0.421,0.202,0.068,0.377,0.161,0.181,0.461,3.784,All
787,Yainer Diaz,673237,881.0,921.0,3013,1351,735,404,927,317,629,1768.0,0.448,0.244,0.134,0.308,0.105,0.209,0.587,3.271,All
788,Yandy Diaz,650490,1197.0,1327.0,5101,2214,1018,380,1869,899,935,2333.0,0.434,0.2,0.074,0.366,0.176,0.183,0.457,3.844,All
789,Yanquiel Fernandez,692585,138.0,147.0,608,309,95,98,204,85,126,319.0,0.508,0.156,0.161,0.336,0.14,0.207,0.525,4.136,All
790,Yoan Moncada,660162,358.0,417.0,1680,773,241,221,666,293,259,721.0,0.46,0.143,0.132,0.396,0.174,0.154,0.429,4.029,All
791,Yohandy Morales,691002,47.0,47.0,191,95,32,37,64,30,28,97.0,0.497,0.168,0.194,0.335,0.157,0.147,0.508,4.064,All
792,Yohel Pozo,650968,220.0,230.0,809,393,191,96,225,93,204,491.0,0.486,0.236,0.119,0.278,0.115,0.252,0.607,3.517,All
793,Yohendrick Pinango,682818,169.0,180.0,698,341,125,91,232,111,139,355.0,0.489,0.179,0.13,0.332,0.159,0.199,0.509,3.878,All
794,Yordan Alvarez,670541,728.0,848.0,3538,1464,587,305,1487,562,597,1489.0,0.414,0.166,0.086,0.42,0.159,0.169,0.421,4.172,All
795,Yuli Gurriel,493329,36.0,40.0,148,71,28,13,49,29,29,70.0,0.48,0.189,0.088,0.331,0.196,0.196,0.473,3.7,All
796,Zac Veen,691728,103.0,116.0,444,230,60,105,154,34,83,255.0,0.518,0.135,0.236,0.347,0.077,0.187,0.574,3.828,All
797,Zach Cole Jr.,805904,98.0,105.0,443,225,57,84,161,85,55,197.0,0.508,0.129,0.19,0.363,0.192,0.124,0.445,4.219,All
798,Zach Dezenzo,701305,173.0,191.0,812,416,105,129,291,156,131,365.0,0.512,0.129,0.159,0.358,0.192,0.161,0.45,4.251,All
799,Zach McKinstry,656716,820.0,929.0,3643,1699,652,349,1292,625,720,1726.0,0.466,0.179,0.096,0.355,0.172,0.198,0.474,3.921,All
800,Zach Neto,687263,1118.0,1246.0,4961,2408,762,770,1791,707,923,2463.0,0.485,0.154,0.155,0.361,0.143,0.186,0.496,3.982,All
801,Zack Gelof,680869,482.0,532.0,2096,996,337,317,763,337,336,996.0,0.475,0.161,0.151,0.364,0.161,0.16,0.475,3.94,All
802,Zack Short,670097,100.0,118.0,524,259,67,68,198,102,87,224.0,0.494,0.128,0.13,0.378,0.195,0.166,0.427,4.441,All
0,A.J. Ewing,805999,120.0,136.0,558,260,86,69,212,100,88,246.0,0.466,0.154,0.124,0.38,0.179,0.158,0.441,4.103,vs. LHP
1,Aaron Judge,592450,185.0,216.0,932,409,128,142,395,143,124,394.0,0.439,0.137,0.152,0.424,0.153,0.133,0.423,4.315,vs. LHP
2,Aaron Sabato,693306,3.0,3.0,11,6,2,1,3,1,4,7.0,0.545,0.182,0.091,0.273,0.091,0.364,0.636,3.667,vs. LHP
3,Aaron Schunk,668845,21.0,21.0,75,41,14,12,20,8,21,47.0,0.547,0.187,0.16,0.267,0.107,0.28,0.627,3.571,vs. LHP
4,Abimelec Ortiz,694673,10.0,10.0,47,27,5,6,15,6,15,26.0,0.574,0.106,0.128,0.319,0.128,0.319,0.553,4.7,vs. LHP
5,Abraham Toro,647351,71.0,78.0,303,137,63,27,103,49,60,151.0,0.452,0.208,0.089,0.34,0.162,0.198,0.498,3.885,vs. LHP
6,Adael Amador,691182,53.0,58.0,208,97,41,19,70,25,53,113.0,0.466,0.197,0.091,0.337,0.12,0.255,0.543,3.586,vs. LHP
7,Adam Frazier,624428,76.0,88.0,347,171,54,47,122,48,74,177.0,0.493,0.156,0.135,0.352,0.138,0.213,0.51,3.943,vs. LHP
8,Addison Barger,680718,86.0,93.0,351,177,58,44,116,77,56,158.0,0.504,0.165,0.125,0.33,0.219,0.16,0.45,3.774,vs. LHP
9,Adley Rutschman,668939,225.0,250.0,978,409,190,54,379,224,131,375.0,0.418,0.194,0.055,0.388,0.229,0.134,0.383,3.912,vs. LHP
10,Adolis Garcia,666969,195.0,212.0,888,448,136,129,304,144,175,440.0,0.505,0.153,0.145,0.342,0.162,0.197,0.495,4.189,vs. LHP
11,Adrian Del Castillo,680728,33.0,37.0,143,82,21,25,40,31,25,72.0,0.573,0.147,0.175,0.28,0.217,0.175,0.503,3.865,vs. LHP
12,Agustin Ramirez,682663,228.0,257.0,1028,474,163,158,391,142,174,495.0,0.461,0.159,0.154,0.38,0.138,0.169,0.482,4.0,vs. LHP
13,Akil Baddoo,668731,2.0,2.0,3,1,2,1,0,0,0,3.0,0.333,0.667,0.333,0.0,0.0,0.0,1.0,1.5,vs. LHP
14,Alan Roden,702176,38.0,45.0,147,61,33,17,53,17,26,77.0,0.415,0.224,0.116,0.361,0.116,0.177,0.524,3.267,vs. LHP
15,Alan Trejo,676701,8.0,8.0,27,14,7,4,6,5,5,16.0,0.519,0.259,0.148,0.222,0.185,0.185,0.593,3.375,vs. LHP
16,Alec Bohm,664761,300.0,326.0,1161,488,260,74,413,205,208,542.0,0.42,0.224,0.064,0.356,0.177,0.179,0.467,3.561,vs. LHP
17,Alec Burleson,676475,311.0,333.0,1169,532,257,142,380,165,223,624.0,0.455,0.22,0.121,0.325,0.141,0.191,0.534,3.511,vs. LHP
18,Alejandro Kirk,672386,212.0,236.0,918,409,180,81,329,184,144,405.0,0.446,0.196,0.088,0.358,0.2,0.157,0.441,3.89,vs. LHP
19,Alejandro Osuna,696030,56.0,62.0,205,100,46,20,59,45,35,101.0,0.488,0.224,0.098,0.288,0.22,0.171,0.493,3.306,vs. LHP
20,Alek Thomas,677950,97.0,106.0,333,158,78,56,97,52,44,184.0,0.474,0.234,0.168,0.291,0.156,0.132,0.553,3.142,vs. LHP
21,Alex Bregman,608324,257.0,305.0,1259,529,217,68,513,268,193,478.0,0.42,0.172,0.054,0.407,0.213,0.153,0.38,4.128,vs. LHP
22,Alex Call,669743,167.0,195.0,809,380,137,68,292,173,135,344.0,0.47,0.169,0.084,0.361,0.214,0.167,0.425,4.149,vs. LHP
23,Alex Freeland,690976,47.0,51.0,218,111,24,37,83,48,23,87.0,0.509,0.11,0.17,0.381,0.22,0.106,0.399,4.275,vs. LHP
24,Alex Jackson,656577,52.0,57.0,202,113,30,41,59,30,41,113.0,0.559,0.149,0.203,0.292,0.149,0.203,0.559,3.544,vs. LHP
25,Alex Verdugo,657077,28.0,31.0,151,67,22,8,62,39,20,50.0,0.444,0.146,0.053,0.411,0.258,0.132,0.331,4.871,vs. LHP
26,Alexander Canario,672744,99.0,108.0,409,203,63,94,143,51,58,215.0,0.496,0.154,0.23,0.35,0.125,0.142,0.526,3.787,vs. LHP
27,Ali Sanchez,645305,47.0,49.0,187,91,34,22,62,32,37,93.0,0.487,0.182,0.118,0.332,0.171,0.198,0.497,3.816,vs. LHP
28,Alika Williams,675961,95.0,103.0,380,180,77,42,123,50,87,207.0,0.474,0.203,0.111,0.324,0.132,0.229,0.545,3.689,vs. LHP
29,Amed Rosario,642708,265.0,282.0,990,463,220,127,307,125,211,558.0,0.468,0.222,0.128,0.31,0.126,0.213,0.564,3.511,vs. LHP
30,Andres Chaparro,665953,163.0,190.0,733,344,113,116,276,105,123,352.0,0.469,0.154,0.158,0.377,0.143,0.168,0.48,3.858,vs. LHP
31,Andres Gimenez,665926,213.0,229.0,789,400,174,111,215,119,154,454.0,0.507,0.221,0.141,0.272,0.151,0.195,0.575,3.445,vs. LHP
32,Andrew Benintendi,643217,132.0,140.0,512,265,96,107,151,54,103,307.0,0.518,0.188,0.209,0.295,0.105,0.201,0.6,3.657,vs. LHP
33,Andrew Knizner,668800,72.0,75.0,274,137,60,32,77,50,55,147.0,0.5,0.219,0.117,0.281,0.182,0.201,0.536,3.653,vs. LHP
34,Andrew McCutchen,457705,174.0,197.0,833,371,131,102,331,136,133,366.0,0.445,0.157,0.122,0.397,0.163,0.16,0.439,4.228,vs. LHP
35,Andrew Pinckney,687605,13.0,16.0,56,25,10,6,21,9,10,26.0,0.446,0.179,0.107,0.375,0.161,0.179,0.464,3.5,vs. LHP
36,Andrew Vaughn,683734,231.0,264.0,1076,447,197,74,432,206,167,438.0,0.415,0.183,0.069,0.401,0.191,0.155,0.407,4.076,vs. LHP
37,Andrew Velazquez,623205,4.0,4.0,10,6,3,2,1,1,3,8.0,0.6,0.3,0.2,0.1,0.1,0.3,0.8,2.5,vs. LHP
38,Andruw Monasterio,655316,158.0,178.0,815,390,123,77,302,129,182,384.0,0.479,0.151,0.094,0.371,0.158,0.223,0.471,4.579,vs. LHP
39,Andy Ibanez,628451,146.0,159.0,586,263,124,59,199,81,123,306.0,0.449,0.212,0.101,0.34,0.138,0.21,0.522,3.686,vs. LHP
40,Andy Pages,681624,294.0,320.0,1252,565,231,135,456,175,255,621.0,0.451,0.185,0.108,0.364,0.14,0.204,0.496,3.912,vs. LHP
41,Angel Genao,694197,38.0,42.0,150,66,31,23,53,30,13,67.0,0.44,0.207,0.153,0.353,0.2,0.087,0.447,3.571,vs. LHP
42,Angel Martinez,682657,288.0,317.0,1153,559,237,108,357,204,232,592.0,0.485,0.206,0.094,0.31,0.177,0.201,0.513,3.637,vs. LHP
43,Anthony Santander,623993,48.0,55.0,220,111,28,30,81,49,32,90.0,0.505,0.127,0.136,0.368,0.223,0.145,0.409,4.0,vs. LHP
44,Anthony Seigler,678011,40.0,46.0,165,73,35,15,57,34,22,74.0,0.442,0.212,0.091,0.345,0.206,0.133,0.448,3.587,vs. LHP
45,Anthony Volpe,683011,244.0,272.0,1103,499,189,114,415,215,169,473.0,0.452,0.171,0.103,0.376,0.195,0.153,0.429,4.055,vs. LHP
46,Aramis Garcia,605244,5.0,5.0,18,8,4,4,6,2,2,10.0,0.444,0.222,0.222,0.333,0.111,0.111,0.556,3.6,vs. LHP
47,Austin Barnes,605131,7.0,7.0,26,12,6,2,8,6,4,12.0,0.462,0.231,0.077,0.308,0.231,0.154,0.462,3.714,vs. LHP
48,Austin Hays,669720,141.0,156.0,570,255,107,86,208,64,105,298.0,0.447,0.188,0.151,0.365,0.112,0.184,0.523,3.654,vs. LHP
49,Austin Hedges,595978,183.0,217.0,821,356,151,101,314,118,131,388.0,0.434,0.184,0.123,0.382,0.144,0.16,0.473,3.783,vs. LHP
50,Austin Martin,668885,189.0,230.0,899,357,152,68,390,154,130,355.0,0.397,0.169,0.076,0.434,0.171,0.145,0.395,3.909,vs. LHP
51,Austin Nola,543592,4.0,6.0,23,8,5,0,10,2,6,11.0,0.348,0.217,0.0,0.435,0.087,0.261,0.478,3.833,vs. LHP
52,Austin Riley,663586,255.0,282.0,1167,535,174,174,458,152,209,557.0,0.458,0.149,0.149,0.392,0.13,0.179,0.477,4.138,vs. LHP
53,Austin Slater,596103,142.0,158.0,636,318,96,84,222,98,132,316.0,0.5,0.151,0.132,0.349,0.154,0.208,0.497,4.025,vs. LHP
54,Austin Wells,669224,215.0,236.0,970,474,155,138,341,154,181,475.0,0.489,0.16,0.142,0.352,0.159,0.187,0.49,4.11,vs. LHP
55,Austin Wynns,642851,70.0,75.0,293,169,48,42,76,56,71,161.0,0.577,0.164,0.143,0.259,0.191,0.242,0.549,3.907,vs. LHP
56,BJ Murray Jr.,681230,7.0,7.0,26,12,6,1,8,5,6,13.0,0.462,0.231,0.038,0.308,0.192,0.231,0.5,3.714,vs. LHP
57,Ben Malgeri,701162,72.0,84.0,321,139,51,37,131,53,49,137.0,0.433,0.159,0.115,0.408,0.165,0.153,0.427,3.821,vs. LHP
58,Ben Rice,700250,305.0,340.0,1333,634,214,165,485,253,215,595.0,0.476,0.161,0.124,0.364,0.19,0.161,0.446,3.921,vs. LHP
59,Ben Rortvedt,666163,33.0,37.0,126,60,28,18,38,27,13,61.0,0.476,0.222,0.143,0.302,0.214,0.103,0.484,3.405,vs. LHP
60,Ben Ross,805346,7.0,7.0,30,12,6,3,12,5,4,13.0,0.4,0.2,0.1,0.4,0.167,0.133,0.433,4.286,vs. LHP
61,Ben Williamson,810938,209.0,226.0,933,462,166,81,305,185,196,443.0,0.495,0.178,0.087,0.327,0.198,0.21,0.475,4.128,vs. LHP
62,Billy Cook,695257,35.0,36.0,138,77,22,23,39,23,30,76.0,0.558,0.159,0.167,0.283,0.167,0.217,0.551,3.833,vs. LHP
63,Billy McKinney,641856,1.0,1.0,5,2,1,0,2,1,1,2.0,0.4,0.2,0.0,0.4,0.2,0.2,0.4,5.0,vs. LHP
64,Blaine Crim,688760,12.0,15.0,51,20,11,6,20,7,7,24.0,0.392,0.216,0.118,0.392,0.137,0.137,0.471,3.4,vs. LHP
65,Blake Dunn,694362,65.0,77.0,314,154,41,48,119,53,52,142.0,0.49,0.131,0.153,0.379,0.169,0.166,0.452,4.078,vs. LHP
66,Blake Hunt,675448,2.0,2.0,10,7,0,2,3,3,2,4.0,0.7,0.0,0.2,0.3,0.3,0.2,0.4,5.0,vs. LHP
67,Blake Perkins,663368,100.0,113.0,480,225,77,39,178,107,75,195.0,0.469,0.16,0.081,0.371,0.223,0.156,0.406,4.248,vs. LHP
68,Blake Sabol,666165,4.0,5.0,18,11,3,3,4,3,5,11.0,0.611,0.167,0.167,0.222,0.167,0.278,0.611,3.6,vs. LHP
69,Blaze Alexander,677942,167.0,188.0,738,350,119,98,269,88,157,381.0,0.474,0.161,0.133,0.364,0.119,0.213,0.516,3.926,vs. LHP
70,Blaze Jordan,691458,71.0,76.0,266,116,62,27,88,35,54,143.0,0.436,0.233,0.102,0.331,0.132,0.203,0.538,3.5,vs. LHP
71,Bo Bichette,666182,305.0,333.0,1275,590,262,131,423,159,300,693.0,0.463,0.205,0.103,0.332,0.125,0.235,0.544,3.829,vs. LHP
72,Bo Davidson,815589,10.0,10.0,31,19,7,6,5,7,6,19.0,0.613,0.226,0.194,0.161,0.226,0.194,0.613,3.1,vs. LHP
73,Bo Naylor,666310,90.0,99.0,372,176,76,37,120,53,86,199.0,0.473,0.204,0.099,0.323,0.142,0.231,0.535,3.758,vs. LHP
74,Bobby Dalbec,666915,8.0,9.0,36,17,5,4,14,10,3,12.0,0.472,0.139,0.111,0.389,0.278,0.083,0.333,4.0,vs. LHP
75,Bobby Seymour,676044,18.0,18.0,73,48,7,17,18,11,20,44.0,0.658,0.096,0.233,0.247,0.151,0.274,0.603,4.056,vs. LHP
76,Bobby Witt Jr.,677951,277.0,299.0,1191,525,225,131,441,178,216,572.0,0.441,0.189,0.11,0.37,0.149,0.181,0.48,3.983,vs. LHP
77,Braden Montgomery,695731,90.0,100.0,383,187,61,71,135,44,71,204.0,0.488,0.159,0.185,0.352,0.115,0.185,0.533,3.83,vs. LHP
78,Braden Shewmake,669699,10.0,12.0,43,22,9,7,12,9,6,22.0,0.512,0.209,0.163,0.279,0.209,0.14,0.512,3.583,vs. LHP
79,Brady House,691781,177.0,194.0,719,345,126,130,248,87,127,383.0,0.48,0.175,0.181,0.345,0.121,0.177,0.533,3.706,vs. LHP
80,Brandon Lockridge,663604,110.0,121.0,481,251,77,69,153,86,89,242.0,0.522,0.16,0.143,0.318,0.179,0.185,0.503,3.975,vs. LHP
81,Brandon Lowe,664040,332.0,358.0,1372,725,214,285,433,211,227,728.0,0.528,0.156,0.208,0.316,0.154,0.165,0.531,3.832,vs. LHP
82,Brandon Marsh,669016,197.0,217.0,811,424,121,136,266,144,142,401.0,0.523,0.149,0.168,0.328,0.178,0.175,0.494,3.737,vs. LHP
83,Brandon Nimmo,607043,371.0,408.0,1581,742,287,196,552,229,315,800.0,0.469,0.182,0.124,0.349,0.145,0.199,0.506,3.875,vs. LHP
84,Brandon Valenzuela,678218,66.0,77.0,338,167,48,43,123,35,89,180.0,0.494,0.142,0.127,0.364,0.104,0.263,0.533,4.39,vs. LHP
85,Braxton Fulford,690924,93.0,103.0,443,207,59,64,177,68,75,198.0,0.467,0.133,0.144,0.4,0.153,0.169,0.447,4.301,vs. LHP
86,Brayan Rocchio,677587,279.0,315.0,1151,555,224,167,372,163,220,616.0,0.482,0.195,0.145,0.323,0.142,0.191,0.535,3.654,vs. LHP
87,Brendan Donovan,680977,200.0,221.0,856,405,164,67,287,187,145,382.0,0.473,0.192,0.078,0.335,0.218,0.169,0.446,3.873,vs. LHP
88,Brendan Rodgers,663898,24.0,26.0,99,51,14,18,34,14,19,51.0,0.515,0.141,0.182,0.343,0.141,0.192,0.515,3.808,vs. LHP
89,Brent Rooker,667670,185.0,205.0,784,347,138,121,299,108,118,377.0,0.443,0.176,0.154,0.381,0.138,0.151,0.481,3.824,vs. LHP
90,Brenton Doyle,686668,211.0,230.0,840,388,158,129,294,97,160,449.0,0.462,0.188,0.154,0.35,0.115,0.19,0.535,3.652,vs. LHP
91,Brett Bateman,703520,56.0,61.0,225,104,45,16,76,54,33,95.0,0.462,0.2,0.071,0.338,0.24,0.147,0.422,3.689,vs. LHP
92,Brett Baty,683146,154.0,171.0,673,311,108,75,254,119,115,300.0,0.462,0.16,0.111,0.377,0.177,0.171,0.446,3.936,vs. LHP
93,Brett Callahan,814430,0.0,1.0,5,3,0,1,2,0,2,3.0,0.6,0.0,0.2,0.4,0.0,0.4,0.6,5.0,vs. LHP
94,Brett Harris,695391,51.0,60.0,230,105,38,29,87,36,38,107.0,0.457,0.165,0.126,0.378,0.157,0.165,0.465,3.833,vs. LHP
95,Brett Sullivan,664954,61.0,68.0,241,107,56,21,78,42,43,121.0,0.444,0.232,0.087,0.324,0.174,0.178,0.502,3.544,vs. LHP
96,Brett Wisely,689172,8.0,9.0,37,18,6,7,13,6,3,18.0,0.486,0.162,0.189,0.351,0.162,0.081,0.486,4.111,vs. LHP
97,Brewer Hicklen,676551,8.0,9.0,34,13,5,5,16,4,4,14.0,0.382,0.147,0.147,0.471,0.118,0.118,0.412,3.778,vs. LHP
98,Brian Navarreto,640459,42.0,45.0,177,94,28,34,55,24,36,98.0,0.531,0.158,0.192,0.311,0.136,0.203,0.554,3.933,vs. LHP
99,Brian Serven,661531,34.0,34.0,124,59,27,14,38,23,22,63.0,0.476,0.218,0.113,0.306,0.185,0.177,0.508,3.647,vs. LHP
100,Brice Matthews,694728,92.0,97.0,433,210,58,76,165,71,59,196.0,0.485,0.134,0.176,0.381,0.164,0.136,0.453,4.464,vs. LHP
101,Brice Turang,668930,349.0,392.0,1644,771,260,160,613,323,277,708.0,0.469,0.158,0.097,0.373,0.196,0.168,0.431,4.194,vs. LHP
102,Brock Rodden,801126,16.0,18.0,70,33,11,10,26,12,10,32.0,0.471,0.157,0.143,0.371,0.171,0.143,0.457,3.889,vs. LHP
103,Brooks Baldwin,681460,59.0,64.0,234,103,48,18,83,39,37,112.0,0.44,0.205,0.077,0.355,0.167,0.158,0.479,3.656,vs. LHP
104,Brooks Lee,686797,355.0,381.0,1432,687,271,184,474,228,274,730.0,0.48,0.189,0.128,0.331,0.159,0.191,0.51,3.759,vs. LHP
105,Bryan De La Cruz,650559,49.0,54.0,229,119,36,28,74,39,52,116.0,0.52,0.157,0.122,0.323,0.17,0.227,0.507,4.241,vs. LHP
106,Bryan Ramos,682868,2.0,2.0,5,3,2,1,0,1,1,4.0,0.6,0.4,0.2,0.0,0.2,0.2,0.8,2.5,vs. LHP
107,Bryan Reynolds,668804,358.0,406.0,1569,723,258,228,588,196,298,785.0,0.461,0.164,0.145,0.375,0.125,0.19,0.5,3.865,vs. LHP
108,Bryan Torres,663494,27.0,32.0,119,54,24,8,41,26,17,52.0,0.454,0.202,0.067,0.345,0.218,0.143,0.437,3.719,vs. LHP
109,Bryce Eldridge,805811,127.0,144.0,570,255,88,67,227,100,88,243.0,0.447,0.154,0.118,0.398,0.175,0.154,0.426,3.958,vs. LHP
110,Bryce Harper,547180,434.0,497.0,1939,923,319,356,697,183,379,1059.0,0.476,0.165,0.184,0.359,0.094,0.195,0.546,3.901,vs. LHP
111,Bryce Johnson,669369,42.0,48.0,182,89,32,29,61,31,27,90.0,0.489,0.176,0.159,0.335,0.17,0.148,0.495,3.792,vs. LHP
112,Bryce Teodosio,669326,68.0,74.0,245,137,43,60,65,28,45,152.0,0.559,0.176,0.245,0.265,0.114,0.184,0.62,3.311,vs. LHP
113,Bryson Stott,681082,239.0,268.0,1132,523,197,96,412,261,166,459.0,0.462,0.174,0.085,0.364,0.231,0.147,0.405,4.224,vs. LHP
114,Buddy Kennedy,671083,44.0,50.0,231,118,27,30,86,39,49,106.0,0.511,0.117,0.13,0.372,0.169,0.212,0.459,4.62,vs. LHP
115,Byron Buxton,621439,213.0,234.0,897,414,162,129,321,121,164,455.0,0.462,0.181,0.144,0.358,0.135,0.183,0.507,3.833,vs. LHP
116,C.J. Abrams,682928,375.0,403.0,1496,767,262,245,467,249,273,780.0,0.513,0.175,0.164,0.312,0.166,0.182,0.521,3.712,vs. LHP
117,C.J. Kayfus,692216,24.0,25.0,69,35,15,22,19,7,5,43.0,0.507,0.217,0.319,0.275,0.101,0.072,0.623,2.76,vs. LHP
118,C.J. Stubbs,667690,1.0,1.0,4,2,1,0,1,1,1,2.0,0.5,0.25,0.0,0.25,0.25,0.25,0.5,4.0,vs. LHP
119,CJ Alexander,680769,1.0,1.0,5,3,0,2,2,1,0,2.0,0.6,0.0,0.4,0.4,0.2,0.0,0.4,5.0,vs. LHP
120,Cal Raleigh,663728,347.0,395.0,1648,838,223,308,587,189,341,872.0,0.508,0.135,0.187,0.356,0.115,0.207,0.529,4.172,vs. LHP
121,Caleb Durbin,702332,259.0,294.0,1092,451,237,75,404,190,179,498.0,0.413,0.217,0.069,0.37,0.174,0.164,0.456,3.714,vs. LHP
122,Cam Devanney,687478,14.0,15.0,69,40,4,16,25,9,15,35.0,0.58,0.058,0.232,0.362,0.13,0.217,0.507,4.6,vs. LHP
123,Cam Smith,701358,246.0,284.0,1257,607,176,172,474,198,237,585.0,0.483,0.14,0.137,0.377,0.158,0.189,0.465,4.426,vs. LHP
124,Cameron Cauley,695508,33.0,37.0,134,65,23,23,46,20,21,68.0,0.485,0.172,0.172,0.343,0.149,0.157,0.507,3.622,vs. LHP
125,Carlos Correa,621043,164.0,187.0,780,339,134,77,307,118,144,355.0,0.435,0.172,0.099,0.394,0.151,0.185,0.455,4.171,vs. LHP
126,Carlos Cortes,666126,27.0,28.0,92,45,21,17,26,18,10,48.0,0.489,0.228,0.185,0.283,0.196,0.109,0.522,3.286,vs. LHP
127,Carlos Jorge,699115,4.0,4.0,13,7,2,5,4,2,0,7.0,0.538,0.154,0.385,0.308,0.154,0.0,0.538,3.25,vs. LHP
128,Carlos Narvaez,665966,184.0,207.0,870,430,134,119,306,141,170,423.0,0.494,0.154,0.137,0.352,0.162,0.195,0.486,4.203,vs. LHP
129,Carlos Santana,467793,133.0,151.0,599,257,108,58,234,100,99,265.0,0.429,0.18,0.097,0.391,0.167,0.165,0.442,3.967,vs. LHP
130,Carson Benge,701807,168.0,186.0,803,382,120,77,301,151,153,351.0,0.476,0.149,0.096,0.375,0.188,0.191,0.437,4.317,vs. LHP
131,Carson Kelly,608348,232.0,262.0,1047,470,187,114,390,148,208,509.0,0.449,0.179,0.109,0.372,0.141,0.199,0.486,3.996,vs. LHP
132,Carson McCusker,676812,24.0,25.0,104,54,12,23,38,15,16,51.0,0.519,0.115,0.221,0.365,0.144,0.154,0.49,4.16,vs. LHP
133,Carson Williams,700246,49.0,54.0,206,112,27,48,67,24,40,115.0,0.544,0.131,0.233,0.325,0.117,0.194,0.558,3.815,vs. LHP
134,Carter Jensen,695600,164.0,184.0,721,324,113,93,284,133,98,304.0,0.449,0.157,0.129,0.394,0.184,0.136,0.422,3.918,vs. LHP
135,Carter Kieboom,666198,2.0,2.0,8,4,2,1,2,0,3,6.0,0.5,0.25,0.125,0.25,0.0,0.375,0.75,4.0,vs. LHP
136,Casey Schmitt,669477,209.0,224.0,856,428,163,112,265,119,195,472.0,0.5,0.19,0.131,0.31,0.139,0.228,0.551,3.821,vs. LHP
137,Cavan Biggio,624415,6.0,9.0,35,17,6,4,12,11,2,12.0,0.486,0.171,0.114,0.343,0.314,0.057,0.343,3.889,vs. LHP
138,Ceddanne Rafaela,678882,292.0,314.0,1198,609,226,196,363,140,264,695.0,0.508,0.189,0.164,0.303,0.117,0.22,0.58,3.815,vs. LHP
139,Cedric Mullins II,656775,215.0,251.0,1032,460,180,106,392,139,206,501.0,0.446,0.174,0.103,0.38,0.135,0.2,0.485,4.112,vs. LHP
140,Cesar Prieto,693409,3.0,3.0,5,1,3,0,1,1,0,3.0,0.2,0.6,0.0,0.2,0.2,0.0,0.6,1.667,vs. LHP
141,Cesar Salazar,663967,11.0,12.0,45,22,9,4,14,5,13,26.0,0.489,0.2,0.089,0.311,0.111,0.289,0.578,3.75,vs. LHP
142,Chad Stevens,677060,18.0,21.0,105,59,8,14,38,14,30,53.0,0.562,0.076,0.133,0.362,0.133,0.286,0.505,5.0,vs. LHP
143,Chadwick Tromp,644433,25.0,25.0,81,41,19,12,21,16,13,44.0,0.506,0.235,0.148,0.259,0.198,0.16,0.543,3.24,vs. LHP
144,Chandler Simpson,802415,307.0,324.0,1034,439,285,67,310,197,160,527.0,0.425,0.276,0.065,0.3,0.191,0.155,0.51,3.191,vs. LHP
145,Charles McAdoo,807727,52.0,58.0,233,112,36,28,85,41,43,107.0,0.481,0.155,0.12,0.365,0.176,0.185,0.459,4.017,vs. LHP
146,Chas McCormick,676801,42.0,49.0,192,92,33,38,67,16,37,109.0,0.479,0.172,0.198,0.349,0.083,0.193,0.568,3.918,vs. LHP
147,Chase DeLauter,800050,164.0,179.0,692,301,129,57,262,125,118,304.0,0.435,0.186,0.082,0.379,0.181,0.171,0.439,3.866,vs. LHP
148,Chase Meidroth,805367,297.0,339.0,1426,659,242,89,525,312,253,589.0,0.462,0.17,0.062,0.368,0.219,0.177,0.413,4.206,vs. LHP
149,Chris Taylor,621035,34.0,36.0,114,61,22,26,31,19,15,64.0,0.535,0.193,0.228,0.272,0.167,0.132,0.561,3.167,vs. LHP
150,Christian Encarnacion-Strand,687952,102.0,111.0,400,223,68,77,109,48,98,243.0,0.558,0.17,0.192,0.272,0.12,0.245,0.608,3.604,vs. LHP
151,Christian Franklin,681047,24.0,29.0,133,60,16,16,57,24,19,52.0,0.451,0.12,0.12,0.429,0.18,0.143,0.391,4.586,vs. LHP
152,Christian Koss,683766,105.0,114.0,403,196,74,77,133,45,71,225.0,0.486,0.184,0.191,0.33,0.112,0.176,0.558,3.535,vs. LHP
153,Christian Moore,695681,85.0,93.0,375,187,58,68,130,45,74,200.0,0.499,0.155,0.181,0.347,0.12,0.197,0.533,4.032,vs. LHP
154,Christian Vazquez,543877,108.0,123.0,488,228,87,45,173,89,94,226.0,0.467,0.178,0.092,0.355,0.182,0.193,0.463,3.967,vs. LHP
155,Christian Walker,572233,239.0,275.0,1086,496,179,151,411,131,214,544.0,0.457,0.165,0.139,0.378,0.121,0.197,0.501,3.949,vs. LHP
156,Christian Yelich,592885,304.0,335.0,1371,662,214,178,495,244,232,632.0,0.483,0.156,0.13,0.361,0.178,0.169,0.461,4.093,vs. LHP
157,Christopher Morel,666624,188.0,203.0,794,397,116,155,281,94,148,419.0,0.5,0.146,0.195,0.354,0.118,0.186,0.528,3.911,vs. LHP
158,Chuckie Robinson,642020,9.0,11.0,29,12,10,5,7,4,1,18.0,0.414,0.345,0.172,0.241,0.138,0.034,0.621,2.636,vs. LHP
159,Coby Mayo,691723,233.0,260.0,1036,485,167,134,384,173,178,479.0,0.468,0.161,0.129,0.371,0.167,0.172,0.462,3.985,vs. LHP
160,Coco Montes,663796,8.0,8.0,23,11,6,2,6,8,1,9.0,0.478,0.261,0.087,0.261,0.348,0.043,0.391,2.875,vs. LHP
161,Cody Bellinger,641355,332.0,376.0,1422,620,294,109,508,252,259,662.0,0.436,0.207,0.077,0.357,0.177,0.182,0.466,3.782,vs. LHP
162,Cody Freeman,683227,86.0,96.0,378,183,75,31,120,85,65,173.0,0.484,0.198,0.082,0.317,0.225,0.172,0.458,3.938,vs. LHP
163,Colby Thomas,687515,158.0,173.0,642,327,107,126,208,66,135,368.0,0.509,0.167,0.196,0.324,0.103,0.21,0.573,3.711,vs. LHP
164,Cole Carrigg,694249,143.0,152.0,581,304,108,88,169,58,155,353.0,0.523,0.186,0.151,0.291,0.1,0.267,0.608,3.822,vs. LHP
165,Cole Young,702284,254.0,281.0,1094,517,198,120,379,197,198,518.0,0.473,0.181,0.11,0.346,0.18,0.181,0.473,3.893,vs. LHP
166,Collin Price,805672,2.0,2.0,10,6,1,3,3,3,0,4.0,0.6,0.1,0.3,0.3,0.3,0.0,0.4,5.0,vs. LHP
167,Colson Montgomery,695657,251.0,277.0,982,470,176,171,336,122,177,524.0,0.479,0.179,0.174,0.342,0.124,0.18,0.534,3.545,vs. LHP
168,Colt Emerson,806068,74.0,80.0,318,167,46,51,105,56,60,157.0,0.525,0.145,0.16,0.33,0.176,0.189,0.494,3.975,vs. LHP
169,Colt Keith,690993,67.0,71.0,272,119,51,27,102,56,36,114.0,0.438,0.188,0.099,0.375,0.206,0.132,0.419,3.831,vs. LHP
170,Colton Cowser,681297,142.0,157.0,653,346,83,93,224,160,90,269.0,0.53,0.127,0.142,0.343,0.245,0.138,0.412,4.159,vs. LHP
171,Connor Joe,656582,56.0,66.0,272,129,40,25,103,58,46,111.0,0.474,0.147,0.092,0.379,0.213,0.169,0.408,4.121,vs. LHP
172,Connor Kaiser,663731,5.0,5.0,16,8,3,4,5,3,1,8.0,0.5,0.188,0.25,0.312,0.188,0.062,0.5,3.2,vs. LHP
173,Connor Norby,681393,196.0,234.0,953,448,136,125,369,119,204,465.0,0.47,0.143,0.131,0.387,0.125,0.214,0.488,4.073,vs. LHP
174,Connor Wong,657136,103.0,117.0,454,199,83,42,172,75,80,207.0,0.438,0.183,0.093,0.379,0.165,0.176,0.456,3.88,vs. LHP
175,Cooper Hummel,669450,39.0,45.0,202,93,27,23,82,37,33,83.0,0.46,0.134,0.114,0.406,0.183,0.163,0.411,4.489,vs. LHP
176,Cooper Ingle,694876,4.0,4.0,11,8,2,2,1,4,2,6.0,0.727,0.182,0.182,0.091,0.364,0.182,0.545,2.75,vs. LHP
177,Cooper Pratt,806198,58.0,70.0,267,129,48,26,90,51,49,126.0,0.483,0.18,0.097,0.337,0.191,0.184,0.472,3.814,vs. LHP
178,Corbin Carroll,682998,361.0,410.0,1532,689,273,179,570,274,236,688.0,0.45,0.178,0.117,0.372,0.179,0.154,0.449,3.737,vs. LHP
179,Corey Julks,667452,14.0,15.0,54,25,12,7,17,9,9,28.0,0.463,0.222,0.13,0.315,0.167,0.167,0.519,3.6,vs. LHP
180,Corey Seager,608369,266.0,295.0,1118,509,190,199,419,112,198,587.0,0.455,0.17,0.178,0.375,0.1,0.177,0.525,3.79,vs. LHP
181,Cristian Pache,665506,4.0,4.0,20,11,2,3,7,5,3,8.0,0.55,0.1,0.15,0.35,0.25,0.15,0.4,5.0,vs. LHP
182,Curtis Mead,678554,235.0,267.0,1077,477,186,84,414,192,200,471.0,0.443,0.173,0.078,0.384,0.178,0.186,0.437,4.034,vs. LHP
183,D.J. LeMahieu,518934,44.0,51.0,205,92,30,14,83,48,30,74.0,0.449,0.146,0.068,0.405,0.234,0.146,0.361,4.02,vs. LHP
184,DaShawn Keirsey Jr.,680577,17.0,19.0,91,54,6,17,31,15,21,45.0,0.593,0.066,0.187,0.341,0.165,0.231,0.495,4.789,vs. LHP
185,Dairon Blanco,680118,5.0,5.0,23,12,3,4,8,4,3,11.0,0.522,0.13,0.174,0.348,0.174,0.13,0.478,4.6,vs. LHP
186,Dalton Rushing,687221,94.0,107.0,383,186,62,54,135,69,62,178.0,0.486,0.162,0.141,0.352,0.18,0.162,0.465,3.579,vs. LHP
187,Dane Myers,667472,231.0,261.0,1028,454,179,85,395,201,166,432.0,0.442,0.174,0.083,0.384,0.196,0.161,0.42,3.939,vs. LHP
188,Daniel Johnson,669288,10.0,11.0,31,13,9,5,9,4,4,18.0,0.419,0.29,0.161,0.29,0.129,0.129,0.581,2.818,vs. LHP
189,Daniel Schneemann,682177,109.0,126.0,502,243,70,77,189,95,68,218.0,0.484,0.139,0.153,0.376,0.189,0.135,0.434,3.984,vs. LHP
190,Daniel Susac,691740,46.0,49.0,184,88,38,27,58,26,34,99.0,0.478,0.207,0.147,0.315,0.141,0.185,0.538,3.755,vs. LHP
191,Danny Jansen,643376,150.0,183.0,787,382,98,103,307,135,143,345.0,0.485,0.125,0.131,0.39,0.172,0.182,0.438,4.301,vs. LHP
192,Dansby Swanson,621020,253.0,274.0,1047,492,177,178,378,142,172,527.0,0.47,0.169,0.17,0.361,0.136,0.164,0.503,3.821,vs. LHP
193,Darell Hernaiz,687231,100.0,115.0,447,208,84,49,155,72,87,220.0,0.465,0.188,0.11,0.347,0.161,0.195,0.492,3.887,vs. LHP
194,Daulton Varsho,662139,176.0,191.0,727,346,136,82,245,99,161,383.0,0.476,0.187,0.113,0.337,0.136,0.221,0.527,3.806,vs. LHP
195,David Banuelos,675915,1.0,1.0,7,4,0,3,3,0,1,4.0,0.571,0.0,0.429,0.429,0.0,0.143,0.571,7.0,vs. LHP
196,David Fry,681807,234.0,266.0,1136,572,146,156,418,193,222,525.0,0.504,0.129,0.137,0.368,0.17,0.195,0.462,4.271,vs. LHP
197,David Hamilton,666152,89.0,100.0,364,172,65,45,127,72,43,165.0,0.473,0.179,0.124,0.349,0.198,0.118,0.453,3.64,vs. LHP
198,David Villar,681584,16.0,19.0,71,29,13,11,29,12,6,30.0,0.408,0.183,0.155,0.408,0.169,0.085,0.423,3.737,vs. LHP
199,Davis Schneider,676914,170.0,211.0,972,467,103,128,402,164,175,406.0,0.48,0.106,0.132,0.414,0.169,0.18,0.418,4.607,vs. LHP
200,Davis Wendzel,673995,3.0,3.0,17,8,3,3,6,0,5,11.0,0.471,0.176,0.176,0.353,0.0,0.294,0.647,5.667,vs. LHP
201,Daylen Lile,695734,232.0,254.0,933,468,179,142,286,119,205,527.0,0.502,0.192,0.152,0.307,0.128,0.22,0.565,3.673,vs. LHP
202,Daz Cameron,663662,52.0,53.0,199,101,36,28,62,29,44,108.0,0.508,0.181,0.141,0.312,0.146,0.221,0.543,3.755,vs. LHP
203,Denzel Clarke,672016,61.0,68.0,297,135,42,43,120,46,44,131.0,0.455,0.141,0.145,0.404,0.155,0.148,0.441,4.368,vs. LHP
204,Denzer Guzman,694203,104.0,113.0,454,224,70,80,160,57,87,237.0,0.493,0.154,0.176,0.352,0.126,0.192,0.522,4.018,vs. LHP
205,Derek Hill,656537,182.0,201.0,767,394,123,134,250,104,147,413.0,0.514,0.16,0.175,0.326,0.136,0.192,0.538,3.816,vs. LHP
206,Deyvison De Los Santos,691277,21.0,21.0,88,44,16,18,28,14,12,46.0,0.5,0.182,0.205,0.318,0.159,0.136,0.523,4.19,vs. LHP
207,Dillon Dingler,693307,285.0,310.0,1245,597,209,129,439,215,253,591.0,0.48,0.168,0.104,0.353,0.173,0.203,0.475,4.016,vs. LHP
208,Dom Nunez,624513,6.0,6.0,24,13,3,5,8,7,1,9.0,0.542,0.125,0.208,0.333,0.292,0.042,0.375,4.0,vs. LHP
209,Dominic Canzone,686527,174.0,208.0,840,385,133,93,322,168,124,350.0,0.458,0.158,0.111,0.383,0.2,0.148,0.417,4.038,vs. LHP
210,Dominic Fletcher,666150,5.0,6.0,28,12,5,0,11,4,8,13.0,0.429,0.179,0.0,0.393,0.143,0.286,0.464,4.667,vs. LHP
211,Dominic Smith,642086,57.0,64.0,232,103,49,15,80,49,39,103.0,0.444,0.211,0.065,0.345,0.211,0.168,0.444,3.625,vs. LHP
212,Donovan Solano,456781,96.0,101.0,409,215,72,55,122,75,85,212.0,0.526,0.176,0.134,0.298,0.183,0.208,0.518,4.05,vs. LHP
213,Donovan Walton,622268,19.0,22.0,67,27,19,11,21,5,11,41.0,0.403,0.284,0.164,0.313,0.075,0.164,0.612,3.045,vs. LHP
214,Drake Baldwin,686948,288.0,316.0,1153,530,226,122,397,190,218,566.0,0.46,0.196,0.106,0.344,0.165,0.189,0.491,3.649,vs. LHP
215,Drew Avans,682183,3.0,3.0,12,7,2,1,3,1,4,8.0,0.583,0.167,0.083,0.25,0.083,0.333,0.667,4.0,vs. LHP
216,Drew Cavanaugh,701852,15.0,18.0,76,41,8,15,27,17,9,32.0,0.539,0.105,0.197,0.355,0.224,0.118,0.421,4.222,vs. LHP
217,Drew Gilbert,687551,61.0,67.0,275,139,42,36,94,55,46,126.0,0.505,0.153,0.131,0.342,0.2,0.167,0.458,4.104,vs. LHP
218,Drew Millas,686452,28.0,33.0,144,72,14,21,58,23,28,63.0,0.5,0.097,0.146,0.403,0.16,0.194,0.438,4.364,vs. LHP
219,Drew Romo,691011,33.0,40.0,150,67,24,19,59,17,30,74.0,0.447,0.16,0.127,0.393,0.113,0.2,0.493,3.75,vs. LHP
220,Drew Waters,671221,40.0,44.0,167,86,27,32,54,25,27,88.0,0.515,0.162,0.192,0.323,0.15,0.162,0.527,3.795,vs. LHP
221,Dustin Harris,687957,18.0,24.0,94,48,15,9,31,16,22,47.0,0.511,0.16,0.096,0.33,0.17,0.234,0.5,3.917,vs. LHP
222,Dylan Beavers,687637,84.0,96.0,413,190,62,41,161,90,53,162.0,0.46,0.15,0.099,0.39,0.218,0.128,0.392,4.302,vs. LHP
223,Dylan Carlson,666185,71.0,75.0,296,149,50,39,97,56,54,143.0,0.503,0.169,0.132,0.328,0.189,0.182,0.483,3.947,vs. LHP
224,Dylan Crews,686611,201.0,218.0,778,344,154,100,280,120,123,377.0,0.442,0.198,0.129,0.36,0.154,0.158,0.485,3.569,vs. LHP
225,Dylan Moore,664238,123.0,144.0,651,332,71,107,248,104,120,299.0,0.51,0.109,0.164,0.381,0.16,0.184,0.459,4.521,vs. LHP
226,Eddys Leonard,678760,5.0,5.0,25,13,4,4,8,3,6,14.0,0.52,0.16,0.16,0.32,0.12,0.24,0.56,5.0,vs. LHP
227,Edgar Quero,700337,206.0,228.0,848,368,172,63,308,141,162,399.0,0.434,0.203,0.074,0.363,0.166,0.191,0.471,3.719,vs. LHP
228,Edmundo Sosa,624641,231.0,254.0,938,495,178,143,265,125,227,548.0,0.528,0.19,0.152,0.283,0.133,0.242,0.584,3.693,vs. LHP
229,Edouard Julien,666397,61.0,71.0,298,141,38,28,119,73,40,106.0,0.473,0.128,0.094,0.399,0.245,0.134,0.356,4.197,vs. LHP
230,Eduardo Valencia,680664,56.0,58.0,246,133,36,43,77,33,57,136.0,0.541,0.146,0.175,0.313,0.134,0.232,0.553,4.241,vs. LHP
231,Edwin Arroyo,695490,41.0,43.0,141,71,31,26,39,17,26,85.0,0.504,0.22,0.184,0.277,0.121,0.184,0.603,3.279,vs. LHP
232,Eli White,642201,194.0,209.0,832,414,139,131,279,108,172,445.0,0.498,0.167,0.157,0.335,0.13,0.207,0.535,3.981,vs. LHP
233,Elias Diaz,553869,177.0,190.0,745,380,140,114,225,99,166,421.0,0.51,0.188,0.153,0.302,0.133,0.223,0.565,3.921,vs. LHP
234,Eliezer Alfonzo,672613,14.0,14.0,42,16,13,3,13,5,8,24.0,0.381,0.31,0.071,0.31,0.119,0.19,0.571,3.0,vs. LHP
235,Elly De La Cruz,682829,364.0,394.0,1555,726,253,206,576,287,233,692.0,0.467,0.163,0.132,0.37,0.185,0.15,0.445,3.947,vs. LHP
236,Eloy Jimenez,650391,13.0,13.0,46,18,11,5,17,7,6,22.0,0.391,0.239,0.109,0.37,0.152,0.13,0.478,3.538,vs. LHP
237,Emmanuel Rivera,656896,33.0,35.0,146,71,26,20,49,22,29,75.0,0.486,0.178,0.137,0.336,0.151,0.199,0.514,4.171,vs. LHP
238,Emmanuel Rodriguez,691181,14.0,15.0,56,24,12,4,20,12,8,24.0,0.429,0.214,0.071,0.357,0.214,0.143,0.429,3.733,vs. LHP
239,Endy Rodriguez,682848,34.0,40.0,166,82,20,26,64,31,25,71.0,0.494,0.12,0.157,0.386,0.187,0.151,0.428,4.15,vs. LHP
240,Enmanuel Valdez,665839,10.0,11.0,36,15,8,6,13,5,4,18.0,0.417,0.222,0.167,0.361,0.139,0.111,0.5,3.273,vs. LHP
241,Enrique Hernandez,571771,145.0,163.0,625,306,107,87,212,86,133,327.0,0.49,0.171,0.139,0.339,0.138,0.213,0.523,3.834,vs. LHP
242,Eric Haase,606992,48.0,54.0,225,116,29,34,80,45,37,100.0,0.516,0.129,0.151,0.356,0.2,0.164,0.444,4.167,vs. LHP
243,Eric Wagaman,676572,211.0,227.0,868,379,166,98,323,177,104,368.0,0.437,0.191,0.113,0.372,0.204,0.12,0.424,3.824,vs. LHP
244,Ernie Clement,676391,364.0,386.0,1232,534,333,97,365,159,277,708.0,0.433,0.27,0.079,0.296,0.129,0.225,0.575,3.192,vs. LHP
245,Esmerlyn Valdez,699013,90.0,111.0,502,221,52,83,229,75,63,198.0,0.44,0.104,0.165,0.456,0.149,0.125,0.394,4.523,vs. LHP
246,Esteury Ruiz,665923,119.0,141.0,595,295,72,108,228,80,100,287.0,0.496,0.121,0.182,0.383,0.134,0.168,0.482,4.22,vs. LHP
247,Ethan Salas,806956,7.0,7.0,24,13,5,3,6,6,4,12.0,0.542,0.208,0.125,0.25,0.25,0.167,0.5,3.429,vs. LHP
248,Eugenio Suarez,553993,264.0,311.0,1348,663,163,224,522,223,216,603.0,0.492,0.121,0.166,0.387,0.165,0.16,0.447,4.334,vs. LHP
249,Evan Carter,694497,91.0,105.0,402,200,63,54,139,103,40,160.0,0.498,0.157,0.134,0.346,0.256,0.1,0.398,3.829,vs. LHP
250,Everson Pereira,677592,71.0,80.0,331,166,38,69,127,48,48,156.0,0.502,0.115,0.208,0.384,0.145,0.145,0.471,4.138,vs. LHP
251,Ezequiel Duran,677649,229.0,257.0,1033,513,165,128,355,165,212,513.0,0.497,0.16,0.124,0.344,0.16,0.205,0.497,4.019,vs. LHP
252,Ezequiel Tovar,678662,232.0,257.0,1028,549,160,181,319,99,264,610.0,0.534,0.156,0.176,0.31,0.096,0.257,0.593,4.0,vs. LHP
253,Felix Reyes,694025,21.0,21.0,67,34,16,10,17,10,14,40.0,0.507,0.239,0.149,0.254,0.149,0.209,0.597,3.19,vs. LHP
254,Fernando Tatis Jr.,665487,292.0,339.0,1342,552,230,154,560,190,205,592.0,0.411,0.171,0.115,0.417,0.142,0.153,0.441,3.959,vs. LHP
255,Francisco Alvarez,682626,162.0,185.0,801,371,108,120,322,125,126,354.0,0.463,0.135,0.15,0.402,0.156,0.157,0.442,4.33,vs. LHP
256,Francisco Lindor,596019,333.0,376.0,1516,676,282,136,558,246,292,712.0,0.446,0.186,0.09,0.368,0.162,0.193,0.47,4.032,vs. LHP
257,Freddie Freeman,518692,355.0,391.0,1538,716,271,229,551,183,304,804.0,0.466,0.176,0.149,0.358,0.119,0.198,0.523,3.934,vs. LHP
258,Freddy Fermin,666023,167.0,181.0,695,323,134,101,238,98,120,357.0,0.465,0.193,0.145,0.342,0.141,0.173,0.514,3.84,vs. LHP
259,Gabriel Arias,672356,176.0,183.0,734,402,100,202,232,73,126,429.0,0.548,0.136,0.275,0.316,0.099,0.172,0.584,4.011,vs. LHP
260,Gabriel Gonzalez,694224,4.0,6.0,25,10,3,2,12,1,7,12.0,0.4,0.12,0.08,0.48,0.04,0.28,0.48,4.167,vs. LHP
261,Gabriel Moreno,672515,197.0,224.0,975,451,171,71,353,193,187,429.0,0.463,0.175,0.073,0.362,0.198,0.192,0.44,4.353,vs. LHP
262,Gabriel Rincones Jr.,687282,5.0,5.0,20,13,4,5,3,3,5,14.0,0.65,0.2,0.25,0.15,0.15,0.25,0.7,4.0,vs. LHP
263,Gage Workman,669398,1.0,1.0,2,0,1,0,1,0,0,1.0,0.0,0.5,0.0,0.5,0.0,0.0,0.5,2.0,vs. LHP
264,Garrett Hampson,641658,33.0,40.0,155,75,24,11,56,35,27,64.0,0.484,0.155,0.071,0.361,0.226,0.174,0.413,3.875,vs. LHP
265,Garrett Mitchell,669003,126.0,152.0,595,274,90,80,231,115,77,249.0,0.461,0.151,0.134,0.388,0.193,0.129,0.418,3.914,vs. LHP
266,Garrett Stubbs,596117,8.0,9.0,33,18,5,6,10,5,7,18.0,0.545,0.152,0.182,0.303,0.152,0.212,0.545,3.667,vs. LHP
267,Gary Sanchez,596142,139.0,164.0,684,305,108,80,271,152,73,261.0,0.446,0.158,0.117,0.396,0.222,0.107,0.382,4.171,vs. LHP
268,Gavin Lux,666158,56.0,63.0,260,122,37,31,101,50,41,109.0,0.469,0.142,0.119,0.388,0.192,0.158,0.419,4.127,vs. LHP
269,Gavin Sheets,657757,206.0,224.0,887,433,160,101,294,184,146,409.0,0.488,0.18,0.114,0.331,0.207,0.165,0.461,3.96,vs. LHP
270,George Lombard Jr.,806146,26.0,30.0,127,60,19,17,48,15,27,64.0,0.472,0.15,0.134,0.378,0.118,0.213,0.504,4.233,vs. LHP
271,George Springer,543807,261.0,305.0,1190,537,205,137,448,174,224,568.0,0.451,0.172,0.115,0.376,0.146,0.188,0.477,3.902,vs. LHP
272,George Valera,671655,7.0,7.0,24,10,6,2,8,3,5,13.0,0.417,0.25,0.083,0.333,0.125,0.208,0.542,3.429,vs. LHP
273,Geraldo Perdomo,672695,348.0,418.0,1704,727,329,54,648,354,296,702.0,0.427,0.193,0.032,0.38,0.208,0.174,0.412,4.077,vs. LHP
274,Giancarlo Stanton,519317,91.0,105.0,459,211,57,72,191,80,59,188.0,0.46,0.124,0.157,0.416,0.174,0.129,0.41,4.371,vs. LHP
275,Gino Groover,694410,19.0,21.0,88,43,14,6,31,19,18,38.0,0.489,0.159,0.068,0.352,0.216,0.205,0.432,4.19,vs. LHP
276,Gio Urshela,570482,41.0,47.0,172,86,30,39,56,22,25,94.0,0.5,0.174,0.227,0.326,0.128,0.145,0.547,3.66,vs. LHP
277,Gleyber Torres,650402,240.0,298.0,1351,550,195,96,606,259,195,486.0,0.407,0.144,0.071,0.449,0.192,0.144,0.36,4.534,vs. LHP
278,Graham Pauley,688363,26.0,34.0,146,65,24,17,57,24,22,65.0,0.445,0.164,0.116,0.39,0.164,0.151,0.445,4.294,vs. LHP
279,Grant McCray,687529,25.0,28.0,126,64,16,18,46,23,23,57.0,0.508,0.127,0.143,0.365,0.183,0.183,0.452,4.5,vs. LHP
280,Greg Jones,675659,7.0,7.0,27,13,4,6,10,2,5,15.0,0.481,0.148,0.222,0.37,0.074,0.185,0.556,3.857,vs. LHP
281,Griffin Conine,665052,84.0,89.0,332,171,60,55,101,52,63,178.0,0.515,0.181,0.166,0.304,0.157,0.19,0.536,3.73,vs. LHP
282,Gunnar Henderson,683002,397.0,434.0,1683,788,296,192,599,307,284,777.0,0.468,0.176,0.114,0.356,0.182,0.169,0.462,3.878,vs. LHP
283,Gustavo Campero,672569,23.0,23.0,100,51,17,17,32,14,19,54.0,0.51,0.17,0.17,0.32,0.14,0.19,0.54,4.348,vs. LHP
284,Ha-Seong Kim,673490,115.0,123.0,521,258,89,35,174,120,101,227.0,0.495,0.171,0.067,0.334,0.23,0.194,0.436,4.236,vs. LHP
285,Hao Yu Lee,701678,136.0,146.0,546,250,103,70,193,86,94,267.0,0.458,0.189,0.128,0.353,0.158,0.172,0.489,3.74,vs. LHP
286,Harrison Bader,664056,163.0,181.0,750,384,103,118,263,116,150,371.0,0.512,0.137,0.157,0.351,0.155,0.2,0.495,4.144,vs. LHP
287,Harry Ford,695670,49.0,59.0,263,124,32,33,107,40,51,116.0,0.471,0.122,0.125,0.407,0.152,0.194,0.441,4.458,vs. LHP
288,Hayden Senger,663584,16.0,19.0,64,39,10,13,15,13,13,36.0,0.609,0.156,0.203,0.234,0.203,0.203,0.562,3.368,vs. LHP
289,Hector Rodriguez,699302,41.0,41.0,157,82,26,27,49,23,32,85.0,0.522,0.166,0.172,0.312,0.146,0.204,0.541,3.829,vs. LHP
290,Heliot Ramos,671218,270.0,300.0,1221,578,195,163,448,184,231,589.0,0.473,0.16,0.133,0.367,0.151,0.189,0.482,4.07,vs. LHP
291,Henry Bolte,703607,131.0,147.0,568,275,81,96,212,80,97,276.0,0.484,0.143,0.169,0.373,0.141,0.171,0.486,3.864,vs. LHP
292,Henry Davis,680779,142.0,154.0,600,291,107,90,202,65,127,333.0,0.485,0.178,0.15,0.337,0.108,0.212,0.555,3.896,vs. LHP
293,Heriberto Hernandez,681715,253.0,287.0,1153,506,184,170,463,177,159,513.0,0.439,0.16,0.147,0.402,0.154,0.138,0.445,4.017,vs. LHP
294,Heston Kjerstad,677008,21.0,23.0,97,51,12,20,34,11,20,52.0,0.526,0.124,0.206,0.351,0.113,0.206,0.536,4.217,vs. LHP
295,Hunter Feduccia,676439,61.0,62.0,262,132,42,32,88,55,45,119.0,0.504,0.16,0.122,0.336,0.21,0.172,0.454,4.226,vs. LHP
296,Hunter Goodman,696100,293.0,323.0,1291,625,195,239,471,133,253,687.0,0.484,0.151,0.185,0.365,0.103,0.196,0.532,3.997,vs. LHP
297,Hunter Renfroe,592669,37.0,42.0,146,54,32,10,60,22,22,64.0,0.37,0.219,0.068,0.411,0.151,0.151,0.438,3.476,vs. LHP
298,Hyeseong Kim,808975,35.0,36.0,146,81,22,25,43,20,35,83.0,0.555,0.151,0.171,0.295,0.137,0.24,0.568,4.056,vs. LHP
299,Ian Happ,664023,288.0,323.0,1282,604,199,170,479,220,210,583.0,0.471,0.155,0.133,0.374,0.172,0.164,0.455,3.969,vs. LHP
300,Ildemaro Vargas,545121,212.0,222.0,744,317,191,63,236,127,126,381.0,0.426,0.257,0.085,0.317,0.171,0.169,0.512,3.351,vs. LHP
301,Isaac Collins,686555,258.0,298.0,1127,498,202,118,427,188,191,512.0,0.442,0.179,0.105,0.379,0.167,0.169,0.454,3.782,vs. LHP
302,Isaac Paredes,670623,200.0,229.0,965,439,167,62,359,178,199,428.0,0.455,0.173,0.064,0.372,0.184,0.206,0.444,4.214,vs. LHP
303,Isiah Kiner-Falefa,643396,167.0,180.0,674,327,137,57,210,128,137,336.0,0.485,0.203,0.085,0.312,0.19,0.203,0.499,3.744,vs. LHP
304,Ivan Herrera,671056,273.0,338.0,1464,630,222,128,612,232,269,619.0,0.43,0.152,0.087,0.418,0.158,0.184,0.423,4.331,vs. LHP
305,Ivan Johnson,671155,9.0,10.0,37,16,6,8,15,7,1,15.0,0.432,0.162,0.216,0.405,0.189,0.027,0.405,3.7,vs. LHP
306,J.C. Escarra,641555,33.0,36.0,142,65,28,16,49,20,29,73.0,0.458,0.197,0.113,0.345,0.141,0.204,0.514,3.944,vs. LHP
307,J.D. Davis,605204,1.0,1.0,3,1,1,0,1,1,0,1.0,0.333,0.333,0.0,0.333,0.333,0.0,0.333,3.0,vs. LHP
308,J.P. Crawford,641487,309.0,371.0,1521,667,249,115,605,323,224,593.0,0.439,0.164,0.076,0.398,0.212,0.147,0.39,4.1,vs. LHP
309,J.T. Realmuto,592663,259.0,288.0,1150,550,198,124,402,213,213,535.0,0.478,0.172,0.108,0.35,0.185,0.185,0.465,3.993,vs. LHP
310,JJ Bleday,668709,203.0,226.0,858,396,150,119,312,132,145,414.0,0.462,0.175,0.139,0.364,0.154,0.169,0.483,3.796,vs. LHP
311,JJ Wetherholt,802139,194.0,220.0,839,361,160,72,318,147,138,374.0,0.43,0.191,0.086,0.379,0.175,0.164,0.446,3.814,vs. LHP
312,Jac Caglianone,695506,222.0,235.0,820,421,157,138,242,136,147,442.0,0.513,0.191,0.168,0.295,0.166,0.179,0.539,3.489,vs. LHP
313,Jace Jung,690291,2.0,2.0,7,3,2,0,2,3,0,2.0,0.429,0.286,0.0,0.286,0.429,0.0,0.286,3.5,vs. LHP
314,Jack Brannigan,687394,1.0,1.0,3,3,0,3,0,0,0,3.0,1.0,0.0,1.0,0.0,0.0,0.0,1.0,3.0,vs. LHP
315,Jack Suwinski,669261,7.0,7.0,29,13,5,4,11,6,3,12.0,0.448,0.172,0.138,0.379,0.207,0.103,0.414,4.143,vs. LHP
316,Jack Winkler,676466,13.0,13.0,57,31,9,9,17,10,12,30.0,0.544,0.158,0.158,0.298,0.175,0.211,0.526,4.385,vs. LHP
317,Jackson Chourio,694192,289.0,313.0,1193,550,222,139,421,214,197,558.0,0.461,0.186,0.117,0.353,0.179,0.165,0.468,3.812,vs. LHP
318,Jackson Holliday,702616,246.0,269.0,1036,480,178,125,378,203,150,455.0,0.463,0.172,0.121,0.365,0.196,0.145,0.439,3.851,vs. LHP
319,Jackson Merrill,701538,333.0,353.0,1288,627,255,186,406,158,281,724.0,0.487,0.198,0.144,0.315,0.123,0.218,0.562,3.649,vs. LHP
320,Jacob Amaya,676070,21.0,22.0,81,41,15,7,25,22,12,34.0,0.506,0.185,0.086,0.309,0.272,0.148,0.42,3.682,vs. LHP
321,Jacob Gonzalez,694378,27.0,33.0,132,61,21,12,50,17,30,65.0,0.462,0.159,0.091,0.379,0.129,0.227,0.492,4.0,vs. LHP
322,Jacob Hurtubise,674441,1.0,1.0,3,2,1,0,0,0,1,3.0,0.667,0.333,0.0,0.0,0.0,0.333,1.0,3.0,vs. LHP
323,Jacob Melton,689200,14.0,15.0,68,38,9,11,21,14,13,33.0,0.559,0.132,0.162,0.309,0.206,0.191,0.485,4.533,vs. LHP
324,Jacob Stallings,607732,38.0,40.0,164,96,20,31,48,28,37,88.0,0.585,0.122,0.189,0.293,0.171,0.226,0.537,4.1,vs. LHP
325,Jacob Wilson,805779,218.0,233.0,791,354,201,50,236,101,202,454.0,0.448,0.254,0.063,0.298,0.128,0.255,0.574,3.395,vs. LHP
326,Jacob Young,696285,234.0,268.0,1023,453,194,87,376,204,157,443.0,0.443,0.19,0.085,0.368,0.199,0.153,0.433,3.817,vs. LHP
327,Jahmai Jones,663330,238.0,276.0,1092,493,162,153,437,147,193,508.0,0.451,0.148,0.14,0.4,0.135,0.177,0.465,3.957,vs. LHP
328,Jair Camargo,665856,2.0,2.0,7,4,1,2,2,1,1,4.0,0.571,0.143,0.286,0.286,0.143,0.143,0.571,3.5,vs. LHP
329,Jake Bauers,641343,149.0,176.0,729,332,107,88,290,120,124,319.0,0.455,0.147,0.121,0.398,0.165,0.17,0.438,4.142,vs. LHP
330,Jake Burger,669394,242.0,270.0,1016,468,184,151,364,149,168,503.0,0.461,0.181,0.149,0.358,0.147,0.165,0.495,3.763,vs. LHP
331,Jake Cronenworth,630105,217.0,257.0,1059,486,176,77,397,185,215,477.0,0.459,0.166,0.073,0.375,0.175,0.203,0.45,4.121,vs. LHP
332,Jake Fraley,641584,19.0,21.0,94,43,12,6,39,21,15,34.0,0.457,0.128,0.064,0.415,0.223,0.16,0.362,4.476,vs. LHP
333,Jake Mangum,663968,250.0,271.0,895,442,210,97,243,127,211,525.0,0.494,0.235,0.108,0.272,0.142,0.236,0.587,3.303,vs. LHP
334,Jake McCarthy,664983,206.0,221.0,709,328,175,94,206,87,136,416.0,0.463,0.247,0.133,0.291,0.123,0.192,0.587,3.208,vs. LHP
335,Jake Meyers,676694,120.0,126.0,429,195,97,48,137,75,71,217.0,0.455,0.226,0.112,0.319,0.175,0.166,0.506,3.405,vs. LHP
336,Jake Rogers,668670,63.0,81.0,332,155,43,42,134,56,57,142.0,0.467,0.13,0.127,0.404,0.169,0.172,0.428,4.099,vs. LHP
337,Jakob Marsee,805300,189.0,229.0,853,399,137,81,317,187,126,349.0,0.468,0.161,0.095,0.372,0.219,0.148,0.409,3.725,vs. LHP
338,James McCann,543510,98.0,109.0,422,196,76,57,150,68,68,204.0,0.464,0.18,0.135,0.355,0.161,0.161,0.483,3.872,vs. LHP
339,James Outman,681546,62.0,70.0,261,133,37,51,91,41,41,129.0,0.51,0.142,0.195,0.349,0.157,0.157,0.494,3.729,vs. LHP
340,James Triantos,701649,3.0,3.0,8,6,2,1,0,4,1,4.0,0.75,0.25,0.125,0.0,0.5,0.125,0.5,2.667,vs. LHP
341,James Wood,695578,400.0,438.0,1787,849,261,260,677,333,256,777.0,0.475,0.146,0.145,0.379,0.186,0.143,0.435,4.08,vs. LHP
342,Jared Oliva,666931,2.0,2.0,11,5,2,3,4,0,2,7.0,0.455,0.182,0.273,0.364,0.0,0.182,0.636,5.5,vs. LHP
343,Jared Serna,691858,17.0,18.0,70,36,11,11,23,8,17,39.0,0.514,0.157,0.157,0.329,0.114,0.243,0.557,3.889,vs. LHP
344,Jared Triolo,669707,241.0,264.0,1004,447,202,91,355,180,169,469.0,0.445,0.201,0.091,0.354,0.179,0.168,0.467,3.803,vs. LHP
345,Jared Young,676724,59.0,64.0,241,116,44,31,81,50,34,110.0,0.481,0.183,0.129,0.336,0.207,0.141,0.456,3.766,vs. LHP
346,Jarred Kelenic,672284,15.0,16.0,69,29,8,9,32,13,7,24.0,0.42,0.116,0.13,0.464,0.188,0.101,0.348,4.312,vs. LHP
347,Jarren Duran,680776,320.0,349.0,1283,624,233,202,426,224,196,633.0,0.486,0.182,0.157,0.332,0.175,0.153,0.493,3.676,vs. LHP
348,Jase Bowen,687749,48.0,50.0,174,90,29,32,55,30,25,89.0,0.517,0.167,0.184,0.316,0.172,0.144,0.511,3.48,vs. LHP
349,Jason Heyward,518792,11.0,12.0,44,20,9,2,15,10,8,19.0,0.455,0.205,0.045,0.341,0.227,0.182,0.432,3.667,vs. LHP
350,Jasson Dominguez,691176,173.0,189.0,738,356,122,118,260,99,139,379.0,0.482,0.165,0.16,0.352,0.134,0.188,0.514,3.905,vs. LHP
351,Javier Baez,595879,186.0,193.0,671,343,145,104,183,110,129,378.0,0.511,0.216,0.155,0.273,0.164,0.192,0.563,3.477,vs. LHP
352,Javier Sanoja,691594,264.0,285.0,1017,471,233,76,313,190,190,514.0,0.463,0.229,0.075,0.308,0.187,0.187,0.505,3.568,vs. LHP
353,Jazz Chisholm,665862,276.0,307.0,1203,590,189,190,424,200,195,579.0,0.49,0.157,0.158,0.352,0.166,0.162,0.481,3.919,vs. LHP
354,Jeferson Quero,691620,1.0,2.0,8,2,1,1,5,1,0,2.0,0.25,0.125,0.125,0.625,0.125,0.0,0.25,4.0,vs. LHP
355,Jeff McNeil,643446,186.0,216.0,807,361,164,84,282,87,186,438.0,0.447,0.203,0.104,0.349,0.108,0.23,0.543,3.736,vs. LHP
356,Jeimer Candelario,600869,25.0,31.0,130,60,22,11,48,18,31,64.0,0.462,0.169,0.085,0.369,0.138,0.238,0.492,4.194,vs. LHP
357,Jerar Encarnacion,666464,42.0,44.0,168,87,31,24,50,36,27,82.0,0.518,0.185,0.143,0.298,0.214,0.161,0.488,3.818,vs. LHP
358,Jeremiah Jackson,669236,138.0,148.0,605,290,96,106,219,68,116,318.0,0.479,0.159,0.175,0.362,0.112,0.192,0.526,4.088,vs. LHP
359,Jeremy Pena,665161,200.0,217.0,758,349,160,123,249,95,130,414.0,0.46,0.211,0.162,0.328,0.125,0.172,0.546,3.493,vs. LHP
360,Jesse Winker,608385,4.0,4.0,22,12,3,2,7,3,7,12.0,0.545,0.136,0.091,0.318,0.136,0.318,0.545,5.5,vs. LHP
361,Jesus Rodriguez,683679,15.0,17.0,64,29,13,8,22,6,15,36.0,0.453,0.203,0.125,0.344,0.094,0.234,0.562,3.765,vs. LHP
362,Jesus Sanchez,660821,102.0,110.0,368,178,74,59,116,56,60,196.0,0.484,0.201,0.16,0.315,0.152,0.163,0.533,3.345,vs. LHP
363,Jhonkensy Noel,678877,83.0,86.0,310,176,52,71,82,33,72,195.0,0.568,0.168,0.229,0.265,0.106,0.232,0.629,3.605,vs. LHP
364,Jhonny Pereda,640902,47.0,55.0,227,110,33,31,84,31,47,112.0,0.485,0.145,0.137,0.37,0.137,0.207,0.493,4.127,vs. LHP
365,Jhostynxon Garcia,691373,22.0,24.0,99,54,13,19,32,13,22,54.0,0.545,0.131,0.192,0.323,0.131,0.222,0.545,4.125,vs. LHP
366,Ji Hwan Bae,678225,5.0,6.0,19,12,3,6,4,3,2,12.0,0.632,0.158,0.316,0.211,0.158,0.105,0.632,3.167,vs. LHP
367,Jim Jarvis,805347,19.0,23.0,82,33,15,6,34,17,10,31.0,0.402,0.183,0.073,0.415,0.207,0.122,0.378,3.565,vs. LHP
368,Jimmy Crooks III,699625,26.0,29.0,112,56,17,18,39,17,21,56.0,0.5,0.152,0.161,0.348,0.152,0.188,0.5,3.862,vs. LHP
369,Jo Adell,666176,263.0,291.0,1148,557,200,175,391,137,245,620.0,0.485,0.174,0.152,0.341,0.119,0.213,0.54,3.945,vs. LHP
370,Joc Pederson,592626,44.0,55.0,251,118,26,25,107,61,30,83.0,0.47,0.104,0.1,0.426,0.243,0.12,0.331,4.564,vs. LHP
371,Joe Mack,691788,58.0,67.0,258,127,46,33,85,48,40,125.0,0.492,0.178,0.128,0.329,0.186,0.155,0.484,3.851,vs. LHP
372,Joey Bart,663698,129.0,152.0,608,282,83,85,243,97,100,268.0,0.464,0.137,0.14,0.4,0.16,0.164,0.441,4.0,vs. LHP
373,Joey Loperfido,694388,34.0,37.0,116,57,28,15,31,17,25,68.0,0.491,0.241,0.129,0.267,0.147,0.216,0.586,3.135,vs. LHP
374,Joey Meneses,608841,13.0,16.0,49,21,12,4,16,10,7,23.0,0.429,0.245,0.082,0.327,0.204,0.143,0.469,3.062,vs. LHP
375,Joey Ortiz,687401,271.0,293.0,1141,543,223,88,375,238,212,527.0,0.476,0.195,0.077,0.329,0.209,0.186,0.462,3.894,vs. LHP
376,Joey Wiemer,686894,65.0,76.0,298,151,41,50,106,45,56,147.0,0.507,0.138,0.168,0.356,0.151,0.188,0.493,3.921,vs. LHP
377,Johan Rojas,679032,67.0,75.0,278,131,54,27,93,46,51,139.0,0.471,0.194,0.097,0.335,0.165,0.183,0.5,3.707,vs. LHP
378,John Peck,807726,24.0,26.0,92,46,17,14,29,12,19,51.0,0.5,0.185,0.152,0.315,0.13,0.207,0.554,3.538,vs. LHP
379,John Rave,670231,53.0,62.0,242,118,39,25,85,57,31,100.0,0.488,0.161,0.103,0.351,0.236,0.128,0.413,3.903,vs. LHP
380,Johnathan Rodriguez,671286,59.0,68.0,302,142,40,48,120,45,49,137.0,0.47,0.132,0.159,0.397,0.149,0.162,0.454,4.441,vs. LHP
381,Jon Berti,542932,29.0,30.0,114,43,26,9,45,16,18,53.0,0.377,0.228,0.079,0.395,0.14,0.158,0.465,3.8,vs. LHP
382,Jon Singleton,572138,2.0,2.0,5,1,2,0,2,1,0,2.0,0.2,0.4,0.0,0.4,0.2,0.0,0.4,2.5,vs. LHP
383,Jonah Bride,681146,60.0,69.0,313,140,41,23,132,76,41,105.0,0.447,0.131,0.073,0.422,0.243,0.131,0.335,4.536,vs. LHP
384,Jonah Cox,813841,80.0,89.0,343,188,46,72,109,53,61,181.0,0.548,0.134,0.21,0.318,0.155,0.178,0.528,3.854,vs. LHP
385,Jonah Heim,641680,265.0,291.0,1107,511,210,134,386,150,227,571.0,0.462,0.19,0.121,0.349,0.136,0.205,0.516,3.804,vs. LHP
386,Jonatan Clase,682729,34.0,39.0,162,76,27,16,59,31,26,72.0,0.469,0.167,0.099,0.364,0.191,0.16,0.444,4.154,vs. LHP
387,Jonathan Aranda,666018,248.0,288.0,1155,560,172,122,423,238,200,494.0,0.485,0.149,0.106,0.366,0.206,0.173,0.428,4.01,vs. LHP
388,Jonathan India,663697,112.0,134.0,584,264,86,45,234,133,86,217.0,0.452,0.147,0.077,0.401,0.228,0.147,0.372,4.358,vs. LHP
389,Jonathan Ornelas,680716,18.0,20.0,83,47,11,12,25,12,23,46.0,0.566,0.133,0.145,0.301,0.145,0.277,0.554,4.15,vs. LHP
390,Jonny DeLuca,676356,171.0,178.0,668,323,132,86,213,100,136,355.0,0.484,0.198,0.129,0.319,0.15,0.204,0.531,3.753,vs. LHP
391,Jorbit Vivas,678391,51.0,59.0,212,85,46,24,81,23,38,108.0,0.401,0.217,0.113,0.382,0.108,0.179,0.509,3.593,vs. LHP
392,Jordan Beck,687597,214.0,232.0,934,478,140,135,316,154,187,464.0,0.512,0.15,0.145,0.338,0.165,0.2,0.497,4.026,vs. LHP
393,Jordan Lawlar,691783,85.0,96.0,375,169,61,39,145,63,64,167.0,0.451,0.163,0.104,0.387,0.168,0.171,0.445,3.906,vs. LHP
394,Jordan Walker,691023,253.0,280.0,1057,489,180,163,388,145,181,524.0,0.463,0.17,0.154,0.367,0.137,0.171,0.496,3.775,vs. LHP
395,Jordan Westburg,676059,101.0,108.0,411,183,80,69,148,50,64,213.0,0.445,0.195,0.168,0.36,0.122,0.156,0.518,3.806,vs. LHP
396,Jordyn Adams,677941,1.0,1.0,1,0,1,0,0,0,0,1.0,0.0,1.0,0.0,0.0,0.0,0.0,1.0,1.0,vs. LHP
397,Jorge Alfaro,595751,9.0,9.0,33,21,6,8,6,1,12,26.0,0.636,0.182,0.242,0.182,0.03,0.364,0.788,3.667,vs. LHP
398,Jorge Barrosa,678489,88.0,107.0,458,227,71,43,160,87,91,211.0,0.496,0.155,0.094,0.349,0.19,0.199,0.461,4.28,vs. LHP
399,Jorge Mateo,622761,124.0,128.0,455,241,84,75,130,71,92,254.0,0.53,0.185,0.165,0.286,0.156,0.202,0.558,3.555,vs. LHP
400,Jorge Polanco,593871,136.0,146.0,562,271,109,76,182,88,106,292.0,0.482,0.194,0.135,0.324,0.157,0.189,0.52,3.849,vs. LHP
401,Jorge Soler,624585,129.0,146.0,590,278,86,83,226,96,99,268.0,0.471,0.146,0.141,0.383,0.163,0.168,0.454,4.041,vs. LHP
402,Jose Altuve,514888,233.0,260.0,962,450,179,113,333,159,172,470.0,0.468,0.186,0.117,0.346,0.165,0.179,0.489,3.7,vs. LHP
403,Jose Azocar,640492,19.0,21.0,84,43,16,8,25,14,21,45.0,0.512,0.19,0.095,0.298,0.167,0.25,0.536,4.0,vs. LHP
404,Jose Barrero,676480,13.0,14.0,64,35,8,8,21,5,22,38.0,0.547,0.125,0.125,0.328,0.078,0.344,0.594,4.571,vs. LHP
405,Jose Caballero,676609,240.0,270.0,1148,568,158,161,422,191,202,534.0,0.495,0.138,0.14,0.368,0.166,0.176,0.465,4.252,vs. LHP
406,Jose Fermin,665877,155.0,175.0,748,333,137,35,278,170,128,300.0,0.445,0.183,0.047,0.372,0.227,0.171,0.401,4.274,vs. LHP
407,Jose Fernandez,699912,64.0,69.0,297,146,48,41,103,47,57,147.0,0.492,0.162,0.138,0.347,0.158,0.192,0.495,4.304,vs. LHP
408,Jose Herrera,645444,50.0,59.0,246,118,35,25,93,59,34,94.0,0.48,0.142,0.102,0.378,0.24,0.138,0.382,4.169,vs. LHP
409,Jose Iglesias,578428,120.0,137.0,575,296,95,53,184,121,122,270.0,0.515,0.165,0.092,0.32,0.21,0.212,0.47,4.197,vs. LHP
410,Jose Miranda,669304,15.0,15.0,61,41,7,11,13,12,18,36.0,0.672,0.115,0.18,0.213,0.197,0.295,0.59,4.067,vs. LHP
411,Jose Ramirez,608070,318.0,348.0,1378,559,292,88,527,217,254,634.0,0.406,0.212,0.064,0.382,0.157,0.184,0.46,3.96,vs. LHP
412,Jose Siri,642350,126.0,136.0,575,304,76,106,195,89,108,291.0,0.529,0.132,0.184,0.339,0.155,0.188,0.506,4.228,vs. LHP
413,Jose Tena,677588,30.0,36.0,128,56,21,17,51,26,13,51.0,0.438,0.164,0.133,0.398,0.203,0.102,0.398,3.556,vs. LHP
414,Jose Trevino,624431,113.0,119.0,417,194,101,30,122,91,73,204.0,0.465,0.242,0.072,0.293,0.218,0.175,0.489,3.504,vs. LHP
415,Josh Bell,605137,299.0,327.0,1321,586,234,160,501,193,233,627.0,0.444,0.177,0.121,0.379,0.146,0.176,0.475,4.04,vs. LHP
416,Josh Jung,673962,241.0,262.0,1030,465,195,102,370,157,206,503.0,0.451,0.189,0.099,0.359,0.152,0.2,0.488,3.931,vs. LHP
417,Josh Lowe,666139,165.0,179.0,748,400,110,127,238,114,147,396.0,0.535,0.147,0.17,0.318,0.152,0.197,0.529,4.179,vs. LHP
418,Josh Naylor,647304,387.0,412.0,1400,608,324,172,468,226,210,706.0,0.434,0.231,0.123,0.334,0.161,0.15,0.504,3.398,vs. LHP
419,Josh Palacios,641943,18.0,18.0,63,41,10,14,12,10,16,41.0,0.651,0.159,0.222,0.19,0.159,0.254,0.651,3.5,vs. LHP
420,Josh Rojas,668942,48.0,52.0,171,82,38,21,51,30,28,90.0,0.48,0.222,0.123,0.298,0.175,0.164,0.526,3.288,vs. LHP
421,Josh Smith,669701,137.0,154.0,628,323,97,92,208,107,115,312.0,0.514,0.154,0.146,0.331,0.17,0.183,0.497,4.078,vs. LHP
422,Joshua Baez,695491,40.0,43.0,149,79,25,29,45,22,28,82.0,0.53,0.168,0.195,0.302,0.148,0.188,0.55,3.465,vs. LHP
423,Joshua Kuroda-Grauer,811965,31.0,31.0,106,54,27,7,25,17,30,64.0,0.509,0.255,0.066,0.236,0.16,0.283,0.604,3.419,vs. LHP
424,Josue De Paula,800543,10.0,13.0,54,17,10,1,27,7,9,20.0,0.315,0.185,0.019,0.5,0.13,0.167,0.37,4.154,vs. LHP
425,Juan Brito,682877,41.0,44.0,171,87,31,27,53,27,33,91.0,0.509,0.181,0.158,0.31,0.158,0.193,0.532,3.886,vs. LHP
426,Juan Soto,665742,353.0,409.0,1633,715,275,168,643,313,234,677.0,0.438,0.168,0.103,0.394,0.192,0.143,0.415,3.993,vs. LHP
427,Julio Rodriguez,677594,354.0,383.0,1472,698,258,218,516,185,294,771.0,0.474,0.175,0.148,0.351,0.126,0.2,0.524,3.843,vs. LHP
428,Jung Hoo Lee,808982,326.0,343.0,1261,596,275,91,390,271,228,599.0,0.473,0.218,0.072,0.309,0.215,0.181,0.475,3.676,vs. LHP
429,Junior Caminero,691406,333.0,377.0,1535,637,278,159,620,232,246,683.0,0.415,0.181,0.104,0.404,0.151,0.16,0.445,4.072,vs. LHP
430,Junior Perez,678577,27.0,27.0,104,57,17,21,30,20,16,54.0,0.548,0.163,0.202,0.288,0.192,0.154,0.519,3.852,vs. LHP
431,Jurickson Profar,595777,95.0,107.0,439,194,77,32,168,73,89,198.0,0.442,0.175,0.073,0.383,0.166,0.203,0.451,4.103,vs. LHP
432,Justin Crawford,702222,59.0,65.0,246,125,46,22,75,46,50,125.0,0.508,0.187,0.089,0.305,0.187,0.203,0.508,3.785,vs. LHP
433,Justin Dean,681909,1.0,1.0,4,3,0,2,1,0,1,3.0,0.75,0.0,0.5,0.25,0.0,0.25,0.75,4.0,vs. LHP
434,Justin Foscue,679822,153.0,170.0,703,343,111,60,249,132,151,322.0,0.488,0.158,0.085,0.354,0.188,0.215,0.458,4.135,vs. LHP
435,Justin Turner,457759,98.0,109.0,466,216,80,37,170,76,103,220.0,0.464,0.172,0.079,0.365,0.163,0.221,0.472,4.275,vs. LHP
436,Justyn-Henry Malloy,669234,56.0,70.0,312,133,41,33,138,54,46,120.0,0.426,0.131,0.106,0.442,0.173,0.147,0.385,4.457,vs. LHP
437,Kaelen Culpepper,701785,42.0,46.0,188,99,32,28,57,29,42,102.0,0.527,0.17,0.149,0.303,0.154,0.223,0.543,4.087,vs. LHP
438,Kahlil Watson,696135,17.0,17.0,56,25,12,11,19,8,6,29.0,0.446,0.214,0.196,0.339,0.143,0.107,0.518,3.294,vs. LHP
439,Kameron Misner,670224,52.0,55.0,216,119,31,44,66,46,26,104.0,0.551,0.144,0.204,0.306,0.213,0.12,0.481,3.927,vs. LHP
440,Kazuma Okamoto,672960,147.0,166.0,692,335,106,92,251,123,120,318.0,0.484,0.153,0.133,0.363,0.178,0.173,0.46,4.169,vs. LHP
441,Ke'Bryan Hayes,663647,171.0,181.0,702,323,136,60,243,132,131,327.0,0.46,0.194,0.085,0.346,0.188,0.187,0.466,3.878,vs. LHP
442,Keibert Ruiz,660688,145.0,152.0,506,222,125,37,159,105,79,242.0,0.439,0.247,0.073,0.314,0.208,0.156,0.478,3.329,vs. LHP
443,Kenedy Corona,685744,0.0,1.0,4,0,0,0,4,0,0,0.0,0.0,0.0,0.0,1.0,0.0,0.0,0.0,4.0,vs. LHP
444,Kenny Piper,700652,3.0,4.0,25,14,1,5,10,4,5,11.0,0.56,0.04,0.2,0.4,0.16,0.2,0.44,6.25,vs. LHP
445,Kerry Carpenter,681481,83.0,90.0,355,176,62,42,117,70,64,168.0,0.496,0.175,0.118,0.33,0.197,0.18,0.473,3.944,vs. LHP
446,Keston Hiura,669374,4.0,4.0,16,8,2,3,6,2,3,8.0,0.5,0.125,0.188,0.375,0.125,0.188,0.5,4.0,vs. LHP
447,Ketel Marte,606466,299.0,332.0,1143,474,259,119,410,156,199,577.0,0.415,0.227,0.104,0.359,0.136,0.174,0.505,3.443,vs. LHP
448,Kevin Alcantara,682634,22.0,26.0,104,50,15,12,39,25,13,40.0,0.481,0.144,0.115,0.375,0.24,0.125,0.385,4.0,vs. LHP
449,Kevin McGonigle,805808,182.0,207.0,802,338,144,71,320,135,132,347.0,0.421,0.18,0.089,0.399,0.168,0.165,0.433,3.874,vs. LHP
450,Kevin Newman,621028,36.0,38.0,148,77,28,11,43,35,30,70.0,0.52,0.189,0.074,0.291,0.236,0.203,0.473,3.895,vs. LHP
451,Kevin Pillar,607680,35.0,35.0,117,59,28,11,30,19,29,68.0,0.504,0.239,0.094,0.256,0.162,0.248,0.581,3.343,vs. LHP
452,Kody Clemens,665019,224.0,248.0,952,442,170,107,340,160,173,452.0,0.464,0.179,0.112,0.357,0.168,0.182,0.475,3.839,vs. LHP
453,Konnor Griffin,804606,83.0,91.0,389,188,63,52,138,57,77,194.0,0.483,0.162,0.134,0.355,0.147,0.198,0.499,4.275,vs. LHP
454,Korey Lee,686676,13.0,14.0,52,23,10,6,19,6,11,27.0,0.442,0.192,0.115,0.365,0.115,0.212,0.519,3.714,vs. LHP
455,Kris Bryant,592178,12.0,13.0,49,25,8,9,16,8,8,25.0,0.51,0.163,0.184,0.327,0.163,0.163,0.51,3.769,vs. LHP
456,Kristian Campbell,692225,58.0,74.0,306,142,44,28,120,48,66,138.0,0.464,0.144,0.092,0.392,0.157,0.216,0.451,4.135,vs. LHP
457,Kyle Farmer,571657,122.0,134.0,484,238,94,55,152,100,83,232.0,0.492,0.194,0.114,0.314,0.207,0.171,0.479,3.612,vs. LHP
458,Kyle Higashioka,543309,151.0,164.0,655,310,117,67,228,118,125,309.0,0.473,0.179,0.102,0.348,0.18,0.191,0.472,3.994,vs. LHP
459,Kyle Isbel,664728,135.0,152.0,547,273,105,55,169,125,79,253.0,0.499,0.192,0.101,0.309,0.229,0.144,0.463,3.599,vs. LHP
460,Kyle Karros,691720,171.0,191.0,800,368,132,99,300,118,149,382.0,0.46,0.165,0.124,0.375,0.148,0.186,0.478,4.188,vs. LHP
461,Kyle Manzardo,700932,146.0,168.0,607,294,103,96,210,108,90,289.0,0.484,0.17,0.158,0.346,0.178,0.148,0.476,3.613,vs. LHP
462,Kyle Schwarber,656941,449.0,534.0,2298,1046,303,311,949,370,365,979.0,0.455,0.132,0.135,0.413,0.161,0.159,0.426,4.303,vs. LHP
463,Kyle Stowers,669065,189.0,214.0,792,375,137,118,280,99,157,413.0,0.473,0.173,0.149,0.354,0.125,0.198,0.521,3.701,vs. LHP
464,Kyle Teel,691019,76.0,91.0,393,199,43,59,151,74,65,168.0,0.506,0.109,0.15,0.384,0.188,0.165,0.427,4.319,vs. LHP
465,Kyle Tucker,663656,332.0,383.0,1489,625,271,129,593,192,304,704.0,0.42,0.182,0.087,0.398,0.129,0.204,0.473,3.888,vs. LHP
466,Kyler Fedko,693459,9.0,11.0,51,31,3,11,17,7,13,27.0,0.608,0.059,0.216,0.333,0.137,0.255,0.529,4.636,vs. LHP
467,Kyren Paris,677347,31.0,36.0,138,68,18,23,52,21,24,65.0,0.493,0.13,0.167,0.377,0.152,0.174,0.471,3.833,vs. LHP
468,LaMonte Wade Jr.,664774,37.0,44.0,184,78,28,15,78,33,30,73.0,0.424,0.152,0.082,0.424,0.179,0.163,0.397,4.182,vs. LHP
469,Lane Thomas,657041,181.0,212.0,864,381,132,97,351,153,131,360.0,0.441,0.153,0.112,0.406,0.177,0.152,0.417,4.075,vs. LHP
470,Lars Nootbaar,663457,200.0,231.0,918,399,143,76,376,211,110,331.0,0.435,0.156,0.083,0.41,0.23,0.12,0.361,3.974,vs. LHP
471,Lawrence Butler,671732,247.0,271.0,1108,526,162,141,420,213,168,474.0,0.475,0.146,0.127,0.379,0.192,0.152,0.428,4.089,vs. LHP
472,Lazaro Montes,703155,15.0,15.0,53,25,10,10,18,10,5,25.0,0.472,0.189,0.189,0.34,0.189,0.094,0.472,3.533,vs. LHP
473,Lenyn Sosa,672820,177.0,185.0,725,383,136,94,206,128,161,391.0,0.528,0.188,0.13,0.284,0.177,0.222,0.539,3.919,vs. LHP
474,Leo Jimenez,677870,103.0,116.0,491,228,78,51,185,99,78,207.0,0.464,0.159,0.104,0.377,0.202,0.159,0.422,4.233,vs. LHP
475,Leo Rivas,660844,76.0,89.0,388,167,60,27,161,99,39,128.0,0.43,0.155,0.07,0.415,0.255,0.101,0.33,4.36,vs. LHP
476,Leody Taveras,665750,174.0,193.0,787,385,117,95,285,127,141,374.0,0.489,0.149,0.121,0.362,0.161,0.179,0.475,4.078,vs. LHP
477,Leonardo Bernal,699024,28.0,29.0,110,48,18,16,44,13,19,53.0,0.436,0.164,0.145,0.4,0.118,0.173,0.482,3.793,vs. LHP
478,Liam Hicks,689414,154.0,183.0,654,278,133,36,243,141,98,270.0,0.425,0.203,0.055,0.372,0.216,0.15,0.413,3.574,vs. LHP
479,Liover Peguero,678894,28.0,33.0,135,58,17,21,60,22,15,53.0,0.43,0.126,0.156,0.444,0.163,0.111,0.393,4.091,vs. LHP
480,Logan Davidson,669722,7.0,8.0,21,9,6,3,6,3,3,12.0,0.429,0.286,0.143,0.286,0.143,0.143,0.571,2.625,vs. LHP
481,Logan O'Hoppe,681351,155.0,167.0,623,285,118,83,220,93,109,310.0,0.457,0.189,0.133,0.353,0.149,0.175,0.498,3.731,vs. LHP
482,Logan Porter,682515,3.0,5.0,23,11,2,2,10,5,4,8.0,0.478,0.087,0.087,0.435,0.217,0.174,0.348,4.6,vs. LHP
483,Lourdes Gurriel Jr.,666971,192.0,210.0,758,341,174,86,243,87,168,428.0,0.45,0.23,0.113,0.321,0.115,0.222,0.565,3.61,vs. LHP
484,Lucas Spence,828599,17.0,18.0,58,24,11,10,23,6,6,29.0,0.414,0.19,0.172,0.397,0.103,0.103,0.5,3.222,vs. LHP
485,Luis Arraez,650333,376.0,413.0,1501,662,371,63,468,285,302,748.0,0.441,0.247,0.042,0.312,0.19,0.201,0.498,3.634,vs. LHP
486,Luis Campusano,669134,59.0,70.0,289,133,43,26,113,59,47,116.0,0.46,0.149,0.09,0.391,0.204,0.163,0.401,4.129,vs. LHP
487,Luis Garcia,671277,95.0,107.0,352,156,82,57,114,41,57,197.0,0.443,0.233,0.162,0.324,0.116,0.162,0.56,3.29,vs. LHP
488,Luis Garcia Jr.,671277,82.0,87.0,307,145,65,39,97,45,61,165.0,0.472,0.212,0.127,0.316,0.147,0.199,0.537,3.529,vs. LHP
489,Luis Guillorme,641645,3.0,3.0,19,11,1,3,7,3,5,9.0,0.579,0.053,0.158,0.368,0.158,0.263,0.474,6.333,vs. LHP
490,Luis Lara,800325,68.0,72.0,274,123,56,17,95,49,55,128.0,0.449,0.204,0.062,0.347,0.179,0.201,0.467,3.806,vs. LHP
491,Luis Matos,682641,95.0,99.0,357,168,76,48,113,57,62,187.0,0.471,0.213,0.134,0.317,0.16,0.174,0.524,3.606,vs. LHP
492,Luis Rengifo,650859,217.0,234.0,835,382,174,102,279,100,179,456.0,0.457,0.208,0.122,0.334,0.12,0.214,0.546,3.568,vs. LHP
493,Luis Robert,673357,154.0,178.0,648,278,118,91,252,72,115,324.0,0.429,0.182,0.14,0.389,0.111,0.177,0.5,3.64,vs. LHP
494,Luis Torrens,620443,147.0,159.0,578,272,115,60,191,97,114,290.0,0.471,0.199,0.104,0.33,0.168,0.197,0.502,3.635,vs. LHP
495,Luis Urias,649966,90.0,103.0,429,196,77,23,156,75,98,198.0,0.457,0.179,0.054,0.364,0.175,0.228,0.462,4.165,vs. LHP
496,Luis Vazquez,676679,26.0,26.0,90,47,18,19,25,14,14,51.0,0.522,0.2,0.211,0.278,0.156,0.156,0.567,3.462,vs. LHP
497,Luisangel Acuna,682668,161.0,174.0,632,282,131,75,219,99,106,314.0,0.446,0.207,0.119,0.347,0.157,0.168,0.497,3.632,vs. LHP
498,Luke Keaschall,807712,234.0,264.0,1013,446,192,88,375,196,161,442.0,0.44,0.19,0.087,0.37,0.193,0.159,0.436,3.837,vs. LHP
499,Luke Maile,571912,43.0,49.0,192,105,27,26,60,38,39,94.0,0.547,0.141,0.135,0.312,0.198,0.203,0.49,3.918,vs. LHP
500,Luke Raley,670042,57.0,63.0,218,110,40,52,68,26,32,124.0,0.505,0.183,0.239,0.312,0.119,0.147,0.569,3.46,vs. LHP
501,Luke Williams,663897,9.0,10.0,35,19,6,7,10,5,7,20.0,0.543,0.171,0.2,0.286,0.143,0.2,0.571,3.5,vs. LHP
502,Luken Baker,663609,30.0,37.0,162,70,20,22,72,27,21,63.0,0.432,0.123,0.136,0.444,0.167,0.13,0.389,4.378,vs. LHP
503,MJ Melendez,669004,19.0,25.0,98,53,11,13,34,22,18,42.0,0.541,0.112,0.133,0.347,0.224,0.184,0.429,3.92,vs. LHP
504,Maikel Garcia,672580,189.0,217.0,883,377,160,51,346,203,123,334.0,0.427,0.181,0.058,0.392,0.23,0.139,0.378,4.069,vs. LHP
505,Manny Machado,592518,304.0,342.0,1363,613,241,165,509,199,249,655.0,0.45,0.177,0.121,0.373,0.146,0.183,0.481,3.985,vs. LHP
506,Manuel Margot,622534,14.0,15.0,49,27,11,7,11,11,9,27.0,0.551,0.224,0.143,0.224,0.224,0.184,0.551,3.267,vs. LHP
507,Marcell Ozuna,542303,201.0,241.0,1100,503,143,114,454,207,182,439.0,0.457,0.13,0.104,0.413,0.188,0.165,0.399,4.564,vs. LHP
508,Marcelo Mayer,691785,47.0,50.0,164,85,35,30,44,33,22,87.0,0.518,0.213,0.183,0.268,0.201,0.134,0.53,3.28,vs. LHP
509,Marcus Semien,543760,256.0,295.0,1169,501,204,135,464,164,202,541.0,0.429,0.175,0.115,0.397,0.14,0.173,0.463,3.963,vs. LHP
510,Mark Canha,592192,63.0,69.0,267,136,52,23,79,61,52,127.0,0.509,0.195,0.086,0.296,0.228,0.195,0.476,3.87,vs. LHP
511,Mark Vientos,668901,243.0,261.0,972,454,188,152,330,122,180,520.0,0.467,0.193,0.156,0.34,0.126,0.185,0.535,3.724,vs. LHP
512,Martin Maldonado,455117,46.0,52.0,197,94,32,33,71,42,19,84.0,0.477,0.162,0.168,0.36,0.213,0.096,0.426,3.788,vs. LHP
513,Masataka Yoshida,807799,58.0,62.0,210,88,50,13,72,50,25,88.0,0.419,0.238,0.062,0.343,0.238,0.119,0.419,3.387,vs. LHP
514,Mason McCoy,669200,4.0,6.0,20,6,3,1,11,4,1,5.0,0.3,0.15,0.05,0.55,0.2,0.05,0.25,3.333,vs. LHP
515,Masyn Winn,691026,272.0,304.0,1345,637,215,112,493,274,251,578.0,0.474,0.16,0.083,0.367,0.204,0.187,0.43,4.424,vs. LHP
516,Matt Chapman,656305,186.0,217.0,893,382,144,90,367,142,150,384.0,0.428,0.161,0.101,0.411,0.159,0.168,0.43,4.115,vs. LHP
517,Matt Gorski,685301,23.0,23.0,93,54,14,21,25,18,15,50.0,0.581,0.151,0.226,0.269,0.194,0.161,0.538,4.043,vs. LHP
518,Matt McLain,680574,220.0,255.0,1061,510,154,115,397,192,199,472.0,0.481,0.145,0.108,0.374,0.181,0.188,0.445,4.161,vs. LHP
519,Matt Mervis,670223,9.0,10.0,34,18,5,7,11,5,6,18.0,0.529,0.147,0.206,0.324,0.147,0.176,0.529,3.4,vs. LHP
520,Matt Olson,621566,451.0,492.0,2037,974,324,273,739,329,372,969.0,0.478,0.159,0.134,0.363,0.162,0.183,0.476,4.14,vs. LHP
521,Matt Shaw,807713,181.0,205.0,816,400,146,77,270,144,177,402.0,0.49,0.179,0.094,0.331,0.176,0.217,0.493,3.98,vs. LHP
522,Matt Thaiss,642136,24.0,28.0,117,54,19,15,44,15,24,58.0,0.462,0.162,0.128,0.376,0.128,0.205,0.496,4.179,vs. LHP
523,Matt Vierling,663837,143.0,162.0,666,308,120,44,238,127,137,301.0,0.462,0.18,0.066,0.357,0.191,0.206,0.452,4.111,vs. LHP
524,Matt Wallner,670242,127.0,144.0,544,266,90,85,188,68,113,288.0,0.489,0.165,0.156,0.346,0.125,0.208,0.529,3.778,vs. LHP
525,Matthew Lugo,683090,25.0,25.0,97,48,16,18,33,15,14,49.0,0.495,0.165,0.186,0.34,0.155,0.144,0.505,3.88,vs. LHP
526,Mauricio Dubon,643289,300.0,323.0,1155,507,272,84,376,150,268,629.0,0.439,0.235,0.073,0.326,0.13,0.232,0.545,3.576,vs. LHP
527,Maverick Handley,668974,4.0,7.0,34,16,2,4,16,6,6,12.0,0.471,0.059,0.118,0.471,0.176,0.176,0.353,4.857,vs. LHP
528,Max Clark,703601,58.0,67.0,237,102,50,17,85,44,40,108.0,0.43,0.211,0.072,0.359,0.186,0.169,0.456,3.537,vs. LHP
529,Max Kepler,596146,81.0,88.0,293,134,62,37,97,46,50,150.0,0.457,0.212,0.126,0.331,0.157,0.171,0.512,3.33,vs. LHP
530,Max Muncy,571970,188.0,213.0,863,415,130,117,318,149,149,396.0,0.481,0.151,0.136,0.368,0.173,0.173,0.459,4.052,vs. LHP
531,Max Schuemann,680474,94.0,110.0,434,183,79,51,172,52,79,210.0,0.422,0.182,0.118,0.396,0.12,0.182,0.484,3.945,vs. LHP
532,Maximo Acosta,691185,17.0,20.0,92,43,10,12,39,22,9,31.0,0.467,0.109,0.13,0.424,0.239,0.098,0.337,4.6,vs. LHP
533,Maxwell Muncy,691777,131.0,149.0,605,295,85,100,225,83,111,297.0,0.488,0.14,0.165,0.372,0.137,0.183,0.491,4.06,vs. LHP
534,Michael A. Taylor,572191,131.0,138.0,538,275,84,116,179,62,92,297.0,0.511,0.156,0.216,0.333,0.115,0.171,0.552,3.899,vs. LHP
535,Michael Arroyo,703197,17.0,21.0,71,30,14,5,27,7,18,37.0,0.423,0.197,0.07,0.38,0.099,0.254,0.521,3.381,vs. LHP
536,Michael Busch,683737,259.0,298.0,1141,517,192,114,432,215,188,494.0,0.453,0.168,0.1,0.379,0.188,0.165,0.433,3.829,vs. LHP
537,Michael Conforto,624424,73.0,87.0,338,163,51,46,124,54,63,160.0,0.482,0.151,0.136,0.367,0.16,0.186,0.473,3.885,vs. LHP
538,Michael Harris II,671739,381.0,407.0,1378,672,308,196,398,231,240,749.0,0.488,0.224,0.142,0.289,0.168,0.174,0.544,3.386,vs. LHP
539,Michael Helman,680737,61.0,66.0,233,115,48,42,70,24,44,139.0,0.494,0.206,0.18,0.3,0.103,0.189,0.597,3.53,vs. LHP
540,Michael Massey,686681,142.0,150.0,531,260,114,69,157,88,99,286.0,0.49,0.215,0.13,0.296,0.166,0.186,0.539,3.54,vs. LHP
541,Michael Stefanic,683021,24.0,27.0,118,56,17,7,45,26,23,47.0,0.475,0.144,0.059,0.381,0.22,0.195,0.398,4.37,vs. LHP
542,Michael Toglia,669911,95.0,102.0,409,200,66,56,143,69,75,197.0,0.489,0.161,0.137,0.35,0.169,0.183,0.482,4.01,vs. LHP
543,Mickey Gasper,681508,56.0,65.0,278,128,41,24,109,66,37,103.0,0.46,0.147,0.086,0.392,0.237,0.133,0.371,4.277,vs. LHP
544,Mickey Moniak,666160,139.0,151.0,533,268,92,86,173,90,91,270.0,0.503,0.173,0.161,0.325,0.169,0.171,0.507,3.53,vs. LHP
545,Miguel Amaya,665804,81.0,96.0,356,163,63,49,130,51,63,175.0,0.458,0.177,0.138,0.365,0.143,0.177,0.492,3.708,vs. LHP
546,Miguel Andujar,609280,165.0,172.0,640,313,138,57,189,91,165,360.0,0.489,0.216,0.089,0.295,0.142,0.258,0.562,3.721,vs. LHP
547,Miguel Rojas,500743,269.0,295.0,1108,453,237,76,418,189,188,501.0,0.409,0.214,0.069,0.377,0.171,0.17,0.452,3.756,vs. LHP
548,Miguel Vargas,678246,308.0,358.0,1467,629,249,122,589,231,275,647.0,0.429,0.17,0.083,0.401,0.157,0.187,0.441,4.098,vs. LHP
549,Mike Siani,672279,3.0,3.0,7,3,2,1,2,1,1,4.0,0.429,0.286,0.143,0.286,0.143,0.143,0.571,2.333,vs. LHP
550,Mike Tauchman,643565,59.0,71.0,286,137,41,50,108,37,50,141.0,0.479,0.143,0.175,0.378,0.129,0.175,0.493,4.028,vs. LHP
551,Mike Trout,545361,237.0,277.0,1254,572,157,124,525,247,201,482.0,0.456,0.125,0.099,0.419,0.197,0.16,0.384,4.527,vs. LHP
552,Mike Yastrzemski,573262,126.0,141.0,547,268,95,57,184,118,90,245.0,0.49,0.174,0.104,0.336,0.216,0.165,0.448,3.879,vs. LHP
553,Miles Mastrobuoni,670156,18.0,21.0,77,36,16,6,25,19,10,33.0,0.468,0.208,0.078,0.325,0.247,0.13,0.429,3.667,vs. LHP
554,Mitch Garver,641598,187.0,219.0,930,429,136,99,365,185,145,380.0,0.461,0.146,0.106,0.392,0.199,0.156,0.409,4.247,vs. LHP
555,Moises Ballesteros,694208,58.0,65.0,253,128,44,34,81,38,55,134.0,0.506,0.174,0.134,0.32,0.15,0.217,0.53,3.892,vs. LHP
556,Mookie Betts,605141,316.0,351.0,1336,521,290,60,525,276,185,535.0,0.39,0.217,0.045,0.393,0.207,0.138,0.4,3.806,vs. LHP
557,Munetaka Murakami,808959,130.0,165.0,754,362,72,121,320,138,103,296.0,0.48,0.095,0.16,0.424,0.183,0.137,0.393,4.57,vs. LHP
558,Myles Straw,664702,286.0,318.0,1261,570,238,91,453,250,223,558.0,0.452,0.189,0.072,0.359,0.198,0.177,0.443,3.965,vs. LHP
559,Nacho Alvarez,805373,47.0,55.0,233,115,35,16,83,55,43,95.0,0.494,0.15,0.069,0.356,0.236,0.185,0.408,4.236,vs. LHP
560,Nasim Nunez,683083,157.0,183.0,738,326,129,64,283,127,126,328.0,0.442,0.175,0.087,0.383,0.172,0.171,0.444,4.033,vs. LHP
561,Nate Eaton,681987,70.0,83.0,336,161,50,38,125,50,72,161.0,0.479,0.149,0.113,0.372,0.149,0.214,0.479,4.048,vs. LHP
562,Nate Furman,801501,0.0,1.0,1,0,1,0,0,0,0,1.0,0.0,1.0,0.0,0.0,0.0,0.0,1.0,1.0,vs. LHP
563,Nathan Church,701675,107.0,118.0,445,214,92,42,139,66,94,240.0,0.481,0.207,0.094,0.312,0.148,0.211,0.539,3.771,vs. LHP
564,Nathan Lukes,664770,117.0,139.0,501,242,96,40,163,112,86,226.0,0.483,0.192,0.08,0.325,0.224,0.172,0.451,3.604,vs. LHP
565,Nathaniel Lowe,663993,197.0,217.0,895,451,138,103,306,184,164,405.0,0.504,0.154,0.115,0.342,0.206,0.183,0.453,4.124,vs. LHP
566,Nelson Velazquez,676369,72.0,81.0,317,163,47,64,107,51,48,159.0,0.514,0.148,0.202,0.338,0.161,0.151,0.502,3.914,vs. LHP
567,Nick Ahmed,605113,7.0,7.0,22,13,5,8,4,3,2,15.0,0.591,0.227,0.364,0.182,0.136,0.091,0.682,3.143,vs. LHP
568,Nick Allen,669397,136.0,155.0,600,274,114,52,212,91,128,297.0,0.457,0.19,0.087,0.353,0.152,0.213,0.495,3.871,vs. LHP
569,Nick Castellanos,592206,206.0,221.0,835,419,150,151,266,67,201,502.0,0.502,0.18,0.181,0.319,0.08,0.241,0.601,3.778,vs. LHP
570,Nick Fortes,663743,252.0,280.0,1040,473,214,89,353,167,216,520.0,0.455,0.206,0.086,0.339,0.161,0.208,0.5,3.714,vs. LHP
571,Nick Gonzales,693304,266.0,294.0,1070,469,219,136,382,100,232,588.0,0.438,0.205,0.127,0.357,0.093,0.217,0.55,3.639,vs. LHP
572,Nick Kurtz,701762,273.0,309.0,1267,624,162,209,481,233,182,553.0,0.493,0.128,0.165,0.38,0.184,0.144,0.436,4.1,vs. LHP
573,Nick Loftin,679845,205.0,236.0,906,392,170,76,344,172,141,390.0,0.433,0.188,0.084,0.38,0.19,0.156,0.43,3.839,vs. LHP
574,Nick Madrigal,663611,19.0,22.0,84,36,19,0,29,14,22,41.0,0.429,0.226,0.0,0.345,0.167,0.262,0.488,3.818,vs. LHP
575,Nick Martini,605361,4.0,5.0,23,10,4,2,9,2,6,12.0,0.435,0.174,0.087,0.391,0.087,0.261,0.522,4.6,vs. LHP
576,Nick Maton,665155,0.0,1.0,5,1,0,0,4,1,0,0.0,0.2,0.0,0.0,0.8,0.2,0.0,0.0,5.0,vs. LHP
577,Nick Morabito,703492,14.0,17.0,65,31,8,9,26,13,6,26.0,0.477,0.123,0.138,0.4,0.2,0.092,0.4,3.824,vs. LHP
578,Nick Sogard,686765,101.0,105.0,406,191,75,39,140,89,62,177.0,0.47,0.185,0.096,0.345,0.219,0.153,0.436,3.867,vs. LHP
579,Nick Solak,669256,13.0,15.0,38,16,12,4,10,6,6,22.0,0.421,0.316,0.105,0.263,0.158,0.158,0.579,2.533,vs. LHP
580,Nick Yorke,694377,79.0,86.0,354,164,60,46,130,48,70,176.0,0.463,0.169,0.13,0.367,0.136,0.198,0.497,4.116,vs. LHP
581,Nicky Lopez,670032,53.0,60.0,232,110,49,17,73,39,50,120.0,0.474,0.211,0.073,0.315,0.168,0.216,0.517,3.867,vs. LHP
582,Nico Hoerner,663538,302.0,322.0,1060,459,279,66,322,187,206,551.0,0.433,0.263,0.062,0.304,0.176,0.194,0.52,3.292,vs. LHP
583,Niko Kavadas,694359,4.0,4.0,18,12,1,4,5,5,3,8.0,0.667,0.056,0.222,0.278,0.278,0.167,0.444,4.5,vs. LHP
584,Noelvi Marte,682622,146.0,157.0,608,299,100,84,209,90,125,309.0,0.492,0.164,0.138,0.344,0.148,0.206,0.508,3.873,vs. LHP
585,Nolan Arenado,571448,242.0,265.0,1032,458,208,104,366,167,187,499.0,0.444,0.202,0.101,0.355,0.162,0.181,0.484,3.894,vs. LHP
586,Nolan Gorman,669357,125.0,140.0,548,280,88,90,180,105,84,263.0,0.511,0.161,0.164,0.328,0.192,0.153,0.48,3.914,vs. LHP
587,Nolan Jones,666134,76.0,85.0,359,189,45,50,125,69,69,165.0,0.526,0.125,0.139,0.348,0.192,0.192,0.46,4.224,vs. LHP
588,Nolan Schanuel,694384,212.0,244.0,904,393,184,53,327,187,150,390.0,0.435,0.204,0.059,0.362,0.207,0.166,0.431,3.705,vs. LHP
589,Oliver Dunn,686554,9.0,10.0,33,13,8,5,12,4,4,17.0,0.394,0.242,0.152,0.364,0.121,0.121,0.515,3.3,vs. LHP
590,Omar Narvaez,553882,3.0,3.0,12,5,2,0,5,3,2,4.0,0.417,0.167,0.0,0.417,0.25,0.167,0.333,4.0,vs. LHP
591,Oneil Cruz,665833,237.0,263.0,1055,507,141,162,407,207,136,439.0,0.481,0.134,0.154,0.386,0.196,0.129,0.416,4.011,vs. LHP
592,Orlando Arcia,606115,74.0,76.0,272,123,58,41,91,32,50,149.0,0.452,0.213,0.151,0.335,0.118,0.184,0.548,3.579,vs. LHP
593,Oscar Gonzalez,660757,28.0,29.0,118,71,20,25,27,8,38,83.0,0.602,0.169,0.212,0.229,0.068,0.322,0.703,4.069,vs. LHP
594,Osleivis Basabe,678545,52.0,60.0,247,124,40,29,83,47,44,117.0,0.502,0.162,0.117,0.336,0.19,0.178,0.474,4.117,vs. LHP
595,Oswald Peraza,672724,201.0,218.0,857,432,134,147,291,105,178,461.0,0.504,0.156,0.172,0.34,0.123,0.208,0.538,3.931,vs. LHP
596,Oswaldo Cabrera,665828,26.0,28.0,119,64,18,21,37,14,27,68.0,0.538,0.151,0.176,0.311,0.118,0.227,0.571,4.25,vs. LHP
597,Otto Kemp,805249,85.0,96.0,389,191,51,73,147,55,63,187.0,0.491,0.131,0.188,0.378,0.141,0.162,0.481,4.052,vs. LHP
598,Otto Lopez,672640,337.0,362.0,1366,619,292,131,455,269,219,642.0,0.453,0.214,0.096,0.333,0.197,0.16,0.47,3.773,vs. LHP
599,Owen Caissie,683357,37.0,41.0,178,97,19,27,62,47,22,69.0,0.545,0.107,0.152,0.348,0.264,0.124,0.388,4.341,vs. LHP
600,Owen Miller,680911,6.0,8.0,37,20,4,2,13,8,10,16.0,0.541,0.108,0.054,0.351,0.216,0.27,0.432,4.625,vs. LHP
601,Ozzie Albies,645277,418.0,443.0,1429,609,384,157,436,111,341,882.0,0.426,0.269,0.11,0.305,0.078,0.239,0.617,3.226,vs. LHP
602,P.J. Higgins,664731,3.0,4.0,18,6,3,3,9,1,1,8.0,0.333,0.167,0.167,0.5,0.056,0.056,0.444,4.5,vs. LHP
603,Pablo Reyes,622569,16.0,18.0,75,34,11,6,30,14,14,31.0,0.453,0.147,0.08,0.4,0.187,0.187,0.413,4.167,vs. LHP
604,Parker Meadows,678009,42.0,47.0,182,79,31,23,72,30,26,80.0,0.434,0.17,0.126,0.396,0.165,0.143,0.44,3.872,vs. LHP
605,Patrick Bailey,672275,160.0,179.0,681,333,111,111,237,109,110,335.0,0.489,0.163,0.163,0.348,0.16,0.162,0.492,3.804,vs. LHP
606,Patrick Wisdom,621550,22.0,23.0,92,51,10,22,31,14,15,47.0,0.554,0.109,0.239,0.337,0.152,0.163,0.511,4.0,vs. LHP
607,Paul DeJong,657557,65.0,69.0,276,152,38,61,86,37,54,153.0,0.551,0.138,0.221,0.312,0.134,0.196,0.554,4.0,vs. LHP
608,Paul Goldschmidt,502671,306.0,344.0,1411,625,255,113,531,276,236,604.0,0.443,0.181,0.08,0.376,0.196,0.167,0.428,4.102,vs. LHP
609,Pavin Smith,656976,25.0,31.0,129,64,15,19,50,31,14,48.0,0.496,0.116,0.147,0.388,0.24,0.109,0.372,4.161,vs. LHP
610,Pedro Pages,686780,191.0,207.0,884,451,130,129,303,133,186,448.0,0.51,0.147,0.146,0.343,0.15,0.21,0.507,4.271,vs. LHP
611,Pedro Ramirez,699393,40.0,44.0,156,61,36,9,59,19,31,78.0,0.391,0.231,0.058,0.378,0.122,0.199,0.5,3.545,vs. LHP
612,Pete Alonso,624413,368.0,409.0,1722,817,259,219,646,295,303,781.0,0.474,0.15,0.127,0.375,0.171,0.176,0.454,4.21,vs. LHP
613,Pete Crow-Armstrong,691718,370.0,418.0,1632,804,260,244,568,205,342,859.0,0.493,0.159,0.15,0.348,0.126,0.21,0.526,3.904,vs. LHP
614,Petey Halpin,690984,41.0,46.0,162,76,34,26,52,23,27,87.0,0.469,0.21,0.16,0.321,0.142,0.167,0.537,3.522,vs. LHP
615,Rafael Devers,646240,413.0,456.0,1873,947,288,287,638,284,375,951.0,0.506,0.154,0.153,0.341,0.152,0.2,0.508,4.107,vs. LHP
616,Rafael Flores,804668,77.0,86.0,357,175,51,53,131,65,57,161.0,0.49,0.143,0.148,0.367,0.182,0.16,0.451,4.151,vs. LHP
617,Rafael Marchan,665561,59.0,65.0,246,106,51,18,89,51,37,106.0,0.431,0.207,0.073,0.362,0.207,0.15,0.431,3.785,vs. LHP
618,Ramon Laureano,657656,192.0,213.0,878,399,148,110,331,133,156,414.0,0.454,0.169,0.125,0.377,0.151,0.178,0.472,4.122,vs. LHP
619,Ramon Urias,602104,141.0,158.0,631,292,103,82,236,86,123,309.0,0.463,0.163,0.13,0.374,0.136,0.195,0.49,3.994,vs. LHP
620,Randal Grichuk,545341,334.0,355.0,1316,621,253,143,442,194,284,680.0,0.472,0.192,0.109,0.336,0.147,0.216,0.517,3.707,vs. LHP
621,Randy Arozarena,668227,354.0,396.0,1562,750,270,181,542,285,284,735.0,0.48,0.173,0.116,0.347,0.182,0.182,0.471,3.944,vs. LHP
622,Raynel Delgado,669384,7.0,10.0,31,15,6,6,10,4,4,17.0,0.484,0.194,0.194,0.323,0.129,0.129,0.548,3.1,vs. LHP
623,Rece Hinds,677956,47.0,52.0,237,139,17,64,81,29,45,127.0,0.586,0.072,0.27,0.342,0.122,0.19,0.536,4.558,vs. LHP
624,Reese McGuire,624512,18.0,20.0,70,38,12,8,20,17,12,33.0,0.543,0.171,0.114,0.286,0.243,0.171,0.471,3.5,vs. LHP
625,Rhylan Thomas,689041,0.0,1.0,1,0,1,0,0,0,0,1.0,0.0,1.0,0.0,0.0,0.0,0.0,1.0,1.0,vs. LHP
626,Rhys Hoskins,656555,188.0,226.0,1025,489,125,126,411,173,190,441.0,0.477,0.122,0.123,0.401,0.169,0.185,0.43,4.535,vs. LHP
627,Richie Palacios,680700,71.0,82.0,301,134,58,30,109,49,54,143.0,0.445,0.193,0.1,0.362,0.163,0.179,0.475,3.671,vs. LHP
628,Rikuu Nishida,807747,4.0,4.0,10,3,3,0,4,1,0,5.0,0.3,0.3,0.0,0.4,0.1,0.0,0.5,2.5,vs. LHP
629,Riley Adams,656180,87.0,97.0,390,207,48,63,135,76,68,179.0,0.531,0.123,0.162,0.346,0.195,0.174,0.459,4.021,vs. LHP
630,Riley Greene,682985,334.0,383.0,1641,813,229,224,599,264,325,778.0,0.495,0.14,0.137,0.365,0.161,0.198,0.474,4.285,vs. LHP
631,Rob Brantly,542963,7.0,7.0,19,9,6,7,4,0,2,15.0,0.474,0.316,0.368,0.211,0.0,0.105,0.789,2.714,vs. LHP
632,Rob Refsnyder,608701,211.0,244.0,1035,469,153,106,413,199,163,423.0,0.453,0.148,0.102,0.399,0.192,0.157,0.409,4.242,vs. LHP
633,Robert Hassell III,690987,35.0,38.0,137,62,22,16,53,32,12,52.0,0.453,0.161,0.117,0.387,0.234,0.088,0.38,3.605,vs. LHP
634,Rodolfo Duran,660710,15.0,19.0,80,40,10,10,30,19,11,31.0,0.5,0.125,0.125,0.375,0.238,0.138,0.388,4.211,vs. LHP
635,Roman Anthony,701350,165.0,179.0,728,350,110,82,268,182,86,278.0,0.481,0.151,0.113,0.368,0.25,0.118,0.382,4.067,vs. LHP
636,Romy Gonzalez,663853,165.0,182.0,685,321,123,109,241,89,123,355.0,0.469,0.18,0.159,0.352,0.13,0.18,0.518,3.764,vs. LHP
637,Ronald Acuna Jr.,660670,223.0,268.0,1188,537,152,162,499,150,225,539.0,0.452,0.128,0.136,0.42,0.126,0.189,0.454,4.433,vs. LHP
638,Ronny Mauricio,677595,49.0,51.0,196,105,30,36,61,37,32,98.0,0.536,0.153,0.184,0.311,0.189,0.163,0.5,3.843,vs. LHP
639,Ronny Simon,682927,34.0,38.0,148,74,30,16,44,21,35,83.0,0.5,0.203,0.108,0.297,0.142,0.236,0.561,3.895,vs. LHP
640,Rowdy Tellez,642133,22.0,26.0,117,66,12,25,39,23,18,55.0,0.564,0.103,0.214,0.333,0.197,0.154,0.47,4.5,vs. LHP
641,Royce Lewis,668904,240.0,260.0,1011,466,188,137,357,151,178,503.0,0.461,0.186,0.136,0.353,0.149,0.176,0.498,3.888,vs. LHP
642,Rudy Martin,657675,1.0,1.0,3,3,0,2,0,1,0,2.0,1.0,0.0,0.667,0.0,0.333,0.0,0.667,3.0,vs. LHP
643,Ryan Bliss,669208,17.0,18.0,77,41,10,15,26,10,12,41.0,0.532,0.13,0.195,0.338,0.13,0.156,0.532,4.278,vs. LHP
644,Ryan Fitzgerald,680837,18.0,20.0,75,33,16,6,26,18,8,31.0,0.44,0.213,0.08,0.347,0.24,0.107,0.413,3.75,vs. LHP
645,Ryan Jeffers,680777,226.0,278.0,1198,509,182,85,507,262,162,429.0,0.425,0.152,0.071,0.423,0.219,0.135,0.358,4.309,vs. LHP
646,Ryan Kreidler,668952,110.0,129.0,480,205,88,68,187,56,80,237.0,0.427,0.183,0.142,0.39,0.117,0.167,0.494,3.721,vs. LHP
647,Ryan McMahon,641857,171.0,194.0,786,385,112,118,289,151,111,346.0,0.49,0.142,0.15,0.368,0.192,0.141,0.44,4.052,vs. LHP
648,Ryan Mountcastle,663624,88.0,94.0,362,191,65,67,106,45,79,211.0,0.528,0.18,0.185,0.293,0.124,0.218,0.583,3.851,vs. LHP
649,Ryan Noda,676116,3.0,4.0,22,11,0,5,11,4,2,7.0,0.5,0.0,0.227,0.5,0.182,0.091,0.318,5.5,vs. LHP
650,Ryan O'Hearn,656811,226.0,249.0,967,479,167,105,321,203,171,443.0,0.495,0.173,0.109,0.332,0.21,0.177,0.458,3.884,vs. LHP
651,Ryan Ritter,690022,48.0,54.0,200,102,37,41,61,20,39,119.0,0.51,0.185,0.205,0.305,0.1,0.195,0.595,3.704,vs. LHP
652,Ryan Vilade,668723,160.0,180.0,724,342,119,85,263,89,166,371.0,0.472,0.164,0.117,0.363,0.123,0.229,0.512,4.022,vs. LHP
653,Ryan Waldschmidt,814439,74.0,86.0,350,155,55,39,140,65,49,145.0,0.443,0.157,0.111,0.4,0.186,0.14,0.414,4.07,vs. LHP
654,Ryan Ward,669899,3.0,3.0,11,8,1,4,2,1,3,8.0,0.727,0.091,0.364,0.182,0.091,0.273,0.727,3.667,vs. LHP
655,Sal Frelick,686217,243.0,271.0,973,411,215,56,347,197,154,429.0,0.422,0.221,0.058,0.357,0.202,0.158,0.441,3.59,vs. LHP
656,Sal Stewart,701398,166.0,185.0,784,353,121,97,310,111,145,363.0,0.45,0.154,0.124,0.395,0.142,0.185,0.463,4.238,vs. LHP
657,Salvador Perez,521692,295.0,311.0,1136,574,236,161,326,119,294,691.0,0.505,0.208,0.142,0.287,0.105,0.259,0.608,3.653,vs. LHP
658,Sam Antonacci,803011,95.0,111.0,454,210,72,31,172,100,79,182.0,0.463,0.159,0.068,0.379,0.22,0.174,0.401,4.09,vs. LHP
659,Sam Haggerty,664059,118.0,129.0,462,218,87,60,157,70,86,235.0,0.472,0.188,0.13,0.34,0.152,0.186,0.509,3.581,vs. LHP
660,Sam Hilliard,656541,3.0,4.0,16,9,1,3,6,4,2,6.0,0.562,0.062,0.188,0.375,0.25,0.125,0.375,4.0,vs. LHP
661,Sam Huff,669087,29.0,30.0,120,66,14,28,40,21,17,59.0,0.55,0.117,0.233,0.333,0.175,0.142,0.492,4.0,vs. LHP
662,Samad Taylor,669392,52.0,56.0,215,107,38,20,70,45,31,100.0,0.498,0.177,0.093,0.326,0.209,0.144,0.465,3.839,vs. LHP
663,Samuel Basallo,694212,114.0,124.0,452,235,72,91,145,71,71,236.0,0.52,0.159,0.201,0.321,0.157,0.157,0.522,3.645,vs. LHP
664,Sandy Leon,506702,24.0,24.0,90,54,15,18,21,13,23,56.0,0.6,0.167,0.2,0.233,0.144,0.256,0.622,3.75,vs. LHP
665,Santiago Espinal,669289,150.0,162.0,677,293,137,39,247,136,115,294.0,0.433,0.202,0.058,0.365,0.201,0.17,0.434,4.179,vs. LHP
666,Scott Bandura,814154,11.0,11.0,41,28,5,12,8,7,9,26.0,0.683,0.122,0.293,0.195,0.171,0.22,0.634,3.727,vs. LHP
667,Scott Kingery,664068,14.0,14.0,52,29,10,11,13,7,11,32.0,0.558,0.192,0.212,0.25,0.135,0.212,0.615,3.714,vs. LHP
668,Sean Bouchard,656248,47.0,51.0,186,89,31,23,66,43,23,77.0,0.478,0.167,0.124,0.355,0.231,0.124,0.414,3.647,vs. LHP
669,Sean Keys,815873,2.0,3.0,20,12,1,1,7,3,8,10.0,0.6,0.05,0.05,0.35,0.15,0.4,0.5,6.667,vs. LHP
670,Sean Murphy,669221,127.0,149.0,656,338,77,112,241,91,135,324.0,0.515,0.117,0.171,0.367,0.139,0.206,0.494,4.403,vs. LHP
671,Sebastian Rivero,665861,16.0,19.0,77,36,15,12,26,8,16,43.0,0.468,0.195,0.156,0.338,0.104,0.208,0.558,4.053,vs. LHP
672,Seiya Suzuki,673548,287.0,347.0,1538,659,219,108,660,291,260,587.0,0.428,0.142,0.07,0.429,0.189,0.169,0.382,4.432,vs. LHP
673,Sergio Alcantara,642727,2.0,2.0,11,4,2,1,5,1,2,5.0,0.364,0.182,0.091,0.455,0.091,0.182,0.455,5.5,vs. LHP
674,Seth Brown,664913,6.0,6.0,32,20,2,10,10,5,5,17.0,0.625,0.062,0.312,0.312,0.156,0.156,0.531,5.333,vs. LHP
675,Shay Whitcomb,694376,54.0,54.0,190,83,39,23,68,33,27,89.0,0.437,0.205,0.121,0.358,0.174,0.142,0.468,3.519,vs. LHP
676,Shea Langeliers,669127,241.0,256.0,934,423,187,123,324,108,192,502.0,0.453,0.2,0.132,0.347,0.116,0.206,0.537,3.648,vs. LHP
677,Shinnosuke Ogasawara,829272,1.0,1.0,3,3,0,0,0,3,0,0.0,1.0,0.0,0.0,0.0,1.0,0.0,0.0,3.0,vs. LHP
678,Shohei Ohtani,660271,400.0,443.0,1647,748,284,248,615,270,230,762.0,0.454,0.172,0.151,0.373,0.164,0.14,0.463,3.718,vs. LHP
679,Spencer Horwitz,687462,119.0,141.0,586,272,91,62,223,103,107,260.0,0.464,0.155,0.106,0.381,0.176,0.183,0.444,4.156,vs. LHP
680,Spencer Jones,682987,54.0,59.0,225,112,36,35,77,27,50,121.0,0.498,0.16,0.156,0.342,0.12,0.222,0.538,3.814,vs. LHP
681,Spencer Steer,668715,197.0,226.0,910,436,153,110,321,141,184,448.0,0.479,0.168,0.121,0.353,0.155,0.202,0.492,4.027,vs. LHP
682,Spencer Torkelson,679529,313.0,363.0,1570,713,221,181,636,268,264,666.0,0.454,0.141,0.115,0.405,0.171,0.168,0.424,4.325,vs. LHP
683,Starling Marte,516782,246.0,273.0,1060,524,189,147,347,173,203,540.0,0.494,0.178,0.139,0.327,0.163,0.192,0.509,3.883,vs. LHP
684,Sterlin Thompson,694514,14.0,15.0,63,35,9,9,19,8,18,36.0,0.556,0.143,0.143,0.302,0.127,0.286,0.571,4.2,vs. LHP
685,Steven Kwan,680757,373.0,427.0,1694,721,334,63,639,390,263,665.0,0.426,0.197,0.037,0.377,0.23,0.155,0.393,3.967,vs. LHP
686,Steward Berroa,672642,8.0,9.0,41,25,3,3,13,11,9,17.0,0.61,0.073,0.073,0.317,0.268,0.22,0.415,4.556,vs. LHP
687,Stuart Fairchild,656413,46.0,57.0,221,98,27,38,96,33,26,92.0,0.443,0.122,0.172,0.434,0.149,0.118,0.416,3.877,vs. LHP
688,Sung Mun Song,823550,9.0,12.0,42,15,9,3,18,8,3,16.0,0.357,0.214,0.071,0.429,0.19,0.071,0.381,3.5,vs. LHP
689,T.J. Rumfield,681198,171.0,197.0,703,286,146,62,271,109,114,323.0,0.407,0.208,0.088,0.385,0.155,0.162,0.459,3.569,vs. LHP
690,TJ Friedl,670770,209.0,236.0,865,355,167,66,343,193,84,329.0,0.41,0.193,0.076,0.397,0.223,0.097,0.38,3.665,vs. LHP
691,Tanner Murray,695020,22.0,23.0,74,36,15,15,23,13,7,38.0,0.486,0.203,0.203,0.311,0.176,0.095,0.514,3.217,vs. LHP
692,Taylor Trammell,666211,49.0,58.0,224,105,34,42,85,36,26,103.0,0.469,0.152,0.188,0.379,0.161,0.116,0.46,3.862,vs. LHP
693,Taylor Walls,670764,227.0,255.0,956,433,183,90,340,169,160,447.0,0.453,0.191,0.094,0.356,0.177,0.167,0.468,3.749,vs. LHP
694,Taylor Ward,621493,261.0,307.0,1289,576,189,100,524,275,201,490.0,0.447,0.147,0.078,0.407,0.213,0.156,0.38,4.199,vs. LHP
695,Teoscar Hernandez,606192,251.0,276.0,1091,484,196,170,411,135,179,545.0,0.444,0.18,0.156,0.377,0.124,0.164,0.5,3.953,vs. LHP
696,Thairo Estrada,642731,31.0,37.0,140,59,28,14,53,14,31,73.0,0.421,0.2,0.1,0.379,0.1,0.221,0.521,3.784,vs. LHP
697,Thomas Saggese,695336,111.0,122.0,494,260,72,75,162,83,101,249.0,0.526,0.146,0.152,0.328,0.168,0.204,0.504,4.049,vs. LHP
698,Tim Anderson,641313,17.0,18.0,66,35,12,12,19,8,15,39.0,0.53,0.182,0.182,0.288,0.121,0.227,0.591,3.667,vs. LHP
699,Tim Elko,671284,19.0,20.0,79,49,6,17,24,10,22,45.0,0.62,0.076,0.215,0.304,0.127,0.278,0.57,3.95,vs. LHP
700,Tim Tawa,694374,156.0,173.0,709,335,112,105,262,109,118,338.0,0.472,0.158,0.148,0.37,0.154,0.166,0.477,4.098,vs. LHP
701,Tomas Nido,621512,9.0,10.0,26,11,9,2,6,1,8,19.0,0.423,0.346,0.077,0.231,0.038,0.308,0.731,2.6,vs. LHP
702,Tommy Edman,669242,209.0,231.0,806,349,161,88,296,134,127,376.0,0.433,0.2,0.109,0.367,0.166,0.158,0.467,3.489,vs. LHP
703,Tommy Pham,502054,123.0,146.0,575,263,93,55,219,115,93,241.0,0.457,0.162,0.096,0.381,0.2,0.162,0.419,3.938,vs. LHP
704,Tommy Troy,694371,28.0,31.0,131,67,21,14,43,26,26,62.0,0.511,0.16,0.107,0.328,0.198,0.198,0.473,4.226,vs. LHP
705,Tommy White,695720,66.0,68.0,237,122,52,33,63,28,61,146.0,0.515,0.219,0.139,0.266,0.118,0.257,0.616,3.485,vs. LHP
706,Travis Bazzana,683953,142.0,161.0,670,314,101,70,255,111,130,303.0,0.469,0.151,0.104,0.381,0.166,0.194,0.452,4.161,vs. LHP
707,Travis Jankowski,608671,7.0,7.0,26,14,5,5,7,8,1,11.0,0.538,0.192,0.192,0.269,0.308,0.038,0.423,3.714,vs. LHP
708,Travis d'Arnaud,518595,86.0,93.0,336,169,55,68,112,49,52,175.0,0.503,0.164,0.202,0.333,0.146,0.155,0.521,3.613,vs. LHP
709,Trea Turner,607208,399.0,438.0,1700,745,329,188,626,216,341,858.0,0.438,0.194,0.111,0.368,0.127,0.201,0.505,3.881,vs. LHP
710,Trei Cruz,669360,1.0,1.0,4,3,0,0,1,1,1,2.0,0.75,0.0,0.0,0.25,0.25,0.25,0.5,4.0,vs. LHP
711,Trent Grisham,663757,252.0,291.0,1169,515,184,99,470,246,167,453.0,0.441,0.157,0.085,0.402,0.21,0.143,0.388,4.017,vs. LHP
712,Trenton Brooks,670092,2.0,2.0,9,6,0,1,3,1,4,5.0,0.667,0.0,0.111,0.333,0.111,0.444,0.556,4.5,vs. LHP
713,Trevor Larnach,663616,154.0,173.0,662,310,112,99,240,129,81,293.0,0.468,0.169,0.15,0.363,0.195,0.122,0.443,3.827,vs. LHP
714,Trevor Rogers,669432,2.0,2.0,6,6,0,1,0,5,0,1.0,1.0,0.0,0.167,0.0,0.833,0.0,0.167,3.0,vs. LHP
715,Trevor Story,596115,227.0,242.0,920,471,160,152,289,117,202,514.0,0.512,0.174,0.165,0.314,0.127,0.22,0.559,3.802,vs. LHP
716,Trey Lipscomb,702358,1.0,1.0,3,2,1,0,0,1,1,2.0,0.667,0.333,0.0,0.0,0.333,0.333,0.667,3.0,vs. LHP
717,Trey Mancini,641820,4.0,4.0,12,8,2,4,2,1,3,9.0,0.667,0.167,0.333,0.167,0.083,0.25,0.75,3.0,vs. LHP
718,Trey Sweeney,700242,46.0,50.0,161,78,33,22,50,23,31,88.0,0.484,0.205,0.137,0.311,0.143,0.193,0.547,3.22,vs. LHP
719,Tristan Gray,656484,40.0,43.0,159,76,27,29,56,22,24,81.0,0.478,0.17,0.182,0.352,0.138,0.151,0.509,3.698,vs. LHP
720,Tristan Peters,671976,57.0,69.0,252,118,44,33,90,50,30,111.0,0.468,0.175,0.131,0.357,0.198,0.119,0.44,3.652,vs. LHP
721,Tristin English,663536,4.0,4.0,19,12,2,2,5,5,5,9.0,0.632,0.105,0.105,0.263,0.263,0.263,0.474,4.75,vs. LHP
722,Triston Casas,671213,11.0,12.0,39,19,9,5,11,5,9,23.0,0.487,0.231,0.128,0.282,0.128,0.231,0.59,3.25,vs. LHP
723,Troy Johnston,687859,109.0,118.0,422,200,90,57,132,52,91,238.0,0.474,0.213,0.135,0.313,0.123,0.216,0.564,3.576,vs. LHP
724,Tsung-Che Cheng,691907,6.0,6.0,24,16,1,7,7,7,2,10.0,0.667,0.042,0.292,0.292,0.292,0.083,0.417,4.0,vs. LHP
725,Tucker Barnhart,571466,5.0,5.0,21,12,3,0,6,6,6,9.0,0.571,0.143,0.0,0.286,0.286,0.286,0.429,4.2,vs. LHP
726,Turner Hill,806367,36.0,42.0,166,74,30,6,62,35,32,69.0,0.446,0.181,0.036,0.373,0.211,0.193,0.416,3.952,vs. LHP
727,Ty France,664034,249.0,277.0,1156,559,195,155,402,148,255,605.0,0.484,0.169,0.134,0.348,0.128,0.221,0.523,4.173,vs. LHP
728,Tyler Alexander,641302,1.0,1.0,3,2,1,0,0,1,1,2.0,0.667,0.333,0.0,0.0,0.333,0.333,0.667,3.0,vs. LHP
729,Tyler Black,672012,1.0,1.0,3,1,1,0,1,0,1,2.0,0.333,0.333,0.0,0.333,0.0,0.333,0.667,3.0,vs. LHP
730,Tyler Callihan,682997,6.0,7.0,22,8,6,2,8,2,4,12.0,0.364,0.273,0.091,0.364,0.091,0.182,0.545,3.143,vs. LHP
731,Tyler Fitzgerald,666149,63.0,75.0,311,154,40,56,117,36,61,158.0,0.495,0.129,0.18,0.376,0.116,0.196,0.508,4.147,vs. LHP
732,Tyler Freeman,671289,204.0,220.0,850,374,178,52,298,134,179,418.0,0.44,0.209,0.061,0.351,0.158,0.211,0.492,3.864,vs. LHP
733,Tyler Heineman,623168,93.0,105.0,350,156,85,30,109,58,65,183.0,0.446,0.243,0.086,0.311,0.166,0.186,0.523,3.333,vs. LHP
734,Tyler Locklear,682988,44.0,50.0,219,114,25,27,80,37,50,102.0,0.521,0.114,0.123,0.365,0.169,0.228,0.466,4.38,vs. LHP
735,Tyler O'Neill,641933,163.0,181.0,730,353,113,114,264,117,122,349.0,0.484,0.155,0.156,0.362,0.16,0.167,0.478,4.033,vs. LHP
736,Tyler Soderstrom,691016,270.0,291.0,1051,499,191,146,361,167,186,523.0,0.475,0.182,0.139,0.343,0.159,0.177,0.498,3.612,vs. LHP
737,Tyler Stephenson,663886,157.0,189.0,843,375,114,81,354,126,168,363.0,0.445,0.135,0.096,0.42,0.149,0.199,0.431,4.46,vs. LHP
738,Tyler Tolbert,686475,102.0,118.0,429,188,83,60,158,59,61,212.0,0.438,0.193,0.14,0.368,0.138,0.142,0.494,3.636,vs. LHP
739,Tyler Wade,642180,21.0,25.0,115,63,10,21,42,22,17,51.0,0.548,0.087,0.183,0.365,0.191,0.148,0.443,4.6,vs. LHP
740,Tyrone Taylor,621438,197.0,216.0,839,416,161,87,262,140,188,437.0,0.496,0.192,0.104,0.312,0.167,0.224,0.521,3.884,vs. LHP
741,Vaughn Grissom,687093,154.0,177.0,707,329,127,72,251,128,128,328.0,0.465,0.18,0.102,0.355,0.181,0.181,0.464,3.994,vs. LHP
742,Victor Bericoto,682674,64.0,65.0,257,133,46,46,78,37,50,142.0,0.518,0.179,0.179,0.304,0.144,0.195,0.553,3.954,vs. LHP
743,Victor Caratini,605170,161.0,188.0,702,360,106,90,236,145,125,321.0,0.513,0.151,0.128,0.336,0.207,0.178,0.457,3.734,vs. LHP
744,Victor Mesa Jr.,683748,70.0,78.0,252,109,62,28,81,32,43,138.0,0.433,0.246,0.111,0.321,0.127,0.171,0.548,3.231,vs. LHP
745,Victor Robles,645302,90.0,98.0,348,164,75,46,109,42,71,196.0,0.471,0.216,0.132,0.313,0.121,0.204,0.563,3.551,vs. LHP
746,Victor Scott II,687363,165.0,195.0,673,300,131,89,242,108,83,323.0,0.446,0.195,0.132,0.36,0.16,0.123,0.48,3.451,vs. LHP
747,Vidal Brujan,660644,19.0,21.0,78,40,12,12,26,8,20,44.0,0.513,0.154,0.154,0.333,0.103,0.256,0.564,3.714,vs. LHP
748,Vimael Machin,605353,4.0,4.0,12,10,2,2,0,6,2,6.0,0.833,0.167,0.167,0.0,0.5,0.167,0.5,3.0,vs. LHP
749,Vinnie Pasquantino,686469,270.0,295.0,1131,547,211,115,373,194,237,564.0,0.484,0.187,0.102,0.33,0.172,0.21,0.499,3.834,vs. LHP
750,Vinny Capra,681962,52.0,56.0,182,92,41,27,49,43,21,90.0,0.505,0.225,0.148,0.269,0.236,0.115,0.495,3.25,vs. LHP
751,Vladimir Guerrero Jr.,665489,266.0,308.0,1214,488,226,96,500,196,196,518.0,0.402,0.186,0.079,0.412,0.161,0.161,0.427,3.942,vs. LHP
752,Wade Meckler,685133,49.0,56.0,213,93,40,17,80,40,30,93.0,0.437,0.188,0.08,0.376,0.188,0.141,0.437,3.804,vs. LHP
753,Walker Jenkins,805805,18.0,21.0,69,32,12,13,25,12,6,32.0,0.464,0.174,0.188,0.362,0.174,0.087,0.464,3.286,vs. LHP
754,Warming Bernabel,682653,29.0,29.0,97,39,27,3,31,12,24,54.0,0.402,0.278,0.031,0.32,0.124,0.247,0.557,3.345,vs. LHP
755,Wenceel Perez,672761,150.0,162.0,616,288,122,71,206,101,114,309.0,0.468,0.198,0.115,0.334,0.164,0.185,0.502,3.802,vs. LHP
756,Weston Wilson,642215,176.0,196.0,861,423,115,129,323,155,138,383.0,0.491,0.134,0.15,0.375,0.18,0.16,0.445,4.393,vs. LHP
757,Will Banfield,677943,7.0,7.0,29,16,5,8,8,1,7,20.0,0.552,0.172,0.276,0.276,0.034,0.241,0.69,4.143,vs. LHP
758,Will Benson,666181,18.0,22.0,79,35,14,12,30,14,9,35.0,0.443,0.177,0.152,0.38,0.177,0.114,0.443,3.591,vs. LHP
759,Will Brennan,686823,2.0,2.0,9,5,2,0,2,2,2,5.0,0.556,0.222,0.0,0.222,0.222,0.222,0.556,4.5,vs. LHP
760,Will Robertson,683770,10.0,10.0,34,16,7,3,11,8,5,15.0,0.471,0.206,0.088,0.324,0.235,0.147,0.441,3.4,vs. LHP
761,Will Smith,669257,161.0,195.0,877,385,117,63,375,185,137,317.0,0.439,0.133,0.072,0.428,0.211,0.156,0.361,4.497,vs. LHP
762,Will Wagner,695238,19.0,21.0,69,34,16,9,19,15,9,35.0,0.493,0.232,0.13,0.275,0.217,0.13,0.507,3.286,vs. LHP
763,Will Wilson,669717,43.0,51.0,202,101,28,41,73,20,40,109.0,0.5,0.139,0.203,0.361,0.099,0.198,0.54,3.961,vs. LHP
764,Willi Castro,650489,260.0,279.0,1036,534,195,162,307,133,237,596.0,0.515,0.188,0.156,0.296,0.128,0.229,0.575,3.713,vs. LHP
765,William Contreras,661388,309.0,358.0,1405,593,253,144,559,207,242,639.0,0.422,0.18,0.102,0.398,0.147,0.172,0.455,3.925,vs. LHP
766,Willie MacIver,680862,36.0,40.0,142,68,28,21,46,16,31,80.0,0.479,0.197,0.148,0.324,0.113,0.218,0.563,3.55,vs. LHP
767,Willson Contreras,575929,240.0,286.0,1155,506,179,148,470,166,192,519.0,0.438,0.155,0.128,0.407,0.144,0.166,0.449,4.038,vs. LHP
768,Willy Adames,642715,283.0,316.0,1275,619,190,175,466,231,213,578.0,0.485,0.149,0.137,0.365,0.181,0.167,0.453,4.035,vs. LHP
769,Wilmer Flores,527038,140.0,151.0,605,288,112,62,205,114,112,286.0,0.476,0.185,0.102,0.339,0.188,0.185,0.473,4.007,vs. LHP
770,Wilyer Abreu,677800,249.0,282.0,1161,531,203,130,427,191,209,543.0,0.457,0.175,0.112,0.368,0.165,0.18,0.468,4.117,vs. LHP
771,Wyatt Langford,694671,269.0,318.0,1343,611,189,159,543,203,249,597.0,0.455,0.141,0.118,0.404,0.151,0.185,0.445,4.223,vs. LHP
772,Xander Bogaerts,593428,293.0,324.0,1238,522,251,104,465,257,160,516.0,0.422,0.203,0.084,0.376,0.208,0.129,0.417,3.821,vs. LHP
773,Xavier Edwards,669364,310.0,342.0,1293,572,261,92,460,219,242,613.0,0.442,0.202,0.071,0.356,0.169,0.187,0.474,3.781,vs. LHP
774,Yainer Diaz,673237,203.0,213.0,732,352,161,112,219,72,168,441.0,0.481,0.22,0.153,0.299,0.098,0.23,0.602,3.437,vs. LHP
775,Yandy Diaz,650490,336.0,377.0,1457,626,300,96,531,237,293,689.0,0.43,0.206,0.066,0.364,0.163,0.201,0.473,3.865,vs. LHP
776,Yanquiel Fernandez,692585,9.0,9.0,41,21,7,7,13,5,9,23.0,0.512,0.171,0.171,0.317,0.122,0.22,0.561,4.556,vs. LHP
777,Yoan Moncada,660162,44.0,53.0,221,109,27,35,85,41,33,95.0,0.493,0.122,0.158,0.385,0.186,0.149,0.43,4.17,vs. LHP
778,Yohandy Morales,691002,21.0,21.0,80,38,14,18,28,14,6,38.0,0.475,0.175,0.225,0.35,0.175,0.075,0.475,3.81,vs. LHP
779,Yohel Pozo,650968,64.0,67.0,244,119,59,20,66,32,67,146.0,0.488,0.242,0.082,0.27,0.131,0.275,0.598,3.642,vs. LHP
780,Yohendrick Pinango,682818,32.0,32.0,114,66,19,24,29,23,19,62.0,0.579,0.167,0.211,0.254,0.202,0.167,0.544,3.562,vs. LHP
781,Yordan Alvarez,670541,194.0,216.0,841,358,165,81,318,134,143,389.0,0.426,0.196,0.096,0.378,0.159,0.17,0.463,3.894,vs. LHP
782,Yuli Gurriel,493329,25.0,27.0,96,44,21,7,31,19,18,46.0,0.458,0.219,0.073,0.323,0.198,0.188,0.479,3.556,vs. LHP
783,Zac Veen,691728,17.0,21.0,86,46,11,15,29,12,15,45.0,0.535,0.128,0.174,0.337,0.14,0.174,0.523,4.095,vs. LHP
784,Zach Cole Jr.,805904,14.0,17.0,79,41,6,16,32,16,9,31.0,0.519,0.076,0.203,0.405,0.203,0.114,0.392,4.647,vs. LHP
785,Zach Dezenzo,701305,35.0,41.0,175,90,22,32,63,34,24,78.0,0.514,0.126,0.183,0.36,0.194,0.137,0.446,4.268,vs. LHP
786,Zach McKinstry,656716,183.0,205.0,782,358,146,71,278,144,141,360.0,0.458,0.187,0.091,0.355,0.184,0.18,0.46,3.815,vs. LHP
787,Zach Neto,687263,272.0,297.0,1149,549,190,195,410,152,200,587.0,0.478,0.165,0.17,0.357,0.132,0.174,0.511,3.869,vs. LHP
788,Zack Gelof,680869,130.0,141.0,575,284,89,102,202,80,100,293.0,0.494,0.155,0.177,0.351,0.139,0.174,0.51,4.078,vs. LHP
789,Zack Short,670097,35.0,46.0,211,103,24,33,84,38,31,89.0,0.488,0.114,0.156,0.398,0.18,0.147,0.422,4.587,vs. LHP
0,A.J. Ewing,805999,314.0,351.0,1355,623,231,150,501,217,254,637.0,0.46,0.17,0.111,0.37,0.16,0.187,0.47,3.86,vs. RHP
1,Aaron Judge,592450,593.0,706.0,2933,1328,413,428,1192,459,441,1282.0,0.453,0.141,0.146,0.406,0.156,0.15,0.437,4.154,vs. RHP
2,Aaron Sabato,693306,3.0,3.0,11,7,1,2,3,2,3,6.0,0.636,0.091,0.182,0.273,0.182,0.273,0.545,3.667,vs. RHP
3,Aaron Schunk,668845,11.0,12.0,35,20,9,6,6,4,8,25.0,0.571,0.257,0.171,0.171,0.114,0.229,0.714,2.917,vs. RHP
4,Abimelec Ortiz,694673,118.0,125.0,549,266,88,64,195,81,121,273.0,0.485,0.16,0.117,0.355,0.148,0.22,0.497,4.392,vs. RHP
5,Abraham Toro,647351,188.0,205.0,802,382,159,85,261,144,153,397.0,0.476,0.198,0.106,0.325,0.18,0.191,0.495,3.912,vs. RHP
6,Adael Amador,691182,140.0,160.0,595,256,117,52,222,96,107,277.0,0.43,0.197,0.087,0.373,0.161,0.18,0.466,3.719,vs. RHP
7,Adam Frazier,624428,472.0,514.0,2060,1011,384,218,665,328,458,1067.0,0.491,0.186,0.106,0.323,0.159,0.222,0.518,4.008,vs. RHP
8,Addison Barger,680718,395.0,433.0,1723,813,299,219,611,256,338,856.0,0.472,0.174,0.127,0.355,0.149,0.196,0.497,3.979,vs. RHP
9,Adley Rutschman,668939,459.0,522.0,2204,973,376,146,855,434,393,915.0,0.441,0.171,0.066,0.388,0.197,0.178,0.415,4.222,vs. RHP
10,Adolis Garcia,666969,543.0,593.0,2344,1123,393,381,828,343,399,1173.0,0.479,0.168,0.163,0.353,0.146,0.17,0.5,3.953,vs. RHP
11,Adrian Del Castillo,680728,267.0,290.0,1176,564,181,167,431,191,205,554.0,0.48,0.154,0.142,0.366,0.162,0.174,0.471,4.055,vs. RHP
12,Agustin Ramirez,682663,531.0,576.0,2092,930,428,255,734,309,366,1049.0,0.445,0.205,0.122,0.351,0.148,0.175,0.501,3.632,vs. RHP
13,Akil Baddoo,668731,15.0,16.0,51,27,10,10,14,4,13,33.0,0.529,0.196,0.196,0.275,0.078,0.255,0.647,3.188,vs. RHP
14,Alan Roden,702176,177.0,202.0,744,330,139,69,275,133,126,336.0,0.444,0.187,0.093,0.37,0.179,0.169,0.452,3.683,vs. RHP
15,Alan Trejo,676701,32.0,35.0,121,57,28,15,36,15,24,70.0,0.471,0.231,0.124,0.298,0.124,0.198,0.579,3.457,vs. RHP
16,Alec Bohm,664761,729.0,802.0,2944,1262,610,229,1072,487,546,1385.0,0.429,0.207,0.078,0.364,0.165,0.185,0.47,3.671,vs. RHP
17,Alec Burleson,676475,791.0,878.0,3262,1449,654,329,1159,443,672,1660.0,0.444,0.2,0.101,0.355,0.136,0.206,0.509,3.715,vs. RHP
18,Alejandro Kirk,672386,516.0,576.0,2288,994,460,175,834,399,420,1055.0,0.434,0.201,0.076,0.365,0.174,0.184,0.461,3.972,vs. RHP
19,Alejandro Osuna,696030,297.0,343.0,1362,640,241,112,481,255,266,626.0,0.47,0.177,0.082,0.353,0.187,0.195,0.46,3.971,vs. RHP
20,Alek Thomas,677950,449.0,483.0,1760,866,330,261,564,257,344,939.0,0.492,0.188,0.148,0.32,0.146,0.195,0.534,3.644,vs. RHP
21,Alex Bregman,608324,780.0,882.0,3452,1513,656,231,1283,710,572,1459.0,0.438,0.19,0.067,0.372,0.206,0.166,0.423,3.914,vs. RHP
22,Alex Call,669743,264.0,320.0,1346,600,216,91,530,297,205,519.0,0.446,0.16,0.068,0.394,0.221,0.152,0.386,4.206,vs. RHP
23,Alex Freeland,690976,268.0,315.0,1319,604,188,136,527,271,194,521.0,0.458,0.143,0.103,0.4,0.205,0.147,0.395,4.187,vs. RHP
24,Alex Jackson,656577,108.0,116.0,469,236,69,84,164,62,88,243.0,0.503,0.147,0.179,0.35,0.132,0.188,0.518,4.043,vs. RHP
25,Alex Verdugo,657077,169.0,182.0,729,324,144,41,261,178,105,290.0,0.444,0.198,0.056,0.358,0.244,0.144,0.398,4.005,vs. RHP
26,Alexander Canario,672744,117.0,126.0,488,248,74,93,166,58,97,264.0,0.508,0.152,0.191,0.34,0.119,0.199,0.541,3.873,vs. RHP
27,Ali Sanchez,645305,62.0,66.0,203,100,46,22,57,34,41,112.0,0.493,0.227,0.108,0.281,0.167,0.202,0.552,3.076,vs. RHP
28,Alika Williams,675961,120.0,128.0,455,227,92,57,136,84,84,235.0,0.499,0.202,0.125,0.299,0.185,0.185,0.516,3.555,vs. RHP
29,Amed Rosario,642708,143.0,153.0,537,273,104,83,160,87,103,290.0,0.508,0.194,0.155,0.298,0.162,0.192,0.54,3.51,vs. RHP
30,Andres Chaparro,665953,97.0,107.0,403,193,73,70,137,51,72,215.0,0.479,0.181,0.174,0.34,0.127,0.179,0.533,3.766,vs. RHP
31,Andres Gimenez,665926,582.0,643.0,2531,1264,472,330,795,359,561,1377.0,0.499,0.186,0.13,0.314,0.142,0.222,0.544,3.936,vs. RHP
32,Andrew Benintendi,643217,709.0,795.0,2981,1297,564,364,1120,386,545,1475.0,0.435,0.189,0.122,0.376,0.129,0.183,0.495,3.75,vs. RHP
33,Andrew Knizner,668800,78.0,93.0,338,153,68,36,117,68,49,153.0,0.453,0.201,0.107,0.346,0.201,0.145,0.453,3.634,vs. RHP
34,Andrew McCutchen,457705,376.0,431.0,1790,815,283,221,692,271,323,827.0,0.455,0.158,0.123,0.387,0.151,0.18,0.462,4.153,vs. RHP
35,Andrew Pinckney,687605,12.0,13.0,53,25,7,8,21,13,4,19.0,0.472,0.132,0.151,0.396,0.245,0.075,0.358,4.077,vs. RHP
36,Andrew Vaughn,683734,463.0,513.0,2003,901,373,202,729,386,313,888.0,0.45,0.186,0.101,0.364,0.193,0.156,0.443,3.904,vs. RHP
37,Andrew Velazquez,623205,11.0,11.0,35,17,10,2,8,7,5,20.0,0.486,0.286,0.057,0.229,0.2,0.143,0.571,3.182,vs. RHP
38,Andruw Monasterio,655316,278.0,301.0,1228,589,219,123,420,231,230,577.0,0.48,0.178,0.1,0.342,0.188,0.187,0.47,4.08,vs. RHP
39,Andy Ibanez,628451,53.0,60.0,209,88,49,19,72,23,46,114.0,0.421,0.234,0.091,0.344,0.11,0.22,0.545,3.483,vs. RHP
40,Andy Pages,681624,796.0,872.0,3429,1639,622,375,1168,531,733,1730.0,0.478,0.181,0.109,0.341,0.155,0.214,0.505,3.932,vs. RHP
41,Angel Genao,694197,85.0,93.0,361,150,71,30,140,62,58,159.0,0.416,0.197,0.083,0.388,0.172,0.161,0.44,3.882,vs. RHP
42,Angel Martinez,682657,543.0,579.0,2130,1091,410,267,629,309,502,1192.0,0.512,0.192,0.125,0.295,0.145,0.236,0.56,3.679,vs. RHP
43,Anthony Santander,623993,146.0,165.0,714,355,106,81,253,98,176,363.0,0.497,0.148,0.113,0.354,0.137,0.246,0.508,4.327,vs. RHP
44,Anthony Seigler,678011,173.0,200.0,760,330,139,84,291,127,115,341.0,0.434,0.183,0.111,0.383,0.167,0.151,0.449,3.8,vs. RHP
45,Anthony Volpe,683011,515.0,570.0,2273,1105,375,275,793,403,420,1077.0,0.486,0.165,0.121,0.349,0.177,0.185,0.474,3.988,vs. RHP
46,Aramis Garcia,605244,18.0,18.0,62,33,10,12,19,13,8,30.0,0.532,0.161,0.194,0.306,0.21,0.129,0.484,3.444,vs. RHP
47,Austin Barnes,605131,35.0,37.0,138,68,23,18,47,33,17,58.0,0.493,0.167,0.13,0.341,0.239,0.123,0.42,3.73,vs. RHP
48,Austin Hays,669720,335.0,357.0,1366,665,243,241,458,188,235,720.0,0.487,0.178,0.176,0.335,0.138,0.172,0.527,3.826,vs. RHP
49,Austin Hedges,595978,185.0,208.0,801,372,142,106,287,131,129,383.0,0.464,0.177,0.132,0.358,0.164,0.161,0.478,3.851,vs. RHP
50,Austin Martin,668885,266.0,305.0,1229,524,210,95,495,231,195,503.0,0.426,0.171,0.077,0.403,0.188,0.159,0.409,4.03,vs. RHP
51,Austin Nola,543592,34.0,35.0,125,54,29,12,42,21,21,62.0,0.432,0.232,0.096,0.336,0.168,0.168,0.496,3.571,vs. RHP
52,Austin Riley,663586,720.0,785.0,3129,1567,481,487,1081,470,610,1578.0,0.501,0.154,0.156,0.345,0.15,0.195,0.504,3.986,vs. RHP
53,Austin Slater,596103,71.0,76.0,300,154,47,41,99,60,51,141.0,0.513,0.157,0.137,0.33,0.2,0.17,0.47,3.947,vs. RHP
54,Austin Wells,669224,520.0,597.0,2415,1130,373,314,912,336,479,1166.0,0.468,0.154,0.13,0.378,0.139,0.198,0.483,4.045,vs. RHP
55,Austin Wynns,642851,115.0,124.0,488,252,85,65,151,86,98,251.0,0.516,0.174,0.133,0.309,0.176,0.201,0.514,3.935,vs. RHP
56,BJ Murray Jr.,681230,4.0,4.0,20,13,1,3,6,3,7,11.0,0.65,0.05,0.15,0.3,0.15,0.35,0.55,5.0,vs. RHP
57,Ben Malgeri,701162,47.0,55.0,207,99,33,27,75,33,39,99.0,0.478,0.159,0.13,0.362,0.159,0.188,0.478,3.764,vs. RHP
58,Ben Rice,700250,735.0,853.0,3409,1466,569,317,1374,586,562,1449.0,0.43,0.167,0.093,0.403,0.172,0.165,0.425,3.996,vs. RHP
59,Ben Rortvedt,666163,106.0,119.0,491,233,83,58,175,83,86,233.0,0.475,0.169,0.118,0.356,0.169,0.175,0.475,4.126,vs. RHP
60,Ben Ross,805346,14.0,14.0,60,38,4,16,18,10,12,32.0,0.633,0.067,0.267,0.3,0.167,0.2,0.533,4.286,vs. RHP
61,Ben Williamson,810938,327.0,353.0,1388,674,255,131,459,313,228,616.0,0.486,0.184,0.094,0.331,0.226,0.164,0.444,3.932,vs. RHP
62,Billy Cook,695257,23.0,24.0,75,47,14,19,14,12,14,49.0,0.627,0.187,0.253,0.187,0.16,0.187,0.653,3.125,vs. RHP
63,Billy McKinney,641856,19.0,20.0,81,34,18,10,29,12,12,40.0,0.42,0.222,0.123,0.358,0.148,0.148,0.494,4.05,vs. RHP
64,Blaine Crim,688760,53.0,59.0,240,126,28,40,86,48,38,106.0,0.525,0.117,0.167,0.358,0.2,0.158,0.442,4.068,vs. RHP
65,Blake Dunn,694362,137.0,153.0,553,251,104,56,198,107,83,248.0,0.454,0.188,0.101,0.358,0.193,0.15,0.448,3.614,vs. RHP
66,Blake Hunt,675448,1.0,1.0,7,4,0,2,3,1,1,3.0,0.571,0.0,0.286,0.429,0.143,0.143,0.429,7.0,vs. RHP
67,Blake Perkins,663368,143.0,159.0,647,304,98,77,245,140,80,262.0,0.47,0.151,0.119,0.379,0.216,0.124,0.405,4.069,vs. RHP
68,Blake Sabol,666165,12.0,13.0,67,38,7,11,22,11,15,34.0,0.567,0.104,0.164,0.328,0.164,0.224,0.507,5.154,vs. RHP
69,Blaze Alexander,677942,324.0,365.0,1414,698,230,211,486,195,288,733.0,0.494,0.163,0.149,0.344,0.138,0.204,0.518,3.874,vs. RHP
70,Blaze Jordan,691458,115.0,123.0,453,211,98,54,144,62,95,247.0,0.466,0.216,0.119,0.318,0.137,0.21,0.545,3.683,vs. RHP
71,Bo Bichette,666182,910.0,984.0,3621,1710,746,363,1165,553,794,1903.0,0.472,0.206,0.1,0.322,0.153,0.219,0.526,3.68,vs. RHP
72,Bo Davidson,815589,6.0,8.0,34,18,5,5,11,6,7,17.0,0.529,0.147,0.147,0.324,0.176,0.206,0.5,4.25,vs. RHP
73,Bo Naylor,666310,360.0,413.0,1735,827,260,165,648,302,359,785.0,0.477,0.15,0.095,0.373,0.174,0.207,0.452,4.201,vs. RHP
74,Bobby Dalbec,666915,10.0,12.0,51,26,7,9,18,8,9,25.0,0.51,0.137,0.176,0.353,0.157,0.176,0.49,4.25,vs. RHP
75,Bobby Seymour,676044,60.0,65.0,222,112,39,44,71,29,39,122.0,0.505,0.176,0.198,0.32,0.131,0.176,0.55,3.415,vs. RHP
76,Bobby Witt Jr.,677951,900.0,996.0,3679,1650,730,456,1299,542,652,1838.0,0.448,0.198,0.124,0.353,0.147,0.177,0.5,3.694,vs. RHP
77,Braden Montgomery,695731,229.0,261.0,1016,430,188,141,398,117,172,501.0,0.423,0.185,0.139,0.392,0.115,0.169,0.493,3.893,vs. RHP
78,Braden Shewmake,669699,75.0,79.0,254,130,64,36,60,33,59,161.0,0.512,0.252,0.142,0.236,0.13,0.232,0.634,3.215,vs. RHP
79,Brady House,691781,402.0,431.0,1522,735,291,234,496,209,292,817.0,0.483,0.191,0.154,0.326,0.137,0.192,0.537,3.531,vs. RHP
80,Brandon Lockridge,663604,125.0,140.0,565,289,95,69,181,104,110,280.0,0.512,0.168,0.122,0.32,0.184,0.195,0.496,4.036,vs. RHP
81,Brandon Lowe,664040,759.0,849.0,3401,1608,552,583,1241,371,651,1789.0,0.473,0.162,0.171,0.365,0.109,0.191,0.526,4.006,vs. RHP
82,Brandon Marsh,669016,704.0,766.0,2961,1374,541,318,1046,443,603,1472.0,0.464,0.183,0.107,0.353,0.15,0.204,0.497,3.866,vs. RHP
83,Brandon Nimmo,607043,805.0,892.0,3581,1694,611,409,1276,570,713,1735.0,0.473,0.171,0.114,0.356,0.159,0.199,0.485,4.015,vs. RHP
84,Brandon Valenzuela,678218,171.0,191.0,760,360,123,97,277,119,142,364.0,0.474,0.162,0.128,0.364,0.157,0.187,0.479,3.979,vs. RHP
85,Braxton Fulford,690924,89.0,102.0,364,187,58,60,119,62,65,183.0,0.514,0.159,0.165,0.327,0.17,0.179,0.503,3.569,vs. RHP
86,Brayan Rocchio,677587,599.0,660.0,2515,1130,510,255,875,403,465,1237.0,0.449,0.203,0.101,0.348,0.16,0.185,0.492,3.811,vs. RHP
87,Brendan Donovan,680977,397.0,450.0,1661,670,350,92,641,293,280,726.0,0.403,0.211,0.055,0.386,0.176,0.169,0.437,3.691,vs. RHP
88,Brendan Rodgers,663898,91.0,102.0,388,196,56,69,136,73,54,179.0,0.505,0.144,0.178,0.351,0.188,0.139,0.461,3.804,vs. RHP
89,Brent Rooker,667670,620.0,691.0,2527,1146,452,414,929,326,406,1272.0,0.454,0.179,0.164,0.368,0.129,0.161,0.503,3.657,vs. RHP
90,Brenton Doyle,686668,497.0,527.0,1877,891,347,296,639,288,302,950.0,0.475,0.185,0.158,0.34,0.153,0.161,0.506,3.562,vs. RHP
91,Brett Bateman,703520,98.0,116.0,482,221,78,29,183,92,99,207.0,0.459,0.162,0.06,0.38,0.191,0.205,0.429,4.155,vs. RHP
92,Brett Baty,683146,655.0,730.0,2968,1424,478,419,1066,459,543,1443.0,0.48,0.161,0.141,0.359,0.155,0.183,0.486,4.066,vs. RHP
93,Brett Callahan,814430,69.0,76.0,261,140,45,43,76,30,67,155.0,0.536,0.172,0.165,0.291,0.115,0.257,0.594,3.434,vs. RHP
94,Brett Harris,695391,65.0,74.0,295,133,44,31,118,53,44,124.0,0.451,0.149,0.105,0.4,0.18,0.149,0.42,3.986,vs. RHP
95,Brett Sullivan,664954,163.0,178.0,625,285,131,59,209,89,134,327.0,0.456,0.21,0.094,0.334,0.142,0.214,0.523,3.511,vs. RHP
96,Brett Wisely,689172,46.0,54.0,224,113,36,20,75,38,54,111.0,0.504,0.161,0.089,0.335,0.17,0.241,0.496,4.148,vs. RHP
97,Brewer Hicklen,676551,30.0,38.0,151,79,16,36,56,19,24,76.0,0.523,0.106,0.238,0.371,0.126,0.159,0.503,3.974,vs. RHP
98,Brian Navarreto,640459,22.0,28.0,99,48,18,13,33,15,19,51.0,0.485,0.182,0.131,0.333,0.152,0.192,0.515,3.536,vs. RHP
99,Brian Serven,661531,44.0,48.0,189,100,30,34,59,35,27,95.0,0.529,0.159,0.18,0.312,0.185,0.143,0.503,3.938,vs. RHP
100,Brice Matthews,694728,165.0,183.0,707,350,109,130,248,119,94,340.0,0.495,0.154,0.184,0.351,0.168,0.133,0.481,3.863,vs. RHP
101,Brice Turang,668930,814.0,939.0,4023,1878,595,386,1550,707,773,1764.0,0.467,0.148,0.096,0.385,0.176,0.192,0.438,4.284,vs. RHP
102,Brock Rodden,801126,45.0,54.0,216,107,27,43,82,33,29,101.0,0.495,0.125,0.199,0.38,0.153,0.134,0.468,4.0,vs. RHP
103,Brooks Baldwin,681460,241.0,264.0,1017,507,172,145,338,125,234,554.0,0.499,0.169,0.143,0.332,0.123,0.23,0.545,3.852,vs. RHP
104,Brooks Lee,686797,716.0,772.0,2948,1307,613,319,1028,386,601,1534.0,0.443,0.208,0.108,0.349,0.131,0.204,0.52,3.819,vs. RHP
105,Bryan De La Cruz,650559,73.0,82.0,289,143,52,47,94,46,50,149.0,0.495,0.18,0.163,0.325,0.159,0.173,0.516,3.524,vs. RHP
106,Bryan Ramos,682868,10.0,10.0,34,16,6,7,12,4,5,18.0,0.471,0.176,0.206,0.353,0.118,0.147,0.529,3.4,vs. RHP
107,Bryan Reynolds,668804,823.0,941.0,3790,1724,595,513,1471,532,677,1787.0,0.455,0.157,0.135,0.388,0.14,0.179,0.472,4.028,vs. RHP
108,Bryan Torres,663494,139.0,157.0,637,297,106,65,234,120,108,283.0,0.466,0.166,0.102,0.367,0.188,0.17,0.444,4.057,vs. RHP
109,Bryce Eldridge,805811,283.0,335.0,1450,660,194,175,596,230,255,624.0,0.455,0.134,0.121,0.411,0.159,0.176,0.43,4.328,vs. RHP
110,Bryce Harper,547180,639.0,762.0,2957,1270,497,424,1190,296,550,1471.0,0.429,0.168,0.143,0.402,0.1,0.186,0.497,3.881,vs. RHP
111,Bryce Johnson,669369,79.0,85.0,293,146,56,36,91,59,46,143.0,0.498,0.191,0.123,0.311,0.201,0.157,0.488,3.447,vs. RHP
112,Bryce Teodosio,669326,136.0,148.0,523,272,92,115,159,55,96,309.0,0.52,0.176,0.22,0.304,0.105,0.184,0.591,3.534,vs. RHP
113,Bryson Stott,681082,793.0,895.0,3841,1789,657,267,1395,861,657,1585.0,0.466,0.171,0.07,0.363,0.224,0.171,0.413,4.292,vs. RHP
114,Buddy Kennedy,671083,28.0,31.0,113,52,22,11,39,22,19,52.0,0.46,0.195,0.097,0.345,0.195,0.168,0.46,3.645,vs. RHP
115,Byron Buxton,621439,645.0,709.0,2640,1257,456,447,927,328,482,1385.0,0.476,0.173,0.169,0.351,0.124,0.183,0.525,3.724,vs. RHP
116,C.J. Abrams,682928,780.0,877.0,3351,1533,620,423,1198,472,637,1681.0,0.457,0.185,0.126,0.358,0.141,0.19,0.502,3.821,vs. RHP
117,C.J. Kayfus,692216,121.0,138.0,532,255,86,93,191,63,99,278.0,0.479,0.162,0.175,0.359,0.118,0.186,0.523,3.855,vs. RHP
118,C.J. Stubbs,667690,2.0,2.0,9,4,2,0,3,2,2,4.0,0.444,0.222,0.0,0.333,0.222,0.222,0.444,4.5,vs. RHP
119,CJ Alexander,680769,16.0,16.0,62,34,9,14,19,9,11,34.0,0.548,0.145,0.226,0.306,0.145,0.177,0.548,3.875,vs. RHP
120,Cal Raleigh,663728,695.0,817.0,3451,1644,475,516,1332,387,740,1732.0,0.476,0.138,0.15,0.386,0.112,0.214,0.502,4.224,vs. RHP
121,Cal Stevenson,670276,8.0,8.0,25,14,6,2,5,8,4,12.0,0.56,0.24,0.08,0.2,0.32,0.16,0.48,3.125,vs. RHP
122,Caleb Durbin,702332,690.0,793.0,2895,1251,601,194,1043,544,498,1308.0,0.432,0.208,0.067,0.36,0.188,0.172,0.452,3.651,vs. RHP
123,Cam Devanney,687478,22.0,23.0,93,48,11,22,34,10,16,49.0,0.516,0.118,0.237,0.366,0.108,0.172,0.527,4.043,vs. RHP
124,Cam Smith,701358,701.0,772.0,3104,1512,495,441,1097,479,592,1528.0,0.487,0.159,0.142,0.353,0.154,0.191,0.492,4.021,vs. RHP
125,Cameron Cauley,695508,25.0,28.0,103,43,21,12,39,19,11,45.0,0.417,0.204,0.117,0.379,0.184,0.107,0.437,3.679,vs. RHP
126,Carlos Correa,621043,495.0,537.0,2118,993,388,222,737,401,370,980.0,0.469,0.183,0.105,0.348,0.189,0.175,0.463,3.944,vs. RHP
127,Carlos Cortes,666126,408.0,450.0,1805,813,336,182,656,297,333,852.0,0.45,0.186,0.101,0.363,0.165,0.184,0.472,4.011,vs. RHP
128,Carlos Jorge,699115,38.0,42.0,160,81,27,27,52,18,33,90.0,0.506,0.169,0.169,0.325,0.112,0.206,0.562,3.81,vs. RHP
129,Carlos Narvaez,665966,467.0,524.0,2103,1062,330,324,711,332,400,1059.0,0.505,0.157,0.154,0.338,0.158,0.19,0.504,4.013,vs. RHP
130,Carlos Santana,467793,306.0,348.0,1485,668,236,174,581,225,269,679.0,0.45,0.159,0.117,0.391,0.152,0.181,0.457,4.267,vs. RHP
131,Carson Benge,701807,422.0,462.0,1851,846,331,181,674,320,343,857.0,0.457,0.179,0.098,0.364,0.173,0.185,0.463,4.006,vs. RHP
132,Carson Kelly,608348,517.0,584.0,2266,974,416,188,876,404,382,986.0,0.43,0.184,0.083,0.387,0.178,0.169,0.435,3.88,vs. RHP
133,Carson McCusker,676812,5.0,5.0,27,14,1,8,12,6,0,9.0,0.519,0.037,0.296,0.444,0.222,0.0,0.333,5.4,vs. RHP
134,Carson Williams,700246,86.0,91.0,351,179,54,58,118,60,60,173.0,0.51,0.154,0.165,0.336,0.171,0.171,0.493,3.857,vs. RHP
135,Carter Jensen,695600,423.0,487.0,2057,942,299,271,816,294,377,947.0,0.458,0.145,0.132,0.397,0.143,0.183,0.46,4.224,vs. RHP
136,Carter Kieboom,666198,6.0,6.0,25,12,5,3,8,3,6,14.0,0.48,0.2,0.12,0.32,0.12,0.24,0.56,4.167,vs. RHP
137,Casey Schmitt,669477,486.0,527.0,1914,890,376,232,648,278,380,988.0,0.465,0.196,0.121,0.339,0.145,0.199,0.516,3.632,vs. RHP
138,Cavan Biggio,624415,63.0,73.0,306,139,44,29,123,65,45,118.0,0.454,0.144,0.095,0.402,0.212,0.147,0.386,4.192,vs. RHP
139,Ceddanne Rafaela,678882,794.0,846.0,3028,1531,636,439,861,399,677,1768.0,0.506,0.21,0.145,0.284,0.132,0.224,0.584,3.579,vs. RHP
140,Cedric Mullins II,656775,655.0,745.0,3034,1420,494,342,1120,423,630,1491.0,0.468,0.163,0.113,0.369,0.139,0.208,0.491,4.072,vs. RHP
141,Cesar Prieto,693409,37.0,38.0,122,53,28,18,41,16,19,65.0,0.434,0.23,0.148,0.336,0.131,0.156,0.533,3.211,vs. RHP
142,Cesar Salazar,663967,20.0,26.0,98,41,17,9,40,16,16,42.0,0.418,0.173,0.092,0.408,0.163,0.163,0.429,3.769,vs. RHP
143,Chad Stevens,677060,23.0,27.0,101,50,15,17,36,14,19,51.0,0.495,0.149,0.168,0.356,0.139,0.188,0.505,3.741,vs. RHP
144,Chadwick Tromp,644433,45.0,48.0,170,88,34,21,48,32,32,90.0,0.518,0.2,0.124,0.282,0.188,0.188,0.529,3.542,vs. RHP
145,Chandler Simpson,802415,680.0,728.0,2434,999,629,120,806,471,390,1157.0,0.41,0.258,0.049,0.331,0.194,0.16,0.475,3.343,vs. RHP
146,Charles McAdoo,807727,42.0,44.0,152,71,34,14,47,22,35,83.0,0.467,0.224,0.092,0.309,0.145,0.23,0.546,3.455,vs. RHP
147,Chas McCormick,676801,58.0,67.0,241,118,42,45,81,30,40,130.0,0.49,0.174,0.187,0.336,0.124,0.166,0.539,3.597,vs. RHP
148,Chase DeLauter,800050,331.0,379.0,1461,547,287,79,627,230,236,602.0,0.374,0.196,0.054,0.429,0.157,0.162,0.412,3.855,vs. RHP
149,Chase Meidroth,805367,719.0,809.0,3280,1571,574,233,1135,829,495,1316.0,0.479,0.175,0.071,0.346,0.253,0.151,0.401,4.054,vs. RHP
150,Chris Taylor,621035,79.0,89.0,361,179,50,68,132,47,61,182.0,0.496,0.139,0.188,0.366,0.13,0.169,0.504,4.056,vs. RHP
151,Christian Encarnacion-Strand,687952,223.0,238.0,865,446,175,127,244,125,193,496.0,0.516,0.202,0.147,0.282,0.145,0.223,0.573,3.634,vs. RHP
152,Christian Franklin,681047,26.0,30.0,116,50,19,12,47,24,14,45.0,0.431,0.164,0.103,0.405,0.207,0.121,0.388,3.867,vs. RHP
153,Christian Koss,683766,268.0,294.0,990,471,210,154,309,148,164,533.0,0.476,0.212,0.156,0.312,0.149,0.166,0.538,3.367,vs. RHP
154,Christian Moore,695681,208.0,234.0,988,502,129,164,357,164,172,467.0,0.508,0.131,0.166,0.361,0.166,0.174,0.473,4.222,vs. RHP
155,Christian Vazquez,543877,324.0,356.0,1375,618,265,114,492,258,244,625.0,0.449,0.193,0.083,0.358,0.188,0.177,0.455,3.862,vs. RHP
156,Christian Walker,572233,914.0,992.0,3894,1826,657,612,1411,471,743,2012.0,0.469,0.169,0.157,0.362,0.121,0.191,0.517,3.925,vs. RHP
157,Christian Yelich,592885,708.0,795.0,3316,1514,503,447,1299,521,546,1496.0,0.457,0.152,0.135,0.392,0.157,0.165,0.451,4.171,vs. RHP
158,Christopher Morel,666624,188.0,207.0,770,390,116,158,264,101,131,405.0,0.506,0.151,0.205,0.343,0.131,0.17,0.526,3.72,vs. RHP
159,Chuckie Robinson,642020,15.0,17.0,65,33,13,11,19,7,14,39.0,0.508,0.2,0.169,0.292,0.108,0.215,0.6,3.824,vs. RHP
160,Coby Mayo,691723,442.0,487.0,1976,1000,287,281,689,381,337,906.0,0.506,0.145,0.142,0.349,0.193,0.171,0.459,4.057,vs. RHP
161,Coco Montes,663796,2.0,2.0,4,3,1,1,0,2,0,2.0,0.75,0.25,0.25,0.0,0.5,0.0,0.5,2.0,vs. RHP
162,Cody Bellinger,641355,752.0,841.0,3274,1456,627,316,1191,503,632,1580.0,0.445,0.192,0.097,0.364,0.154,0.193,0.483,3.893,vs. RHP
163,Cody Freeman,683227,112.0,121.0,524,249,94,29,181,116,103,226.0,0.475,0.179,0.055,0.345,0.221,0.197,0.431,4.331,vs. RHP
164,Colby Thomas,687515,76.0,80.0,281,163,47,69,71,32,61,178.0,0.58,0.167,0.246,0.253,0.114,0.217,0.633,3.512,vs. RHP
165,Cole Carrigg,694249,186.0,214.0,854,378,140,100,336,111,166,407.0,0.443,0.164,0.117,0.393,0.13,0.194,0.477,3.991,vs. RHP
166,Cole Young,702284,544.0,609.0,2350,1054,452,222,844,402,424,1104.0,0.449,0.192,0.094,0.359,0.171,0.18,0.47,3.859,vs. RHP
167,Colin Rea,607067,1.0,1.0,5,5,0,0,0,2,3,3.0,1.0,0.0,0.0,0.0,0.4,0.6,0.6,5.0,vs. RHP
168,Collin Price,805672,10.0,11.0,43,24,5,13,14,7,4,22.0,0.558,0.116,0.302,0.326,0.163,0.093,0.512,3.909,vs. RHP
169,Colson Montgomery,695657,568.0,637.0,2547,1281,338,466,928,342,472,1276.0,0.503,0.133,0.183,0.364,0.134,0.185,0.501,3.998,vs. RHP
170,Colt Emerson,806068,147.0,161.0,646,348,95,125,203,84,136,359.0,0.539,0.147,0.193,0.314,0.13,0.211,0.556,4.012,vs. RHP
171,Colt Keith,690993,732.0,819.0,3165,1411,567,314,1187,569,528,1409.0,0.446,0.179,0.099,0.375,0.18,0.167,0.445,3.864,vs. RHP
172,Colton Cowser,681297,526.0,594.0,2511,1214,340,367,957,451,394,1103.0,0.483,0.135,0.146,0.381,0.18,0.157,0.439,4.227,vs. RHP
173,Connor Joe,656582,53.0,59.0,272,133,36,24,103,60,49,109.0,0.489,0.132,0.088,0.379,0.221,0.18,0.401,4.61,vs. RHP
174,Connor Kaiser,663731,13.0,14.0,52,23,10,6,19,9,8,24.0,0.442,0.192,0.115,0.365,0.173,0.154,0.462,3.714,vs. RHP
175,Connor Norby,681393,442.0,482.0,1754,846,309,289,599,207,350,948.0,0.482,0.176,0.165,0.342,0.118,0.2,0.54,3.639,vs. RHP
176,Connor Wong,657136,274.0,308.0,1189,586,203,153,400,206,222,583.0,0.493,0.171,0.129,0.336,0.173,0.187,0.49,3.86,vs. RHP
177,Cooper Hummel,669450,49.0,60.0,248,116,31,38,101,42,36,105.0,0.468,0.125,0.153,0.407,0.169,0.145,0.423,4.133,vs. RHP
178,Cooper Ingle,694876,17.0,20.0,94,50,7,8,37,17,25,40.0,0.532,0.074,0.085,0.394,0.181,0.266,0.426,4.7,vs. RHP
179,Cooper Pratt,806198,166.0,192.0,759,350,140,74,269,144,132,346.0,0.461,0.184,0.097,0.354,0.19,0.174,0.456,3.953,vs. RHP
180,Corbin Carroll,682998,782.0,892.0,3598,1663,578,448,1357,518,697,1723.0,0.462,0.161,0.125,0.377,0.144,0.194,0.479,4.034,vs. RHP
181,Corey Julks,667452,5.0,5.0,21,9,4,1,8,5,3,8.0,0.429,0.19,0.048,0.381,0.238,0.143,0.381,4.2,vs. RHP
182,Corey Seager,608369,494.0,568.0,2158,874,385,310,899,176,388,1083.0,0.405,0.178,0.144,0.417,0.082,0.18,0.502,3.799,vs. RHP
183,Cristian Pache,665506,4.0,4.0,22,13,2,3,7,3,7,12.0,0.591,0.091,0.136,0.318,0.136,0.318,0.545,5.5,vs. RHP
184,Curtis Mead,678554,290.0,326.0,1345,659,214,122,472,287,250,586.0,0.49,0.159,0.091,0.351,0.213,0.186,0.436,4.126,vs. RHP
185,D.J. LeMahieu,518934,84.0,91.0,334,154,63,36,117,64,53,153.0,0.461,0.189,0.108,0.35,0.192,0.159,0.458,3.67,vs. RHP
186,DaShawn Keirsey Jr.,680577,68.0,70.0,258,129,47,29,82,39,57,137.0,0.5,0.182,0.112,0.318,0.151,0.221,0.531,3.686,vs. RHP
187,Dairon Blanco,680118,1.0,3.0,9,4,3,1,2,1,0,6.0,0.444,0.333,0.111,0.222,0.111,0.0,0.667,3.0,vs. RHP
188,Dalton Rushing,687221,270.0,299.0,1164,561,173,190,430,178,191,555.0,0.482,0.149,0.163,0.369,0.153,0.164,0.477,3.893,vs. RHP
189,Dane Myers,667472,367.0,405.0,1598,786,264,175,548,327,279,723.0,0.492,0.165,0.11,0.343,0.205,0.175,0.452,3.946,vs. RHP
190,Daniel Johnson,669288,57.0,63.0,232,105,42,35,85,36,34,111.0,0.453,0.181,0.151,0.366,0.155,0.147,0.478,3.683,vs. RHP
191,Daniel Schneemann,682177,528.0,577.0,2293,1106,368,325,819,375,404,1099.0,0.482,0.16,0.142,0.357,0.164,0.176,0.479,3.974,vs. RHP
192,Daniel Susac,691740,94.0,108.0,392,196,73,49,123,50,91,219.0,0.5,0.186,0.125,0.314,0.128,0.232,0.559,3.63,vs. RHP
193,Danny Jansen,643376,332.0,377.0,1448,629,250,139,569,246,243,633.0,0.434,0.173,0.096,0.393,0.17,0.168,0.437,3.841,vs. RHP
194,Dansby Swanson,621020,762.0,852.0,3343,1513,568,478,1262,451,579,1630.0,0.453,0.17,0.143,0.378,0.135,0.173,0.488,3.924,vs. RHP
195,Darell Hernaiz,687231,210.0,239.0,885,409,181,101,295,135,171,455.0,0.462,0.205,0.114,0.333,0.153,0.193,0.514,3.703,vs. RHP
196,Daulton Varsho,662139,556.0,603.0,2266,1071,418,311,777,271,486,1218.0,0.473,0.184,0.137,0.343,0.12,0.214,0.538,3.758,vs. RHP
197,David Banuelos,675915,0.0,1.0,1,0,0,0,1,0,0,0.0,0.0,0.0,0.0,1.0,0.0,0.0,0.0,1.0,vs. RHP
198,David Fry,681807,92.0,100.0,388,194,64,64,130,62,66,196.0,0.5,0.165,0.165,0.335,0.16,0.17,0.505,3.88,vs. RHP
199,David Hamilton,666152,424.0,478.0,1910,898,331,183,681,371,317,858.0,0.47,0.173,0.096,0.357,0.194,0.166,0.449,3.996,vs. RHP
200,David Villar,681584,4.0,6.0,24,9,2,2,13,3,4,8.0,0.375,0.083,0.083,0.542,0.125,0.167,0.333,4.0,vs. RHP
201,Davis Schneider,676914,139.0,168.0,725,330,99,81,296,141,108,288.0,0.455,0.137,0.112,0.408,0.194,0.149,0.397,4.315,vs. RHP
202,Davis Wendzel,673995,1.0,1.0,7,3,1,0,3,1,2,3.0,0.429,0.143,0.0,0.429,0.143,0.286,0.429,7.0,vs. RHP
203,Daylen Lile,695734,687.0,745.0,2756,1226,569,299,961,321,603,1473.0,0.445,0.206,0.108,0.349,0.116,0.219,0.534,3.699,vs. RHP
204,Daz Cameron,663662,13.0,14.0,55,27,10,4,18,10,13,27.0,0.491,0.182,0.073,0.327,0.182,0.236,0.491,3.929,vs. RHP
205,Denzel Clarke,672016,161.0,176.0,685,349,96,104,240,126,111,319.0,0.509,0.14,0.152,0.35,0.184,0.162,0.466,3.892,vs. RHP
206,Denzer Guzman,694203,217.0,230.0,840,415,155,116,270,120,176,450.0,0.494,0.185,0.138,0.321,0.143,0.21,0.536,3.652,vs. RHP
207,Derek Hill,656537,151.0,164.0,643,328,99,111,216,99,114,328.0,0.51,0.154,0.173,0.336,0.154,0.177,0.51,3.921,vs. RHP
208,Deyvison De Los Santos,691277,17.0,18.0,70,34,12,7,24,14,13,32.0,0.486,0.171,0.1,0.343,0.2,0.186,0.457,3.889,vs. RHP
209,Dillon Dingler,693307,701.0,764.0,2894,1385,534,340,975,509,534,1409.0,0.479,0.185,0.117,0.337,0.176,0.185,0.487,3.788,vs. RHP
210,Dom Nunez,624513,1.0,1.0,4,3,0,1,1,2,0,1.0,0.75,0.0,0.25,0.25,0.5,0.0,0.25,4.0,vs. RHP
211,Dominic Canzone,686527,543.0,587.0,2186,1041,420,299,725,340,401,1121.0,0.476,0.192,0.137,0.332,0.156,0.183,0.513,3.724,vs. RHP
212,Dominic Fletcher,666150,27.0,28.0,102,48,25,8,29,18,22,55.0,0.471,0.245,0.078,0.284,0.176,0.216,0.539,3.643,vs. RHP
213,Dominic Smith,642086,411.0,454.0,1757,796,340,196,621,269,331,867.0,0.453,0.194,0.112,0.353,0.153,0.188,0.493,3.87,vs. RHP
214,Donovan Solano,456781,70.0,78.0,295,144,56,41,95,48,55,152.0,0.488,0.19,0.139,0.322,0.163,0.186,0.515,3.782,vs. RHP
215,Donovan Walton,622268,217.0,253.0,975,430,175,128,370,116,184,489.0,0.441,0.179,0.131,0.379,0.119,0.189,0.502,3.854,vs. RHP
216,Drake Baldwin,686948,661.0,738.0,2965,1373,528,339,1064,390,644,1511.0,0.463,0.178,0.114,0.359,0.132,0.217,0.51,4.018,vs. RHP
217,Drew Avans,682183,14.0,15.0,67,38,10,7,19,9,22,39.0,0.567,0.149,0.104,0.284,0.134,0.328,0.582,4.467,vs. RHP
218,Drew Cavanaugh,701852,125.0,144.0,565,264,89,72,212,87,105,266.0,0.467,0.158,0.127,0.375,0.154,0.186,0.471,3.924,vs. RHP
219,Drew Gilbert,687551,374.0,426.0,1669,718,310,157,641,321,238,707.0,0.43,0.186,0.094,0.384,0.192,0.143,0.424,3.918,vs. RHP
220,Drew Millas,686452,151.0,174.0,650,305,125,58,220,133,110,297.0,0.469,0.192,0.089,0.338,0.205,0.169,0.457,3.736,vs. RHP
221,Drew Romo,691011,147.0,166.0,591,274,109,101,208,77,95,306.0,0.464,0.184,0.171,0.352,0.13,0.161,0.518,3.56,vs. RHP
222,Drew Waters,671221,166.0,175.0,628,309,119,104,200,67,137,361.0,0.492,0.189,0.166,0.318,0.107,0.218,0.575,3.589,vs. RHP
223,Dustin Harris,687957,150.0,166.0,602,274,125,63,203,102,109,297.0,0.455,0.208,0.105,0.337,0.169,0.181,0.493,3.627,vs. RHP
224,Dylan Beavers,687637,350.0,403.0,1709,799,240,171,670,342,284,697.0,0.468,0.14,0.1,0.392,0.2,0.166,0.408,4.241,vs. RHP
225,Dylan Carlson,666185,150.0,170.0,745,337,116,69,292,128,137,325.0,0.452,0.156,0.093,0.392,0.172,0.184,0.436,4.382,vs. RHP
226,Dylan Crews,686611,492.0,543.0,1991,934,358,317,699,281,335,1011.0,0.469,0.18,0.159,0.351,0.141,0.168,0.508,3.667,vs. RHP
227,Dylan Moore,664238,108.0,114.0,440,222,75,67,143,70,84,227.0,0.505,0.17,0.152,0.325,0.159,0.191,0.516,3.86,vs. RHP
228,Eddie Rosario,592696,8.0,8.0,23,11,6,6,6,2,3,15.0,0.478,0.261,0.261,0.261,0.087,0.13,0.652,2.875,vs. RHP
229,Eddys Leonard,678760,3.0,3.0,13,7,2,4,4,1,2,8.0,0.538,0.154,0.308,0.308,0.077,0.154,0.615,4.333,vs. RHP
230,Edgar Quero,700337,346.0,392.0,1573,704,275,178,594,231,293,747.0,0.448,0.175,0.113,0.378,0.147,0.186,0.475,4.013,vs. RHP
231,Edmundo Sosa,624641,239.0,253.0,897,470,192,144,235,127,199,535.0,0.524,0.214,0.161,0.262,0.142,0.222,0.596,3.545,vs. RHP
232,Edouard Julien,666397,357.0,413.0,1717,761,250,174,706,299,286,712.0,0.443,0.146,0.101,0.411,0.174,0.167,0.415,4.157,vs. RHP
233,Eduardo Valencia,680664,69.0,76.0,278,122,58,32,98,37,53,143.0,0.439,0.209,0.115,0.353,0.133,0.191,0.514,3.658,vs. RHP
234,Edwin Arroyo,695490,107.0,117.0,433,208,82,63,143,43,98,247.0,0.48,0.189,0.145,0.33,0.099,0.226,0.57,3.701,vs. RHP
235,Eli White,642201,250.0,261.0,958,465,194,117,299,161,185,498.0,0.485,0.203,0.122,0.312,0.168,0.193,0.52,3.67,vs. RHP
236,Elias Diaz,553869,295.0,328.0,1250,603,213,219,434,175,205,641.0,0.482,0.17,0.175,0.347,0.14,0.164,0.513,3.811,vs. RHP
237,Eliezer Alfonzo,672613,14.0,14.0,52,25,12,4,15,10,11,27.0,0.481,0.231,0.077,0.288,0.192,0.212,0.519,3.714,vs. RHP
238,Elly De La Cruz,682829,820.0,926.0,3738,1697,581,477,1460,698,522,1580.0,0.454,0.155,0.128,0.391,0.187,0.14,0.423,4.037,vs. RHP
239,Eloy Jimenez,650391,18.0,22.0,84,41,14,15,29,10,16,45.0,0.488,0.167,0.179,0.345,0.119,0.19,0.536,3.818,vs. RHP
240,Emmanuel Rivera,656896,87.0,92.0,330,152,70,52,108,46,54,176.0,0.461,0.212,0.158,0.327,0.139,0.164,0.533,3.587,vs. RHP
241,Emmanuel Rodriguez,691181,31.0,33.0,122,67,17,25,38,21,21,63.0,0.549,0.139,0.205,0.311,0.172,0.172,0.516,3.697,vs. RHP
242,Endy Rodriguez,682848,153.0,176.0,651,298,112,68,241,113,116,297.0,0.458,0.172,0.104,0.37,0.174,0.178,0.456,3.699,vs. RHP
243,Enmanuel Valdez,665839,81.0,91.0,357,170,67,31,120,83,56,154.0,0.476,0.188,0.087,0.336,0.232,0.157,0.431,3.923,vs. RHP
244,Enrique Hernandez,571771,175.0,187.0,747,364,123,111,260,108,144,379.0,0.487,0.165,0.149,0.348,0.145,0.193,0.507,3.995,vs. RHP
245,Eric Haase,606992,96.0,107.0,431,232,60,83,139,78,69,213.0,0.538,0.139,0.193,0.323,0.181,0.16,0.494,4.028,vs. RHP
246,Eric Wagaman,676572,312.0,339.0,1308,609,250,145,449,247,217,612.0,0.466,0.191,0.111,0.343,0.189,0.166,0.468,3.858,vs. RHP
247,Ernie Clement,676391,768.0,819.0,2549,1066,699,215,784,373,475,1392.0,0.418,0.274,0.084,0.308,0.146,0.186,0.546,3.112,vs. RHP
248,Esmerlyn Valdez,699013,151.0,176.0,765,381,84,127,300,140,114,325.0,0.498,0.11,0.166,0.392,0.183,0.149,0.425,4.347,vs. RHP
249,Esteury Ruiz,665923,112.0,133.0,498,247,73,72,178,78,90,242.0,0.496,0.147,0.145,0.357,0.157,0.181,0.486,3.744,vs. RHP
250,Ethan Salas,806956,32.0,33.0,125,58,25,11,42,23,24,60.0,0.464,0.2,0.088,0.336,0.184,0.192,0.48,3.788,vs. RHP
251,Eugenio Suarez,553993,758.0,841.0,3297,1653,504,530,1140,510,613,1647.0,0.501,0.153,0.161,0.346,0.155,0.186,0.5,3.92,vs. RHP
252,Evan Carter,694497,494.0,567.0,2248,1011,377,261,860,422,319,966.0,0.45,0.168,0.116,0.383,0.188,0.142,0.43,3.965,vs. RHP
253,Everson Pereira,677592,92.0,104.0,380,182,63,79,135,40,62,205.0,0.479,0.166,0.208,0.355,0.105,0.163,0.539,3.654,vs. RHP
254,Ezequiel Duran,677649,511.0,555.0,2103,1041,389,294,673,298,431,1132.0,0.495,0.185,0.14,0.32,0.142,0.205,0.538,3.789,vs. RHP
255,Ezequiel Tovar,678662,589.0,635.0,2314,1166,453,432,695,193,530,1426.0,0.504,0.196,0.187,0.3,0.083,0.229,0.616,3.644,vs. RHP
256,Felix Reyes,694025,17.0,17.0,51,25,13,9,13,9,7,29.0,0.49,0.255,0.176,0.255,0.176,0.137,0.569,3.0,vs. RHP
257,Fernando Tatis Jr.,665487,928.0,1043.0,3853,1611,740,476,1502,566,560,1785.0,0.418,0.192,0.124,0.39,0.147,0.145,0.463,3.694,vs. RHP
258,Francisco Alvarez,682626,457.0,511.0,2071,988,311,334,772,346,308,953.0,0.477,0.15,0.161,0.373,0.167,0.149,0.46,4.053,vs. RHP
259,Francisco Lindor,596019,725.0,818.0,3380,1577,557,383,1246,542,643,1592.0,0.467,0.165,0.113,0.369,0.16,0.19,0.471,4.132,vs. RHP
260,Freddie Freeman,518692,777.0,880.0,3563,1570,630,421,1363,413,736,1787.0,0.441,0.177,0.118,0.383,0.116,0.207,0.502,4.049,vs. RHP
261,Freddy Fermin,666023,381.0,426.0,1684,818,307,209,559,232,359,893.0,0.486,0.182,0.124,0.332,0.138,0.213,0.53,3.953,vs. RHP
262,Gabriel Arias,672356,395.0,433.0,1617,823,254,348,540,189,285,888.0,0.509,0.157,0.215,0.334,0.117,0.176,0.549,3.734,vs. RHP
263,Gabriel Gonzalez,694224,4.0,5.0,18,10,3,2,5,2,6,11.0,0.556,0.167,0.111,0.278,0.111,0.333,0.611,3.6,vs. RHP
264,Gabriel Moreno,672515,553.0,631.0,2730,1252,458,185,1020,579,487,1131.0,0.459,0.168,0.068,0.374,0.212,0.178,0.414,4.326,vs. RHP
265,Gabriel Rincones Jr.,687282,79.0,84.0,324,175,52,55,97,43,77,184.0,0.54,0.16,0.17,0.299,0.133,0.238,0.568,3.857,vs. RHP
266,Gage Workman,669398,56.0,57.0,200,110,32,47,58,22,40,120.0,0.55,0.16,0.235,0.29,0.11,0.2,0.6,3.509,vs. RHP
267,Garrett Hampson,641658,44.0,51.0,226,113,27,23,86,53,36,87.0,0.5,0.119,0.102,0.381,0.235,0.159,0.385,4.431,vs. RHP
268,Garrett Mitchell,669003,400.0,450.0,1835,867,250,296,718,300,267,817.0,0.472,0.136,0.161,0.391,0.163,0.146,0.445,4.078,vs. RHP
269,Garrett Stubbs,596117,52.0,57.0,207,95,41,19,71,27,47,109.0,0.459,0.198,0.092,0.343,0.13,0.227,0.527,3.632,vs. RHP
270,Gary Sanchez,596142,173.0,207.0,867,396,121,81,350,196,119,321.0,0.457,0.14,0.093,0.404,0.226,0.137,0.37,4.188,vs. RHP
271,Gavin Lux,666158,390.0,440.0,1792,788,296,158,708,317,311,767.0,0.44,0.165,0.088,0.395,0.177,0.174,0.428,4.073,vs. RHP
272,Gavin Sheets,657757,647.0,737.0,3191,1492,507,296,1192,609,585,1390.0,0.468,0.159,0.093,0.374,0.191,0.183,0.436,4.33,vs. RHP
273,George Lombard Jr.,806146,126.0,136.0,526,249,92,61,185,100,86,241.0,0.473,0.175,0.116,0.352,0.19,0.163,0.458,3.868,vs. RHP
274,George Springer,543807,697.0,793.0,3141,1367,554,369,1220,447,550,1474.0,0.435,0.176,0.117,0.388,0.142,0.175,0.469,3.961,vs. RHP
275,George Valera,671655,71.0,79.0,299,134,51,38,114,46,50,139.0,0.448,0.171,0.127,0.381,0.154,0.167,0.465,3.785,vs. RHP
276,Geraldo Perdomo,672695,809.0,977.0,4172,1820,694,221,1658,908,678,1606.0,0.436,0.166,0.053,0.397,0.218,0.163,0.385,4.27,vs. RHP
277,Giancarlo Stanton,519317,248.0,269.0,1139,551,158,183,430,221,147,488.0,0.484,0.139,0.161,0.378,0.194,0.129,0.428,4.234,vs. RHP
278,Gino Groover,694410,29.0,33.0,120,54,23,8,43,28,18,49.0,0.45,0.192,0.067,0.358,0.233,0.15,0.408,3.636,vs. RHP
279,Gio Urshela,570482,140.0,150.0,545,259,114,81,172,68,110,305.0,0.475,0.209,0.149,0.316,0.125,0.202,0.56,3.633,vs. RHP
280,Gleyber Torres,650402,650.0,747.0,3086,1334,522,283,1230,513,538,1343.0,0.432,0.169,0.092,0.399,0.166,0.174,0.435,4.131,vs. RHP
281,Graham Pauley,688363,273.0,300.0,1146,527,207,137,412,183,207,551.0,0.46,0.181,0.12,0.36,0.16,0.181,0.481,3.82,vs. RHP
282,Grant McCray,687529,73.0,87.0,361,169,49,56,143,59,48,159.0,0.468,0.136,0.155,0.396,0.163,0.133,0.44,4.149,vs. RHP
283,Greg Allen,656185,14.0,14.0,52,27,9,12,16,7,7,29.0,0.519,0.173,0.231,0.308,0.135,0.135,0.558,3.714,vs. RHP
284,Greg Jones,675659,18.0,19.0,63,39,10,15,14,14,9,35.0,0.619,0.159,0.238,0.222,0.222,0.143,0.556,3.316,vs. RHP
285,Griffin Conine,665052,275.0,316.0,1224,579,181,223,464,188,167,571.0,0.473,0.148,0.182,0.379,0.154,0.136,0.467,3.873,vs. RHP
286,Gunnar Henderson,683002,803.0,910.0,3617,1653,618,414,1346,533,706,1738.0,0.457,0.171,0.114,0.372,0.147,0.195,0.481,3.975,vs. RHP
287,Gustavo Campero,672569,46.0,55.0,224,104,35,30,85,30,40,109.0,0.464,0.156,0.134,0.379,0.134,0.179,0.487,4.073,vs. RHP
288,Ha-Seong Kim,673490,180.0,207.0,865,415,135,64,315,205,143,345.0,0.48,0.156,0.074,0.364,0.237,0.165,0.399,4.179,vs. RHP
289,Hao Yu Lee,701678,190.0,213.0,827,383,142,103,302,149,131,376.0,0.463,0.172,0.125,0.365,0.18,0.158,0.455,3.883,vs. RHP
290,Harrison Bader,664056,391.0,431.0,1612,769,285,223,558,271,274,783.0,0.477,0.177,0.138,0.346,0.168,0.17,0.486,3.74,vs. RHP
291,Harry Ford,695670,54.0,63.0,279,121,41,31,117,44,45,117.0,0.434,0.147,0.111,0.419,0.158,0.161,0.419,4.429,vs. RHP
292,Hayden Senger,663584,71.0,76.0,244,121,55,44,68,39,35,137.0,0.496,0.225,0.18,0.279,0.16,0.143,0.561,3.211,vs. RHP
293,Hector Rodriguez,699302,99.0,107.0,382,189,75,56,118,49,84,215.0,0.495,0.196,0.147,0.309,0.128,0.22,0.563,3.57,vs. RHP
294,Heliot Ramos,671218,754.0,833.0,3178,1525,558,414,1095,530,581,1553.0,0.48,0.176,0.13,0.345,0.167,0.183,0.489,3.815,vs. RHP
295,Henry Bolte,703607,280.0,322.0,1188,556,201,193,431,155,208,602.0,0.468,0.169,0.162,0.363,0.13,0.175,0.507,3.689,vs. RHP
296,Henry Davis,680779,366.0,427.0,1590,764,273,233,553,185,334,852.0,0.481,0.172,0.147,0.348,0.116,0.21,0.536,3.724,vs. RHP
297,Heriberto Hernandez,681715,447.0,507.0,1986,906,311,302,769,315,288,901.0,0.456,0.157,0.152,0.387,0.159,0.145,0.454,3.917,vs. RHP
298,Heston Kjerstad,677008,154.0,163.0,590,296,110,96,184,69,131,337.0,0.502,0.186,0.163,0.312,0.117,0.222,0.571,3.62,vs. RHP
299,Hunter Feduccia,676439,240.0,289.0,1215,549,178,121,488,213,210,514.0,0.452,0.147,0.1,0.402,0.175,0.173,0.423,4.204,vs. RHP
300,Hunter Goodman,696100,762.0,823.0,3016,1479,541,537,996,355,587,1665.0,0.49,0.179,0.178,0.33,0.118,0.195,0.552,3.665,vs. RHP
301,Hunter Renfroe,592669,62.0,66.0,245,104,47,30,94,43,31,108.0,0.424,0.192,0.122,0.384,0.176,0.127,0.441,3.712,vs. RHP
302,Hyeseong Kim,808975,242.0,265.0,1029,526,175,146,328,206,172,495.0,0.511,0.17,0.142,0.319,0.2,0.167,0.481,3.883,vs. RHP
303,Ian Happ,664023,822.0,965.0,4158,1918,581,474,1659,725,719,1774.0,0.461,0.14,0.114,0.399,0.174,0.173,0.427,4.309,vs. RHP
304,Ildemaro Vargas,545121,356.0,383.0,1401,649,318,109,434,267,258,698.0,0.463,0.227,0.078,0.31,0.191,0.184,0.498,3.658,vs. RHP
305,Isaac Collins,686555,552.0,658.0,2718,1211,408,235,1099,532,428,1086.0,0.446,0.15,0.086,0.404,0.196,0.157,0.4,4.131,vs. RHP
306,Isaac Paredes,670623,737.0,864.0,3884,1745,615,254,1524,733,757,1626.0,0.449,0.158,0.065,0.392,0.189,0.195,0.419,4.495,vs. RHP
307,Isiah Kiner-Falefa,643396,425.0,462.0,1620,731,360,120,529,309,298,782.0,0.451,0.222,0.074,0.327,0.191,0.184,0.483,3.506,vs. RHP
308,Ivan Herrera,671056,717.0,821.0,3222,1511,556,324,1155,607,578,1460.0,0.469,0.173,0.101,0.358,0.188,0.179,0.453,3.924,vs. RHP
309,Ivan Johnson,671155,7.0,9.0,35,19,3,8,13,5,6,17.0,0.543,0.086,0.229,0.371,0.143,0.171,0.486,3.889,vs. RHP
310,J.C. Escarra,641555,136.0,154.0,605,252,112,62,241,107,83,257.0,0.417,0.185,0.102,0.398,0.177,0.137,0.425,3.929,vs. RHP
311,J.D. Davis,605204,8.0,8.0,28,17,5,9,6,3,5,19.0,0.607,0.179,0.321,0.214,0.107,0.179,0.679,3.5,vs. RHP
312,J.P. Crawford,641487,670.0,766.0,3273,1463,525,269,1285,564,623,1424.0,0.447,0.16,0.082,0.393,0.172,0.19,0.435,4.273,vs. RHP
313,J.T. Realmuto,592663,653.0,724.0,2884,1363,495,342,1026,467,553,1391.0,0.473,0.172,0.119,0.356,0.162,0.192,0.482,3.983,vs. RHP
314,JJ Bleday,668709,566.0,656.0,2605,1164,412,319,1029,412,425,1164.0,0.447,0.158,0.122,0.395,0.158,0.163,0.447,3.971,vs. RHP
315,JJ Wetherholt,802139,343.0,397.0,1621,683,275,136,663,303,242,655.0,0.421,0.17,0.084,0.409,0.187,0.149,0.404,4.083,vs. RHP
316,Jac Caglianone,695506,496.0,544.0,1997,917,367,291,713,224,402,1060.0,0.459,0.184,0.146,0.357,0.112,0.201,0.531,3.671,vs. RHP
317,Jace Jung,690291,53.0,63.0,254,127,35,27,92,40,59,122.0,0.5,0.138,0.106,0.362,0.157,0.232,0.48,4.032,vs. RHP
318,Jack Leiter,683004,1.0,1.0,3,3,0,1,0,2,0,1.0,1.0,0.0,0.333,0.0,0.667,0.0,0.333,3.0,vs. RHP
319,Jack Suwinski,669261,143.0,169.0,777,361,88,99,328,140,122,309.0,0.465,0.113,0.127,0.422,0.18,0.157,0.398,4.598,vs. RHP
320,Jack Winkler,676466,3.0,3.0,18,8,3,1,7,3,4,8.0,0.444,0.167,0.056,0.389,0.167,0.222,0.444,6.0,vs. RHP
321,Jackson Chourio,694192,778.0,839.0,3113,1512,599,417,1002,503,588,1608.0,0.486,0.192,0.134,0.322,0.162,0.189,0.517,3.71,vs. RHP
322,Jackson Holliday,702616,655.0,731.0,2762,1227,505,319,1030,431,472,1301.0,0.444,0.183,0.115,0.373,0.156,0.171,0.471,3.778,vs. RHP
323,Jackson Merrill,701538,721.0,789.0,2971,1407,543,477,1021,255,672,1695.0,0.474,0.183,0.161,0.344,0.086,0.226,0.571,3.766,vs. RHP
324,Jacob Amaya,676070,45.0,51.0,188,84,39,14,65,50,20,73.0,0.447,0.207,0.074,0.346,0.266,0.106,0.388,3.686,vs. RHP
325,Jacob Gonzalez,694378,179.0,190.0,738,368,145,88,225,92,186,420.0,0.499,0.196,0.119,0.305,0.125,0.252,0.569,3.884,vs. RHP
326,Jacob Hurtubise,674441,11.0,14.0,59,32,5,7,22,13,12,24.0,0.542,0.085,0.119,0.373,0.22,0.203,0.407,4.214,vs. RHP
327,Jacob Melton,689200,56.0,63.0,266,136,32,43,98,49,44,119.0,0.511,0.12,0.162,0.368,0.184,0.165,0.447,4.222,vs. RHP
328,Jacob Stallings,607732,81.0,89.0,316,154,60,59,102,35,59,179.0,0.487,0.19,0.187,0.323,0.111,0.187,0.566,3.551,vs. RHP
329,Jacob Wilson,805779,588.0,626.0,2081,891,532,127,658,377,387,1046.0,0.428,0.256,0.061,0.316,0.181,0.186,0.503,3.324,vs. RHP
330,Jacob Young,696285,507.0,563.0,2073,944,422,174,707,453,293,913.0,0.455,0.204,0.084,0.341,0.219,0.141,0.44,3.682,vs. RHP
331,Jahmai Jones,663330,49.0,52.0,190,87,35,34,68,25,26,97.0,0.458,0.184,0.179,0.358,0.132,0.137,0.511,3.654,vs. RHP
332,Jake Bauers,641343,507.0,611.0,2573,1150,339,304,1084,452,392,1037.0,0.447,0.132,0.118,0.421,0.176,0.152,0.403,4.211,vs. RHP
333,Jake Burger,669394,666.0,722.0,2624,1306,473,454,845,403,449,1376.0,0.498,0.18,0.173,0.322,0.154,0.171,0.524,3.634,vs. RHP
334,Jake Cronenworth,630105,577.0,677.0,2844,1338,429,266,1077,522,540,1245.0,0.47,0.151,0.094,0.379,0.184,0.19,0.438,4.201,vs. RHP
335,Jake Fraley,641584,260.0,292.0,1151,516,189,132,446,160,224,545.0,0.448,0.164,0.115,0.387,0.139,0.195,0.474,3.942,vs. RHP
336,Jake Mangum,663968,587.0,631.0,2274,1154,478,286,642,258,598,1374.0,0.507,0.21,0.126,0.282,0.113,0.263,0.604,3.604,vs. RHP
337,Jake McCarthy,664983,544.0,592.0,2086,924,453,228,709,263,408,1113.0,0.443,0.217,0.109,0.34,0.126,0.196,0.534,3.524,vs. RHP
338,Jake Meyers,676694,364.0,408.0,1457,622,294,147,541,215,253,701.0,0.427,0.202,0.101,0.371,0.148,0.174,0.481,3.571,vs. RHP
339,Jake Rogers,668670,203.0,232.0,926,445,140,103,341,185,152,400.0,0.481,0.151,0.111,0.368,0.2,0.164,0.432,3.991,vs. RHP
340,Jakob Marsee,805300,536.0,620.0,2412,1023,422,168,967,442,398,1003.0,0.424,0.175,0.07,0.401,0.183,0.165,0.416,3.89,vs. RHP
341,James McCann,543510,177.0,190.0,684,343,129,112,212,118,111,354.0,0.501,0.189,0.164,0.31,0.173,0.162,0.518,3.6,vs. RHP
342,James Outman,681546,229.0,248.0,1035,534,120,213,381,142,175,512.0,0.516,0.116,0.206,0.368,0.137,0.169,0.495,4.173,vs. RHP
343,James Triantos,701649,5.0,6.0,14,4,4,2,6,2,0,6.0,0.286,0.286,0.143,0.429,0.143,0.0,0.429,2.333,vs. RHP
344,James Wood,695578,708.0,852.0,3724,1654,456,413,1614,754,487,1356.0,0.444,0.122,0.111,0.433,0.202,0.131,0.364,4.371,vs. RHP
345,Jared Oliva,666931,5.0,5.0,16,9,4,3,3,4,2,9.0,0.562,0.25,0.188,0.188,0.25,0.125,0.562,3.2,vs. RHP
346,Jared Serna,691858,9.0,11.0,38,17,8,5,13,6,6,19.0,0.447,0.211,0.132,0.342,0.158,0.158,0.5,3.455,vs. RHP
347,Jared Triolo,669707,413.0,472.0,1788,830,312,204,646,322,291,820.0,0.464,0.174,0.114,0.361,0.18,0.163,0.459,3.788,vs. RHP
348,Jared Young,676724,292.0,325.0,1281,558,232,154,491,176,227,614.0,0.436,0.181,0.12,0.383,0.137,0.177,0.479,3.942,vs. RHP
349,Jarred Kelenic,672284,118.0,132.0,515,259,71,105,185,76,77,254.0,0.503,0.138,0.204,0.359,0.148,0.15,0.493,3.902,vs. RHP
350,Jarren Duran,680776,849.0,949.0,3587,1653,616,542,1318,527,579,1742.0,0.461,0.172,0.151,0.367,0.147,0.161,0.486,3.78,vs. RHP
351,Jase Bowen,687749,45.0,49.0,177,103,26,36,48,35,26,94.0,0.582,0.147,0.203,0.271,0.198,0.147,0.531,3.612,vs. RHP
352,Jason Heyward,518792,74.0,83.0,303,141,59,41,103,58,41,142.0,0.465,0.195,0.135,0.34,0.191,0.135,0.469,3.651,vs. RHP
353,Jasson Dominguez,691176,417.0,461.0,1783,810,309,218,664,225,367,894.0,0.454,0.173,0.122,0.372,0.126,0.206,0.501,3.868,vs. RHP
354,Javier Baez,595879,418.0,440.0,1564,778,313,271,473,239,267,852.0,0.497,0.2,0.173,0.302,0.153,0.171,0.545,3.555,vs. RHP
355,Javier Sanoja,691594,506.0,541.0,1858,806,467,97,585,354,351,918.0,0.434,0.251,0.052,0.315,0.191,0.189,0.494,3.434,vs. RHP
356,Jazz Chisholm,665862,658.0,751.0,3115,1452,448,441,1215,480,525,1420.0,0.466,0.144,0.142,0.39,0.154,0.169,0.456,4.148,vs. RHP
357,Jeff McNeil,643446,687.0,757.0,2703,1184,606,234,913,263,685,1527.0,0.438,0.224,0.087,0.338,0.097,0.253,0.565,3.571,vs. RHP
358,Jeimer Candelario,600869,73.0,80.0,328,174,41,72,113,47,55,168.0,0.53,0.125,0.22,0.345,0.143,0.168,0.512,4.1,vs. RHP
359,Jerar Encarnacion,666464,47.0,47.0,176,96,35,24,45,36,36,95.0,0.545,0.199,0.136,0.256,0.205,0.205,0.54,3.745,vs. RHP
360,Jeremiah Jackson,669236,309.0,327.0,1165,573,236,185,356,152,231,656.0,0.492,0.203,0.159,0.306,0.13,0.198,0.563,3.563,vs. RHP
361,Jeremy Pena,665161,735.0,801.0,2777,1279,573,431,925,392,456,1460.0,0.461,0.206,0.155,0.333,0.141,0.164,0.526,3.467,vs. RHP
362,Jesse Winker,608385,65.0,75.0,295,132,48,29,115,49,53,131.0,0.447,0.163,0.098,0.39,0.166,0.18,0.444,3.933,vs. RHP
363,Jesus Rodriguez,683679,36.0,41.0,145,64,31,19,50,21,23,74.0,0.441,0.214,0.131,0.345,0.145,0.159,0.51,3.537,vs. RHP
364,Jesus Sanchez,660821,633.0,700.0,2755,1268,483,365,1004,364,539,1387.0,0.46,0.175,0.132,0.364,0.132,0.196,0.503,3.936,vs. RHP
365,Jhonkensy Noel,678877,65.0,67.0,253,129,45,48,79,26,55,148.0,0.51,0.178,0.19,0.312,0.103,0.217,0.585,3.776,vs. RHP
366,Jhonny Pereda,640902,109.0,120.0,521,241,85,54,195,97,89,228.0,0.463,0.163,0.104,0.374,0.186,0.171,0.438,4.342,vs. RHP
367,Jhostynxon Garcia,691373,33.0,35.0,119,65,21,25,33,16,24,70.0,0.546,0.176,0.21,0.277,0.134,0.202,0.588,3.4,vs. RHP
368,Ji Hwan Bae,678225,17.0,23.0,96,43,10,16,43,10,15,43.0,0.448,0.104,0.167,0.448,0.104,0.156,0.448,4.174,vs. RHP
369,Jim Jarvis,805347,92.0,101.0,375,166,77,32,132,72,61,171.0,0.443,0.205,0.085,0.352,0.192,0.163,0.456,3.713,vs. RHP
370,Jimmy Crooks III,699625,153.0,166.0,652,332,98,103,222,105,124,325.0,0.509,0.15,0.158,0.34,0.161,0.19,0.498,3.928,vs. RHP
371,Jo Adell,666176,863.0,937.0,3637,1756,624,543,1257,467,745,1912.0,0.483,0.172,0.149,0.346,0.128,0.205,0.526,3.882,vs. RHP
372,Joc Pederson,592626,595.0,681.0,2718,1252,450,356,1016,426,467,1276.0,0.461,0.166,0.131,0.374,0.157,0.172,0.469,3.991,vs. RHP
373,Joe Mack,691788,245.0,263.0,1026,469,181,123,376,159,185,491.0,0.457,0.176,0.12,0.366,0.155,0.18,0.479,3.901,vs. RHP
374,Joey Bart,663698,268.0,308.0,1227,552,187,135,488,232,185,507.0,0.45,0.152,0.11,0.398,0.189,0.151,0.413,3.984,vs. RHP
375,Joey Loperfido,694388,165.0,187.0,742,363,115,118,264,111,133,367.0,0.489,0.155,0.159,0.356,0.15,0.179,0.495,3.968,vs. RHP
376,Joey Meneses,608841,7.0,9.0,27,8,5,4,14,2,2,11.0,0.296,0.185,0.148,0.519,0.074,0.074,0.407,3.0,vs. RHP
377,Joey Ortiz,687401,571.0,628.0,2339,1122,477,195,740,529,381,1069.0,0.48,0.204,0.083,0.316,0.226,0.163,0.457,3.725,vs. RHP
378,Joey Wiemer,686894,60.0,67.0,256,130,34,34,92,52,44,112.0,0.508,0.133,0.133,0.359,0.203,0.172,0.438,3.821,vs. RHP
379,Johan Rojas,679032,85.0,97.0,347,180,65,54,102,56,64,189.0,0.519,0.187,0.156,0.294,0.161,0.184,0.545,3.577,vs. RHP
380,John Peck,807726,41.0,51.0,180,81,33,25,66,22,34,92.0,0.45,0.183,0.139,0.367,0.122,0.189,0.511,3.529,vs. RHP
381,John Rave,670231,242.0,274.0,1146,524,177,117,445,215,188,486.0,0.457,0.154,0.102,0.388,0.188,0.164,0.424,4.182,vs. RHP
382,Johnathan Rodriguez,671286,23.0,24.0,87,42,15,14,30,20,8,37.0,0.483,0.172,0.161,0.345,0.23,0.092,0.425,3.625,vs. RHP
383,Jon Berti,542932,71.0,77.0,277,127,52,40,98,46,40,133.0,0.458,0.188,0.144,0.354,0.166,0.144,0.48,3.597,vs. RHP
384,Jon Singleton,572138,7.0,7.0,20,8,6,2,6,3,3,11.0,0.4,0.3,0.1,0.3,0.15,0.15,0.55,2.857,vs. RHP
385,Jonah Bride,681146,57.0,61.0,265,132,36,25,97,81,26,87.0,0.498,0.136,0.094,0.366,0.306,0.098,0.328,4.344,vs. RHP
386,Jonah Cox,813841,67.0,76.0,280,142,45,50,93,43,45,144.0,0.507,0.161,0.179,0.332,0.154,0.161,0.514,3.684,vs. RHP
387,Jonah Heim,641680,488.0,532.0,2054,961,393,226,700,353,378,1001.0,0.468,0.191,0.11,0.341,0.172,0.184,0.487,3.861,vs. RHP
388,Jonatan Clase,682729,88.0,98.0,391,185,60,55,146,61,59,184.0,0.473,0.153,0.141,0.373,0.156,0.151,0.471,3.99,vs. RHP
389,Jonathan Aranda,666018,700.0,794.0,3234,1542,518,366,1174,474,702,1586.0,0.477,0.16,0.113,0.363,0.147,0.217,0.49,4.073,vs. RHP
390,Jonathan India,663697,433.0,490.0,2012,919,343,164,750,435,315,827.0,0.457,0.17,0.082,0.373,0.216,0.157,0.411,4.106,vs. RHP
391,Jonathan Ornelas,680716,12.0,12.0,47,29,5,12,13,8,9,26.0,0.617,0.106,0.255,0.277,0.17,0.191,0.553,3.917,vs. RHP
392,Jonny DeLuca,676356,232.0,247.0,881,417,183,113,281,142,158,458.0,0.473,0.208,0.128,0.319,0.161,0.179,0.52,3.567,vs. RHP
393,Jorbit Vivas,678391,316.0,371.0,1352,576,262,125,514,171,278,666.0,0.426,0.194,0.092,0.38,0.126,0.206,0.493,3.644,vs. RHP
394,Jordan Beck,687597,486.0,531.0,2091,1026,334,323,731,354,342,1006.0,0.491,0.16,0.154,0.35,0.169,0.164,0.481,3.938,vs. RHP
395,Jordan Lawlar,691783,102.0,111.0,433,216,63,68,154,80,65,199.0,0.499,0.145,0.157,0.356,0.185,0.15,0.46,3.901,vs. RHP
396,Jordan Walker,691023,716.0,777.0,2872,1415,494,509,963,428,477,1480.0,0.493,0.172,0.177,0.335,0.149,0.166,0.515,3.696,vs. RHP
397,Jordan Westburg,676059,226.0,243.0,889,420,169,123,300,149,148,440.0,0.472,0.19,0.138,0.337,0.168,0.166,0.495,3.658,vs. RHP
398,Jordyn Adams,677941,4.0,4.0,13,8,2,5,3,2,1,8.0,0.615,0.154,0.385,0.231,0.154,0.077,0.615,3.25,vs. RHP
399,Jorge Alfaro,595751,30.0,30.0,103,60,19,25,24,10,25,69.0,0.583,0.184,0.243,0.233,0.097,0.243,0.67,3.433,vs. RHP
400,Jorge Barrosa,678489,127.0,143.0,611,297,89,86,225,112,90,274.0,0.486,0.146,0.141,0.368,0.183,0.147,0.448,4.273,vs. RHP
401,Jorge Mateo,622761,159.0,173.0,712,382,102,128,228,105,143,379.0,0.537,0.143,0.18,0.32,0.147,0.201,0.532,4.116,vs. RHP
402,Jorge Polanco,593871,470.0,522.0,2026,862,388,203,776,351,308,899.0,0.425,0.192,0.1,0.383,0.173,0.152,0.444,3.881,vs. RHP
403,Jorge Soler,624585,467.0,530.0,2156,1037,304,344,815,347,346,994.0,0.481,0.141,0.16,0.378,0.161,0.16,0.461,4.068,vs. RHP
404,Jose Altuve,514888,874.0,956.0,3370,1522,718,342,1130,563,597,1677.0,0.452,0.213,0.101,0.335,0.167,0.177,0.498,3.525,vs. RHP
405,Jose Azocar,640492,17.0,18.0,52,19,15,5,18,7,7,27.0,0.365,0.288,0.096,0.346,0.135,0.135,0.519,2.889,vs. RHP
406,Jose Barrero,676480,22.0,23.0,84,47,15,15,22,18,14,44.0,0.56,0.179,0.179,0.262,0.214,0.167,0.524,3.652,vs. RHP
407,Jose Caballero,676609,485.0,553.0,2209,1077,373,282,759,363,412,1084.0,0.488,0.169,0.128,0.344,0.164,0.187,0.491,3.995,vs. RHP
408,Jose Fermin,665877,228.0,261.0,1044,449,197,64,398,236,145,410.0,0.43,0.189,0.061,0.381,0.226,0.139,0.393,4.0,vs. RHP
409,Jose Fernandez,699912,139.0,152.0,566,273,110,57,183,135,80,248.0,0.482,0.194,0.101,0.323,0.239,0.141,0.438,3.724,vs. RHP
410,Jose Herrera,645444,116.0,145.0,608,265,98,44,245,126,89,237.0,0.436,0.161,0.072,0.403,0.207,0.146,0.39,4.193,vs. RHP
411,Jose Iglesias,578428,186.0,206.0,795,391,161,57,243,205,126,347.0,0.492,0.203,0.072,0.306,0.258,0.158,0.436,3.859,vs. RHP
412,Jose Miranda,669304,21.0,21.0,66,28,16,7,22,12,9,32.0,0.424,0.242,0.106,0.333,0.182,0.136,0.485,3.143,vs. RHP
413,Jose Ramirez,608070,749.0,839.0,3522,1535,644,252,1343,567,716,1612.0,0.436,0.183,0.072,0.381,0.161,0.203,0.458,4.198,vs. RHP
414,Jose Siri,642350,133.0,147.0,559,299,90,119,170,83,90,306.0,0.535,0.161,0.213,0.304,0.148,0.161,0.547,3.803,vs. RHP
415,Jose Tena,677588,379.0,421.0,1722,825,263,241,634,277,303,811.0,0.479,0.153,0.14,0.368,0.161,0.176,0.471,4.09,vs. RHP
416,Jose Trevino,624431,321.0,339.0,1190,547,273,119,370,259,168,561.0,0.46,0.229,0.1,0.311,0.218,0.141,0.471,3.51,vs. RHP
417,Josh Bell,605137,735.0,832.0,3284,1414,597,353,1273,429,632,1582.0,0.431,0.182,0.107,0.388,0.131,0.192,0.482,3.947,vs. RHP
418,Josh Jung,673962,639.0,693.0,2527,1207,479,292,841,431,484,1255.0,0.478,0.19,0.116,0.333,0.171,0.192,0.497,3.646,vs. RHP
419,Josh Lowe,666139,538.0,593.0,2547,1305,388,413,854,275,610,1418.0,0.512,0.152,0.162,0.335,0.108,0.239,0.557,4.295,vs. RHP
420,Josh Naylor,647304,749.0,831.0,2763,1143,657,256,963,310,573,1490.0,0.414,0.238,0.093,0.349,0.112,0.207,0.539,3.325,vs. RHP
421,Josh Palacios,641943,110.0,127.0,495,231,83,66,181,67,98,247.0,0.467,0.168,0.133,0.366,0.135,0.198,0.499,3.898,vs. RHP
422,Josh Rojas,668942,246.0,273.0,1033,439,198,104,396,153,181,484.0,0.425,0.192,0.101,0.383,0.148,0.175,0.469,3.784,vs. RHP
423,Josh Smith,669701,569.0,648.0,2633,1203,461,224,969,479,496,1184.0,0.457,0.175,0.085,0.368,0.182,0.188,0.45,4.063,vs. RHP
424,Joshua Baez,695491,60.0,65.0,233,122,43,45,68,37,40,128.0,0.524,0.185,0.193,0.292,0.159,0.172,0.549,3.585,vs. RHP
425,Joshua Kuroda-Grauer,811965,36.0,39.0,145,71,30,16,44,29,26,72.0,0.49,0.207,0.11,0.303,0.2,0.179,0.497,3.718,vs. RHP
426,Josue De Paula,800543,21.0,29.0,116,47,16,11,53,20,16,43.0,0.405,0.138,0.095,0.457,0.172,0.138,0.371,4.0,vs. RHP
427,Juan Brito,682877,61.0,67.0,284,141,47,36,96,45,59,143.0,0.496,0.165,0.127,0.338,0.158,0.208,0.504,4.239,vs. RHP
428,Juan Soto,665742,619.0,755.0,3245,1265,504,225,1476,639,394,1129.0,0.39,0.155,0.069,0.455,0.197,0.121,0.348,4.298,vs. RHP
429,Julio Rodriguez,677594,889.0,967.0,3450,1631,695,504,1124,463,663,1862.0,0.473,0.201,0.146,0.326,0.134,0.192,0.54,3.568,vs. RHP
430,Jung Hoo Lee,808982,770.0,847.0,3212,1344,700,174,1168,582,586,1460.0,0.418,0.218,0.054,0.364,0.181,0.182,0.455,3.792,vs. RHP
431,Junior Caminero,691406,883.0,961.0,3713,1656,695,440,1362,577,639,1774.0,0.446,0.187,0.119,0.367,0.155,0.172,0.478,3.864,vs. RHP
432,Junior Perez,678577,8.0,9.0,35,17,4,7,14,4,6,17.0,0.486,0.114,0.2,0.4,0.114,0.171,0.486,3.889,vs. RHP
433,Jurickson Profar,595777,222.0,262.0,1141,506,182,87,453,180,238,508.0,0.443,0.16,0.076,0.397,0.158,0.209,0.445,4.355,vs. RHP
434,Justin Crawford,702222,362.0,396.0,1423,674,303,137,446,212,321,765.0,0.474,0.213,0.096,0.313,0.149,0.226,0.538,3.593,vs. RHP
435,Justin Dean,681909,9.0,11.0,44,23,5,8,16,5,10,23.0,0.523,0.114,0.182,0.364,0.114,0.227,0.523,4.0,vs. RHP
436,Justin Foscue,679822,80.0,85.0,332,173,58,35,101,76,62,155.0,0.521,0.175,0.105,0.304,0.229,0.187,0.467,3.906,vs. RHP
437,Justin Turner,457759,71.0,82.0,335,151,56,29,128,46,76,161.0,0.451,0.167,0.087,0.382,0.137,0.227,0.481,4.085,vs. RHP
438,Justyn-Henry Malloy,669234,48.0,57.0,238,113,33,32,92,43,38,103.0,0.475,0.139,0.134,0.387,0.181,0.16,0.433,4.175,vs. RHP
439,Kaelen Culpepper,701785,70.0,77.0,286,148,56,36,82,52,60,152.0,0.517,0.196,0.126,0.287,0.182,0.21,0.531,3.714,vs. RHP
440,Kahlil Watson,696135,71.0,74.0,283,146,44,54,93,36,56,154.0,0.516,0.155,0.191,0.329,0.127,0.198,0.544,3.824,vs. RHP
441,Kameron Misner,670224,186.0,206.0,885,434,125,141,326,132,158,427.0,0.49,0.141,0.159,0.368,0.149,0.179,0.482,4.296,vs. RHP
442,Kazuma Okamoto,672960,419.0,467.0,1969,981,282,318,706,328,333,933.0,0.498,0.143,0.162,0.359,0.167,0.169,0.474,4.216,vs. RHP
443,Ke'Bryan Hayes,663647,583.0,630.0,2324,1034,461,223,829,470,335,1025.0,0.445,0.198,0.096,0.357,0.202,0.144,0.441,3.689,vs. RHP
444,Keibert Ruiz,660688,442.0,468.0,1513,636,403,107,474,219,307,820.0,0.42,0.266,0.071,0.313,0.145,0.203,0.542,3.233,vs. RHP
445,Kenedy Corona,685744,2.0,3.0,17,9,1,1,7,3,5,7.0,0.529,0.059,0.059,0.412,0.176,0.294,0.412,5.667,vs. RHP
446,Kenny Piper,700652,6.0,7.0,24,11,5,3,8,2,6,14.0,0.458,0.208,0.125,0.333,0.083,0.25,0.583,3.429,vs. RHP
447,Kerry Carpenter,681481,581.0,633.0,2398,1143,426,345,829,307,490,1262.0,0.477,0.178,0.144,0.346,0.128,0.204,0.526,3.788,vs. RHP
448,Keston Hiura,669374,14.0,17.0,59,32,9,10,18,8,14,33.0,0.542,0.153,0.169,0.305,0.136,0.237,0.559,3.471,vs. RHP
449,Ketel Marte,606466,739.0,833.0,3222,1366,618,311,1238,520,535,1464.0,0.424,0.192,0.097,0.384,0.161,0.166,0.454,3.868,vs. RHP
450,Kevin Alcantara,682634,14.0,14.0,60,35,7,14,18,12,9,30.0,0.583,0.117,0.233,0.3,0.2,0.15,0.5,4.286,vs. RHP
451,Kevin McGonigle,805808,420.0,496.0,2021,818,363,124,840,322,372,859.0,0.405,0.18,0.061,0.416,0.159,0.184,0.425,4.075,vs. RHP
452,Kevin Newman,621028,78.0,78.0,268,121,64,26,83,37,54,148.0,0.451,0.239,0.097,0.31,0.138,0.201,0.552,3.436,vs. RHP
453,Kevin Pillar,607680,8.0,8.0,37,18,7,6,12,4,7,21.0,0.486,0.189,0.162,0.324,0.108,0.189,0.568,4.625,vs. RHP
454,Kody Clemens,665019,651.0,715.0,2815,1334,495,342,986,426,564,1403.0,0.474,0.176,0.121,0.35,0.151,0.2,0.498,3.937,vs. RHP
455,Konnor Griffin,804606,225.0,244.0,924,457,165,145,302,136,173,486.0,0.495,0.179,0.157,0.327,0.147,0.187,0.526,3.787,vs. RHP
456,Korey Lee,686676,22.0,26.0,101,42,19,14,40,16,12,45.0,0.416,0.188,0.139,0.396,0.158,0.119,0.446,3.885,vs. RHP
457,Kris Bryant,592178,27.0,28.0,118,59,18,21,41,18,20,59.0,0.5,0.153,0.178,0.347,0.153,0.169,0.5,4.214,vs. RHP
458,Kristian Campbell,692225,171.0,189.0,764,366,114,95,284,168,104,312.0,0.479,0.149,0.124,0.372,0.22,0.136,0.408,4.042,vs. RHP
459,Kyle Farmer,571657,171.0,183.0,671,335,132,69,204,133,133,334.0,0.499,0.197,0.103,0.304,0.198,0.198,0.498,3.667,vs. RHP
460,Kyle Higashioka,543309,317.0,348.0,1389,657,234,148,498,286,219,605.0,0.473,0.168,0.107,0.359,0.206,0.158,0.436,3.991,vs. RHP
461,Kyle Isbel,664728,523.0,576.0,2058,935,433,168,690,389,355,979.0,0.454,0.21,0.082,0.335,0.189,0.172,0.476,3.573,vs. RHP
462,Kyle Karros,691720,373.0,434.0,1725,760,278,182,687,299,277,739.0,0.441,0.161,0.106,0.398,0.173,0.161,0.428,3.975,vs. RHP
463,Kyle Manzardo,700932,636.0,717.0,2871,1409,437,382,1025,480,547,1366.0,0.491,0.152,0.133,0.357,0.167,0.191,0.476,4.004,vs. RHP
464,Kyle Schwarber,656941,732.0,873.0,3765,1709,469,550,1587,559,599,1618.0,0.454,0.125,0.146,0.422,0.148,0.159,0.43,4.313,vs. RHP
465,Kyle Stowers,669065,657.0,747.0,2861,1357,431,544,1073,259,552,1529.0,0.474,0.151,0.19,0.375,0.091,0.193,0.534,3.83,vs. RHP
466,Kyle Teel,691019,296.0,350.0,1444,680,205,198,559,229,251,656.0,0.471,0.142,0.137,0.387,0.159,0.174,0.454,4.126,vs. RHP
467,Kyle Tucker,663656,703.0,828.0,3271,1354,581,329,1336,412,611,1523.0,0.414,0.178,0.101,0.408,0.126,0.187,0.466,3.95,vs. RHP
468,Kyler Fedko,693459,7.0,8.0,27,13,6,6,8,3,3,16.0,0.481,0.222,0.222,0.296,0.111,0.111,0.593,3.375,vs. RHP
469,Kyren Paris,677347,110.0,122.0,492,262,56,114,174,77,68,241.0,0.533,0.114,0.232,0.354,0.157,0.138,0.49,4.033,vs. RHP
470,LaMonte Wade Jr.,664774,298.0,342.0,1521,710,216,146,595,313,248,613.0,0.467,0.142,0.096,0.391,0.206,0.163,0.403,4.447,vs. RHP
471,Lane Thomas,657041,270.0,304.0,1223,579,186,126,458,250,203,515.0,0.473,0.152,0.103,0.374,0.204,0.166,0.421,4.023,vs. RHP
472,Lars Nootbaar,663457,590.0,676.0,2823,1242,467,213,1114,601,423,1108.0,0.44,0.165,0.075,0.395,0.213,0.15,0.392,4.176,vs. RHP
473,Lawrence Butler,671732,788.0,891.0,3648,1641,564,523,1443,474,642,1731.0,0.45,0.155,0.143,0.396,0.13,0.176,0.475,4.094,vs. RHP
474,Lazaro Montes,703155,37.0,43.0,203,105,18,44,80,27,34,96.0,0.517,0.089,0.217,0.394,0.133,0.167,0.473,4.721,vs. RHP
475,Lenyn Sosa,672820,454.0,476.0,1770,895,349,205,526,340,348,904.0,0.506,0.197,0.116,0.297,0.192,0.197,0.511,3.718,vs. RHP
476,Leo Jimenez,677870,91.0,109.0,427,191,74,41,162,82,65,183.0,0.447,0.173,0.096,0.379,0.192,0.152,0.429,3.917,vs. RHP
477,Leo Rivas,660844,136.0,168.0,763,356,91,67,316,167,115,280.0,0.467,0.119,0.088,0.414,0.219,0.151,0.367,4.542,vs. RHP
478,Leody Taveras,665750,425.0,468.0,1789,858,324,218,607,282,342,900.0,0.48,0.181,0.122,0.339,0.158,0.191,0.503,3.823,vs. RHP
479,Leonardo Bernal,699024,65.0,69.0,264,121,50,30,93,46,45,125.0,0.458,0.189,0.114,0.352,0.174,0.17,0.473,3.826,vs. RHP
480,Liam Hicks,689414,653.0,754.0,2920,1173,577,147,1170,603,422,1147.0,0.402,0.198,0.05,0.401,0.207,0.145,0.393,3.873,vs. RHP
481,Liover Peguero,678894,52.0,55.0,214,99,38,27,77,47,25,90.0,0.463,0.178,0.126,0.36,0.22,0.117,0.421,3.891,vs. RHP
482,Logan Davidson,669722,35.0,39.0,183,99,16,33,68,31,33,84.0,0.541,0.087,0.18,0.372,0.169,0.18,0.459,4.692,vs. RHP
483,Logan O'Hoppe,681351,519.0,558.0,2123,1040,355,364,728,282,392,1113.0,0.49,0.167,0.171,0.343,0.133,0.185,0.524,3.805,vs. RHP
484,Logan Porter,682515,8.0,10.0,39,16,5,3,18,7,6,14.0,0.41,0.128,0.077,0.462,0.179,0.154,0.359,3.9,vs. RHP
485,Lourdes Gurriel Jr.,666971,494.0,536.0,1963,916,410,217,637,328,370,998.0,0.467,0.209,0.111,0.325,0.167,0.188,0.508,3.662,vs. RHP
486,Lucas Spence,828599,36.0,40.0,168,87,20,34,61,25,28,82.0,0.518,0.119,0.202,0.363,0.149,0.167,0.488,4.2,vs. RHP
487,Luis Arraez,650333,835.0,908.0,3407,1488,830,85,1089,665,730,1652.0,0.437,0.244,0.025,0.32,0.195,0.214,0.485,3.752,vs. RHP
488,Luis Campusano,669134,175.0,202.0,827,389,128,110,310,127,150,390.0,0.47,0.155,0.133,0.375,0.154,0.181,0.472,4.094,vs. RHP
489,Luis Garcia,671277,393.0,418.0,1486,682,331,158,473,219,301,794.0,0.459,0.223,0.106,0.318,0.147,0.203,0.534,3.555,vs. RHP
490,Luis Garcia Jr.,671277,434.0,456.0,1678,748,356,178,574,225,345,879.0,0.446,0.212,0.106,0.342,0.134,0.206,0.524,3.68,vs. RHP
491,Luis Guillorme,641645,17.0,18.0,62,31,11,8,20,13,10,29.0,0.5,0.177,0.129,0.323,0.21,0.161,0.468,3.444,vs. RHP
492,Luis Lara,800325,123.0,140.0,612,274,91,46,247,121,105,243.0,0.448,0.149,0.075,0.404,0.198,0.172,0.397,4.371,vs. RHP
493,Luis Matos,682641,97.0,106.0,402,193,83,37,126,66,90,210.0,0.48,0.206,0.092,0.313,0.164,0.224,0.522,3.792,vs. RHP
494,Luis Rengifo,650859,596.0,660.0,2541,1150,495,259,896,397,490,1248.0,0.453,0.195,0.102,0.353,0.156,0.193,0.491,3.85,vs. RHP
495,Luis Robert,673357,432.0,480.0,1760,843,307,292,610,216,335,934.0,0.479,0.174,0.166,0.347,0.123,0.19,0.531,3.667,vs. RHP
496,Luis Torrens,620443,366.0,401.0,1570,755,289,161,526,285,307,758.0,0.481,0.184,0.103,0.335,0.182,0.196,0.483,3.915,vs. RHP
497,Luis Urias,649966,249.0,286.0,1103,485,211,65,407,229,190,467.0,0.44,0.191,0.059,0.369,0.208,0.172,0.423,3.857,vs. RHP
498,Luis Vazquez,676679,24.0,27.0,100,51,18,17,31,16,17,53.0,0.51,0.18,0.17,0.31,0.16,0.17,0.53,3.704,vs. RHP
499,Luisangel Acuna,682668,221.0,240.0,823,355,178,102,290,117,124,416.0,0.431,0.216,0.124,0.352,0.142,0.151,0.505,3.429,vs. RHP
500,Luke Keaschall,807712,474.0,557.0,2062,833,411,139,818,379,311,865.0,0.404,0.199,0.067,0.397,0.184,0.151,0.419,3.702,vs. RHP
501,Luke Maile,571912,43.0,50.0,187,79,31,19,77,37,23,73.0,0.422,0.166,0.102,0.412,0.198,0.123,0.39,3.74,vs. RHP
502,Luke Raley,670042,388.0,442.0,1723,842,255,375,626,176,287,921.0,0.489,0.148,0.218,0.363,0.102,0.167,0.535,3.898,vs. RHP
503,Luke Williams,663897,22.0,25.0,81,39,17,9,25,17,13,39.0,0.481,0.21,0.111,0.309,0.21,0.16,0.481,3.24,vs. RHP
504,Luken Baker,663609,9.0,9.0,32,17,6,6,9,5,6,18.0,0.531,0.188,0.188,0.281,0.156,0.188,0.562,3.556,vs. RHP
505,MJ Melendez,669004,161.0,184.0,772,382,98,136,292,113,131,367.0,0.495,0.127,0.176,0.378,0.146,0.17,0.475,4.196,vs. RHP
506,Maikel Garcia,672580,714.0,788.0,2934,1204,619,173,1111,644,387,1179.0,0.41,0.211,0.059,0.379,0.219,0.132,0.402,3.723,vs. RHP
507,Manny Machado,592518,898.0,1003.0,3959,1819,703,501,1437,578,739,1944.0,0.459,0.178,0.127,0.363,0.146,0.187,0.491,3.947,vs. RHP
508,Manuel Margot,622534,5.0,5.0,19,11,3,4,5,3,4,11.0,0.579,0.158,0.211,0.263,0.158,0.211,0.579,3.8,vs. RHP
509,Marcell Ozuna,542303,537.0,628.0,2780,1300,378,313,1102,550,437,1128.0,0.468,0.136,0.113,0.396,0.198,0.157,0.406,4.427,vs. RHP
510,Marcelo Mayer,691785,296.0,327.0,1241,566,221,166,454,175,224,612.0,0.456,0.178,0.134,0.366,0.141,0.18,0.493,3.795,vs. RHP
511,Marcus Semien,543760,704.0,782.0,2959,1300,575,328,1084,390,578,1485.0,0.439,0.194,0.111,0.366,0.132,0.195,0.502,3.784,vs. RHP
512,Mark Canha,592192,50.0,56.0,239,110,39,32,90,44,34,105.0,0.46,0.163,0.134,0.377,0.184,0.142,0.439,4.268,vs. RHP
513,Mark Vientos,668901,455.0,497.0,1860,903,331,324,626,263,316,971.0,0.485,0.178,0.174,0.337,0.141,0.17,0.522,3.742,vs. RHP
514,Martin Maldonado,455117,101.0,109.0,372,197,64,66,111,87,38,174.0,0.53,0.172,0.177,0.298,0.234,0.102,0.468,3.413,vs. RHP
515,Masataka Yoshida,807799,393.0,439.0,1581,658,351,107,572,323,228,686.0,0.416,0.222,0.068,0.362,0.204,0.144,0.434,3.601,vs. RHP
516,Mason McCoy,669200,18.0,20.0,77,39,12,13,26,15,11,36.0,0.506,0.156,0.169,0.338,0.195,0.143,0.468,3.85,vs. RHP
517,Masyn Winn,691026,689.0,765.0,3050,1415,539,297,1096,630,481,1324.0,0.464,0.177,0.097,0.359,0.207,0.158,0.434,3.987,vs. RHP
518,Matt Chapman,656305,571.0,663.0,2725,1270,412,293,1043,506,471,1176.0,0.466,0.151,0.108,0.383,0.186,0.173,0.432,4.11,vs. RHP
519,Matt Gorski,685301,18.0,19.0,88,49,11,14,28,20,15,40.0,0.557,0.125,0.159,0.318,0.227,0.17,0.455,4.632,vs. RHP
520,Matt McLain,680574,723.0,813.0,3305,1601,497,425,1207,669,502,1429.0,0.484,0.15,0.129,0.365,0.202,0.152,0.432,4.065,vs. RHP
521,Matt Mervis,670223,111.0,123.0,502,267,66,110,169,58,99,275.0,0.532,0.131,0.219,0.337,0.116,0.197,0.548,4.081,vs. RHP
522,Matt Olson,621566,794.0,917.0,4030,1815,586,445,1629,583,787,1818.0,0.45,0.145,0.11,0.404,0.145,0.195,0.451,4.395,vs. RHP
523,Matt Shaw,807713,383.0,431.0,1691,806,298,181,587,321,295,783.0,0.477,0.176,0.107,0.347,0.19,0.174,0.463,3.923,vs. RHP
524,Matt Thaiss,642136,132.0,162.0,651,297,93,92,261,78,127,312.0,0.456,0.143,0.141,0.401,0.12,0.195,0.479,4.019,vs. RHP
525,Matt Vierling,663837,211.0,229.0,868,421,169,88,278,169,163,421.0,0.485,0.195,0.101,0.32,0.195,0.188,0.485,3.79,vs. RHP
526,Matt Wallner,670242,329.0,383.0,1573,774,201,323,598,185,266,790.0,0.492,0.128,0.205,0.38,0.118,0.169,0.502,4.107,vs. RHP
527,Matthew Lugo,683090,58.0,60.0,201,103,37,43,61,34,26,106.0,0.512,0.184,0.214,0.303,0.169,0.129,0.527,3.35,vs. RHP
528,Mauricio Dubon,643289,632.0,686.0,2438,1094,555,216,789,346,526,1303.0,0.449,0.228,0.089,0.324,0.142,0.216,0.534,3.554,vs. RHP
529,Maverick Handley,668974,38.0,41.0,153,86,24,32,43,24,28,86.0,0.562,0.157,0.209,0.281,0.157,0.183,0.562,3.732,vs. RHP
530,Max Clark,703601,118.0,134.0,498,233,89,40,176,93,100,229.0,0.468,0.179,0.08,0.353,0.187,0.201,0.46,3.716,vs. RHP
531,Max Kepler,596146,468.0,527.0,2069,921,369,243,779,279,398,1011.0,0.445,0.178,0.117,0.377,0.135,0.192,0.489,3.926,vs. RHP
532,Max Muncy,571970,610.0,725.0,3066,1356,451,345,1259,487,524,1320.0,0.442,0.147,0.113,0.411,0.159,0.171,0.431,4.229,vs. RHP
533,Max Schuemann,680474,161.0,190.0,762,333,124,84,305,134,110,323.0,0.437,0.163,0.11,0.4,0.176,0.144,0.424,4.011,vs. RHP
534,Maximo Acosta,691185,37.0,41.0,157,66,27,16,64,29,21,64.0,0.42,0.172,0.102,0.408,0.185,0.134,0.408,3.829,vs. RHP
535,Maxwell Muncy,691777,331.0,355.0,1329,673,222,215,434,223,235,672.0,0.506,0.167,0.162,0.327,0.168,0.177,0.506,3.744,vs. RHP
536,Michael A. Taylor,572191,164.0,186.0,729,368,107,129,254,122,102,353.0,0.505,0.147,0.177,0.348,0.167,0.14,0.484,3.919,vs. RHP
537,Michael Arroyo,703197,17.0,19.0,50,19,15,6,16,3,10,31.0,0.38,0.3,0.12,0.32,0.06,0.2,0.62,2.632,vs. RHP
538,Michael Busch,683737,862.0,996.0,3992,1805,632,473,1555,618,709,1818.0,0.452,0.158,0.118,0.39,0.155,0.178,0.455,4.008,vs. RHP
539,Michael Conforto,624424,611.0,705.0,2953,1382,439,335,1132,499,548,1322.0,0.468,0.149,0.113,0.383,0.169,0.186,0.448,4.189,vs. RHP
540,Michael Harris II,671739,820.0,852.0,2996,1442,662,412,892,376,646,1728.0,0.481,0.221,0.138,0.298,0.126,0.216,0.577,3.516,vs. RHP
541,Michael Helman,680737,68.0,79.0,285,135,59,26,91,42,63,152.0,0.474,0.207,0.091,0.319,0.147,0.221,0.533,3.608,vs. RHP
542,Michael Massey,686681,543.0,579.0,2125,988,466,203,671,315,463,1139.0,0.465,0.219,0.096,0.316,0.148,0.218,0.536,3.67,vs. RHP
543,Michael Stefanic,683021,24.0,26.0,101,40,22,5,39,19,16,43.0,0.396,0.218,0.05,0.386,0.188,0.158,0.426,3.885,vs. RHP
544,Michael Toglia,669911,237.0,261.0,1050,550,124,207,376,163,179,511.0,0.524,0.118,0.197,0.358,0.155,0.17,0.487,4.023,vs. RHP
545,Mickey Gasper,681508,231.0,270.0,1033,415,190,69,428,199,145,406.0,0.402,0.184,0.067,0.414,0.193,0.14,0.393,3.826,vs. RHP
546,Mickey Moniak,666160,699.0,745.0,2581,1267,526,440,788,265,557,1528.0,0.491,0.204,0.17,0.305,0.103,0.216,0.592,3.464,vs. RHP
547,Miguel Amaya,665804,226.0,257.0,1032,498,161,134,373,159,200,500.0,0.483,0.156,0.13,0.361,0.154,0.194,0.484,4.016,vs. RHP
548,Miguel Andujar,609280,395.0,420.0,1509,676,337,152,496,219,305,794.0,0.448,0.223,0.101,0.329,0.145,0.202,0.526,3.593,vs. RHP
549,Miguel Rojas,500743,244.0,269.0,925,398,216,89,311,166,127,447.0,0.43,0.234,0.096,0.336,0.179,0.137,0.483,3.439,vs. RHP
550,Miguel Vargas,678246,784.0,910.0,3659,1584,627,356,1448,562,663,1649.0,0.433,0.171,0.097,0.396,0.154,0.181,0.451,4.021,vs. RHP
551,Mike Siani,672279,15.0,17.0,66,32,9,9,25,11,11,30.0,0.485,0.136,0.136,0.379,0.167,0.167,0.455,3.882,vs. RHP
552,Mike Tauchman,643565,276.0,314.0,1308,613,209,131,486,217,263,605.0,0.469,0.16,0.1,0.372,0.166,0.201,0.463,4.166,vs. RHP
553,Mike Trout,545361,733.0,891.0,3993,1838,477,441,1678,751,646,1564.0,0.46,0.119,0.11,0.42,0.188,0.162,0.392,4.481,vs. RHP
554,Mike Yastrzemski,573262,704.0,813.0,3452,1543,542,291,1367,648,603,1437.0,0.447,0.157,0.084,0.396,0.188,0.175,0.416,4.246,vs. RHP
555,Miles Mastrobuoni,670156,160.0,184.0,699,299,131,46,269,153,99,277.0,0.428,0.187,0.066,0.385,0.219,0.142,0.396,3.799,vs. RHP
556,Miles Mikolas,571945,0.0,1.0,3,1,1,0,1,0,0,2.0,0.333,0.333,0.0,0.333,0.0,0.0,0.667,3.0,vs. RHP
557,Mitch Garver,641598,193.0,219.0,868,413,118,136,337,174,103,357.0,0.476,0.136,0.157,0.388,0.2,0.119,0.411,3.963,vs. RHP
558,Moises Ballesteros,694208,313.0,348.0,1330,605,237,193,488,174,237,668.0,0.455,0.178,0.145,0.367,0.131,0.178,0.502,3.822,vs. RHP
559,Mookie Betts,605141,749.0,833.0,3071,1255,662,193,1154,640,422,1277.0,0.409,0.216,0.063,0.376,0.208,0.137,0.416,3.687,vs. RHP
560,Munetaka Murakami,808959,320.0,376.0,1682,784,184,291,714,289,203,678.0,0.466,0.109,0.173,0.424,0.172,0.121,0.403,4.473,vs. RHP
561,Myles Straw,664702,273.0,308.0,1100,473,247,64,380,245,159,475.0,0.43,0.225,0.058,0.345,0.223,0.145,0.432,3.571,vs. RHP
562,Nacho Alvarez,805373,141.0,153.0,586,284,107,62,195,134,87,257.0,0.485,0.183,0.106,0.333,0.229,0.148,0.439,3.83,vs. RHP
563,Nasim Nunez,683083,352.0,398.0,1633,784,274,181,575,283,308,775.0,0.48,0.168,0.111,0.352,0.173,0.189,0.475,4.103,vs. RHP
564,Nate Eaton,681987,59.0,65.0,250,119,47,28,84,48,41,118.0,0.476,0.188,0.112,0.336,0.192,0.164,0.472,3.846,vs. RHP
565,Nate Furman,801501,32.0,38.0,146,66,23,13,57,23,30,66.0,0.452,0.158,0.089,0.39,0.158,0.205,0.452,3.842,vs. RHP
566,Nathan Church,701675,379.0,413.0,1591,784,306,197,501,195,383,895.0,0.493,0.192,0.124,0.315,0.123,0.241,0.563,3.852,vs. RHP
567,Nathan Lukes,664770,680.0,747.0,2916,1330,596,214,990,459,656,1467.0,0.456,0.204,0.073,0.34,0.157,0.225,0.503,3.904,vs. RHP
568,Nathaniel Lowe,663993,720.0,814.0,3473,1635,534,362,1304,602,671,1567.0,0.471,0.154,0.104,0.375,0.173,0.193,0.451,4.267,vs. RHP
569,Nelson Velazquez,676369,29.0,32.0,138,67,18,23,53,21,22,63.0,0.486,0.13,0.167,0.384,0.152,0.159,0.457,4.312,vs. RHP
570,Nick Ahmed,605113,2.0,3.0,9,4,1,1,4,2,1,3.0,0.444,0.111,0.111,0.444,0.222,0.111,0.333,3.0,vs. RHP
571,Nick Allen,669397,378.0,421.0,1557,736,287,178,534,283,259,740.0,0.473,0.184,0.114,0.343,0.182,0.166,0.475,3.698,vs. RHP
572,Nick Castellanos,592206,456.0,489.0,1812,863,353,321,596,172,370,1044.0,0.476,0.195,0.177,0.329,0.095,0.204,0.576,3.706,vs. RHP
573,Nick Fortes,663743,260.0,281.0,980,445,216,95,319,175,167,486.0,0.454,0.22,0.097,0.326,0.179,0.17,0.496,3.488,vs. RHP
574,Nick Gonzales,693304,662.0,718.0,2542,1138,542,328,862,301,506,1379.0,0.448,0.213,0.129,0.339,0.118,0.199,0.542,3.54,vs. RHP
575,Nick Kurtz,701762,499.0,602.0,2571,1153,321,384,1097,388,381,1086.0,0.448,0.125,0.149,0.427,0.151,0.148,0.422,4.271,vs. RHP
576,Nick Loftin,679845,335.0,378.0,1383,581,280,100,522,276,198,584.0,0.42,0.202,0.072,0.377,0.2,0.143,0.422,3.659,vs. RHP
577,Nick Madrigal,663611,35.0,41.0,155,73,33,9,49,27,36,79.0,0.471,0.213,0.058,0.316,0.174,0.232,0.51,3.78,vs. RHP
578,Nick Martini,605361,98.0,105.0,409,179,80,35,150,77,67,182.0,0.438,0.196,0.086,0.367,0.188,0.164,0.445,3.895,vs. RHP
579,Nick Maton,665155,54.0,62.0,245,111,35,47,99,30,34,116.0,0.453,0.143,0.192,0.404,0.122,0.139,0.473,3.952,vs. RHP
580,Nick Morabito,703492,27.0,29.0,108,54,17,12,37,25,15,46.0,0.5,0.157,0.111,0.343,0.231,0.139,0.426,3.724,vs. RHP
581,Nick Sogard,686765,231.0,272.0,1108,491,183,87,434,234,168,440.0,0.443,0.165,0.079,0.392,0.211,0.152,0.397,4.074,vs. RHP
582,Nick Solak,669256,5.0,6.0,18,9,5,2,4,6,1,8.0,0.5,0.278,0.111,0.222,0.333,0.056,0.444,3.0,vs. RHP
583,Nick Yorke,694377,94.0,103.0,393,189,74,44,130,63,82,200.0,0.481,0.188,0.112,0.331,0.16,0.209,0.509,3.816,vs. RHP
584,Nicky Lopez,670032,206.0,235.0,859,400,176,82,283,134,175,442.0,0.466,0.205,0.095,0.329,0.156,0.204,0.515,3.655,vs. RHP
585,Nico Hoerner,663538,923.0,1013.0,3687,1602,851,197,1234,717,678,1736.0,0.434,0.231,0.053,0.335,0.194,0.184,0.471,3.64,vs. RHP
586,Niko Kavadas,694359,16.0,19.0,90,45,9,9,36,23,13,31.0,0.5,0.1,0.1,0.4,0.256,0.144,0.344,4.737,vs. RHP
587,Noelvi Marte,682622,383.0,404.0,1420,665,295,203,460,217,244,743.0,0.468,0.208,0.143,0.324,0.153,0.172,0.523,3.515,vs. RHP
588,Nolan Arenado,571448,689.0,761.0,2936,1332,561,302,1043,513,517,1380.0,0.454,0.191,0.103,0.355,0.175,0.176,0.47,3.858,vs. RHP
589,Nolan Gorman,669357,489.0,556.0,2343,1154,301,406,888,333,414,1122.0,0.493,0.128,0.173,0.379,0.142,0.177,0.479,4.214,vs. RHP
590,Nolan Jones,666134,279.0,316.0,1338,643,201,170,494,221,251,623.0,0.481,0.15,0.127,0.369,0.165,0.188,0.466,4.234,vs. RHP
591,Nolan Schanuel,694384,668.0,762.0,2925,1252,580,215,1093,503,531,1329.0,0.428,0.198,0.074,0.374,0.172,0.182,0.454,3.839,vs. RHP
592,Oliver Dunn,686554,38.0,43.0,163,71,28,22,64,31,18,68.0,0.436,0.172,0.135,0.393,0.19,0.11,0.417,3.791,vs. RHP
593,Omar Martinez,683079,3.0,3.0,12,5,2,1,5,2,2,5.0,0.417,0.167,0.083,0.417,0.167,0.167,0.417,4.0,vs. RHP
594,Omar Narvaez,553882,4.0,7.0,31,12,5,3,14,2,7,15.0,0.387,0.161,0.097,0.452,0.065,0.226,0.484,4.429,vs. RHP
595,Oneil Cruz,665833,602.0,693.0,2929,1370,390,414,1169,539,417,1221.0,0.468,0.133,0.141,0.399,0.184,0.142,0.417,4.227,vs. RHP
596,Orlando Arcia,606115,177.0,188.0,680,327,139,83,214,106,138,360.0,0.481,0.204,0.122,0.315,0.156,0.203,0.529,3.617,vs. RHP
597,Oscar Gonzalez,660757,31.0,32.0,98,47,26,14,25,12,21,61.0,0.48,0.265,0.143,0.255,0.122,0.214,0.622,3.062,vs. RHP
598,Osleivis Basabe,678545,77.0,83.0,308,153,62,31,93,75,46,140.0,0.497,0.201,0.101,0.302,0.244,0.149,0.455,3.711,vs. RHP
599,Oswald Peraza,672724,380.0,413.0,1545,795,261,264,489,214,311,842.0,0.515,0.169,0.171,0.317,0.139,0.201,0.545,3.741,vs. RHP
600,Oswaldo Cabrera,665828,101.0,116.0,409,182,79,43,148,65,74,196.0,0.445,0.193,0.105,0.362,0.159,0.181,0.479,3.526,vs. RHP
601,Otto Kemp,805249,137.0,149.0,549,271,96,93,182,76,102,291.0,0.494,0.175,0.169,0.332,0.138,0.186,0.53,3.685,vs. RHP
602,Otto Lopez,672640,834.0,916.0,3285,1430,722,283,1133,640,501,1512.0,0.435,0.22,0.086,0.345,0.195,0.153,0.46,3.586,vs. RHP
603,Owen Caissie,683357,280.0,316.0,1289,642,172,222,475,190,229,623.0,0.498,0.133,0.172,0.369,0.147,0.178,0.483,4.079,vs. RHP
604,Owen Miller,680911,8.0,9.0,31,16,6,2,9,6,8,16.0,0.516,0.194,0.065,0.29,0.194,0.258,0.516,3.444,vs. RHP
605,Ozzie Albies,645277,794.0,898.0,3503,1579,649,413,1275,394,769,1834.0,0.451,0.185,0.118,0.364,0.112,0.22,0.524,3.901,vs. RHP
606,P.J. Higgins,664731,23.0,28.0,110,50,19,10,41,26,14,43.0,0.455,0.173,0.091,0.373,0.236,0.127,0.391,3.929,vs. RHP
607,Pablo Reyes,622569,15.0,16.0,56,29,11,8,16,14,7,26.0,0.518,0.196,0.143,0.286,0.25,0.125,0.464,3.5,vs. RHP
608,Parker Meadows,678009,185.0,205.0,839,390,131,102,318,145,143,376.0,0.465,0.156,0.122,0.379,0.173,0.17,0.448,4.093,vs. RHP
609,Patrick Bailey,672275,558.0,616.0,2398,1160,399,311,839,372,463,1187.0,0.484,0.166,0.13,0.35,0.155,0.193,0.495,3.893,vs. RHP
610,Patrick Wisdom,621550,25.0,26.0,98,50,16,21,32,9,20,57.0,0.51,0.163,0.214,0.327,0.092,0.204,0.582,3.769,vs. RHP
611,Paul DeJong,657557,128.0,139.0,541,279,88,94,174,53,132,314.0,0.516,0.163,0.174,0.322,0.098,0.244,0.58,3.892,vs. RHP
612,Paul Goldschmidt,502671,528.0,563.0,2185,1084,398,283,703,364,437,1118.0,0.496,0.182,0.13,0.322,0.167,0.2,0.512,3.881,vs. RHP
613,Pavin Smith,656976,324.0,374.0,1604,767,221,184,616,310,271,678.0,0.478,0.138,0.115,0.384,0.193,0.169,0.423,4.289,vs. RHP
614,Pedro Pages,686780,358.0,389.0,1469,742,268,205,459,260,273,750.0,0.505,0.182,0.14,0.312,0.177,0.186,0.511,3.776,vs. RHP
615,Pedro Ramirez,699393,197.0,215.0,825,388,156,91,281,134,162,410.0,0.47,0.189,0.11,0.341,0.162,0.196,0.497,3.837,vs. RHP
616,Pete Alonso,624413,858.0,989.0,3971,1806,650,459,1515,649,697,1806.0,0.455,0.164,0.116,0.382,0.163,0.176,0.455,4.015,vs. RHP
617,Pete Crow-Armstrong,691718,846.0,946.0,3599,1721,637,539,1241,380,797,1978.0,0.478,0.177,0.15,0.345,0.106,0.221,0.55,3.804,vs. RHP
618,Petey Halpin,690984,139.0,153.0,521,241,115,72,165,46,121,310.0,0.463,0.221,0.138,0.317,0.088,0.232,0.595,3.405,vs. RHP
619,Rafael Devers,646240,748.0,883.0,3780,1709,529,521,1542,527,660,1710.0,0.452,0.14,0.138,0.408,0.139,0.175,0.452,4.281,vs. RHP
620,Rafael Flores,804668,82.0,89.0,356,179,57,55,120,69,54,166.0,0.503,0.16,0.154,0.337,0.194,0.152,0.466,4.0,vs. RHP
621,Rafael Marchan,665561,137.0,148.0,583,265,115,59,203,94,109,286.0,0.455,0.197,0.101,0.348,0.161,0.187,0.491,3.939,vs. RHP
622,Ramon Laureano,657656,431.0,480.0,1971,970,297,283,704,300,385,967.0,0.492,0.151,0.144,0.357,0.152,0.195,0.491,4.106,vs. RHP
623,Ramon Urias,602104,296.0,332.0,1240,561,240,153,439,194,213,607.0,0.452,0.194,0.123,0.354,0.156,0.172,0.49,3.735,vs. RHP
624,Randal Grichuk,545341,200.0,212.0,766,342,165,88,259,133,121,374.0,0.446,0.215,0.115,0.338,0.174,0.158,0.488,3.613,vs. RHP
625,Randy Arozarena,668227,828.0,976.0,4044,1944,586,525,1514,752,666,1778.0,0.481,0.145,0.13,0.374,0.186,0.165,0.44,4.143,vs. RHP
626,Randy Vasquez,681190,1.0,1.0,1,0,1,0,0,0,0,1.0,0.0,1.0,0.0,0.0,0.0,0.0,1.0,1.0,vs. RHP
627,Raynel Delgado,669384,30.0,31.0,101,39,25,12,37,12,14,52.0,0.386,0.248,0.119,0.366,0.119,0.139,0.515,3.258,vs. RHP
628,Rece Hinds,677956,60.0,63.0,221,106,38,55,77,23,28,121.0,0.48,0.172,0.249,0.348,0.104,0.127,0.548,3.508,vs. RHP
629,Reese McGuire,624512,143.0,153.0,543,260,118,67,165,79,109,299.0,0.479,0.217,0.123,0.304,0.145,0.201,0.551,3.549,vs. RHP
630,Rhylan Thomas,689041,8.0,9.0,33,13,8,1,12,2,10,19.0,0.394,0.242,0.03,0.364,0.061,0.303,0.576,3.667,vs. RHP
631,Rhys Hoskins,656555,354.0,417.0,1744,793,236,216,715,329,248,700.0,0.455,0.135,0.124,0.41,0.189,0.142,0.401,4.182,vs. RHP
632,Richie Palacios,680700,312.0,361.0,1410,629,253,137,528,236,251,646.0,0.446,0.179,0.097,0.374,0.167,0.178,0.458,3.906,vs. RHP
633,Rikuu Nishida,807747,25.0,26.0,87,40,22,7,25,21,11,41.0,0.46,0.253,0.08,0.287,0.241,0.126,0.471,3.346,vs. RHP
634,Riley Adams,656180,176.0,189.0,770,400,105,130,265,125,145,380.0,0.519,0.136,0.169,0.344,0.162,0.188,0.494,4.074,vs. RHP
635,Riley Greene,682985,773.0,855.0,3536,1661,533,553,1342,417,691,1777.0,0.47,0.151,0.156,0.38,0.118,0.195,0.503,4.136,vs. RHP
636,Rob Refsnyder,608701,85.0,92.0,375,174,58,53,143,61,60,171.0,0.464,0.155,0.141,0.381,0.163,0.16,0.456,4.076,vs. RHP
637,Robert Hassell III,690987,162.0,168.0,627,306,113,95,208,82,124,337.0,0.488,0.18,0.152,0.332,0.131,0.198,0.537,3.732,vs. RHP
638,Rodolfo Duran,660710,67.0,72.0,273,133,49,31,91,52,48,130.0,0.487,0.179,0.114,0.333,0.19,0.176,0.476,3.792,vs. RHP
639,Roman Anthony,701350,302.0,363.0,1503,664,210,167,629,297,200,577.0,0.442,0.14,0.111,0.418,0.198,0.133,0.384,4.14,vs. RHP
640,Romy Gonzalez,663853,215.0,231.0,841,417,161,138,263,114,164,464.0,0.496,0.191,0.164,0.313,0.136,0.195,0.552,3.641,vs. RHP
641,Ronald Acuna Jr.,660670,523.0,607.0,2428,1077,392,349,959,283,445,1186.0,0.444,0.161,0.144,0.395,0.117,0.183,0.488,4.0,vs. RHP
642,Ronny Mauricio,677595,175.0,190.0,698,355,121,124,222,88,143,388.0,0.509,0.173,0.178,0.318,0.126,0.205,0.556,3.674,vs. RHP
643,Ronny Simon,682927,104.0,116.0,457,211,86,37,160,80,92,217.0,0.462,0.188,0.081,0.35,0.175,0.201,0.475,3.94,vs. RHP
644,Rowdy Tellez,642133,277.0,297.0,1221,573,204,144,444,232,197,545.0,0.469,0.167,0.118,0.364,0.19,0.161,0.446,4.111,vs. RHP
645,Royce Lewis,668904,595.0,647.0,2491,1209,445,399,837,380,425,1274.0,0.485,0.179,0.16,0.336,0.153,0.171,0.511,3.85,vs. RHP
646,Rudy Martin,657675,1.0,2.0,7,2,1,0,4,2,0,1.0,0.286,0.143,0.0,0.571,0.286,0.0,0.143,3.5,vs. RHP
647,Ryan Bliss,669208,26.0,31.0,119,48,20,20,51,15,12,53.0,0.403,0.168,0.168,0.429,0.126,0.101,0.445,3.839,vs. RHP
648,Ryan Fitzgerald,680837,28.0,33.0,119,51,22,19,46,17,15,56.0,0.429,0.185,0.16,0.387,0.143,0.126,0.471,3.606,vs. RHP
649,Ryan Jeffers,680777,495.0,546.0,2202,1002,385,176,815,474,352,913.0,0.455,0.175,0.08,0.37,0.215,0.16,0.415,4.033,vs. RHP
650,Ryan Kreidler,668952,171.0,182.0,700,349,116,128,235,92,125,373.0,0.499,0.166,0.183,0.336,0.131,0.179,0.533,3.846,vs. RHP
651,Ryan McMahon,641857,666.0,751.0,3201,1543,435,484,1223,515,541,1463.0,0.482,0.136,0.151,0.382,0.161,0.169,0.457,4.262,vs. RHP
652,Ryan Mountcastle,663624,258.0,278.0,1046,540,187,185,319,126,229,601.0,0.516,0.179,0.177,0.305,0.12,0.219,0.575,3.763,vs. RHP
653,Ryan Noda,676116,44.0,53.0,232,112,23,40,97,40,32,95.0,0.483,0.099,0.172,0.418,0.172,0.138,0.409,4.377,vs. RHP
654,Ryan O'Hearn,656811,652.0,738.0,2934,1297,512,313,1125,427,556,1382.0,0.442,0.175,0.107,0.383,0.146,0.19,0.471,3.976,vs. RHP
655,Ryan Ritter,690022,158.0,174.0,649,333,106,122,210,99,106,340.0,0.513,0.163,0.188,0.324,0.153,0.163,0.524,3.73,vs. RHP
656,Ryan Vilade,668723,96.0,110.0,434,207,71,48,156,84,75,194.0,0.477,0.164,0.111,0.359,0.194,0.173,0.447,3.945,vs. RHP
657,Ryan Waldschmidt,814439,177.0,198.0,765,379,116,115,270,154,108,341.0,0.495,0.152,0.15,0.353,0.201,0.141,0.446,3.864,vs. RHP
658,Ryan Ward,669899,52.0,57.0,241,119,37,33,85,30,56,126.0,0.494,0.154,0.137,0.353,0.124,0.232,0.523,4.228,vs. RHP
659,Ryne Nelson,669194,1.0,1.0,4,1,1,0,2,1,0,1.0,0.25,0.25,0.0,0.5,0.25,0.0,0.25,4.0,vs. RHP
660,Sal Frelick,686217,621.0,703.0,2784,1220,545,137,1019,555,522,1210.0,0.438,0.196,0.049,0.366,0.199,0.188,0.435,3.96,vs. RHP
661,Sal Stewart,701398,508.0,564.0,2179,1027,393,295,759,322,410,1098.0,0.471,0.18,0.135,0.348,0.148,0.188,0.504,3.863,vs. RHP
662,Salvador Perez,521692,879.0,946.0,3472,1626,702,518,1144,406,702,1922.0,0.468,0.202,0.149,0.329,0.117,0.202,0.554,3.67,vs. RHP
663,Sam Antonacci,803011,382.0,442.0,1710,714,328,104,668,305,304,737.0,0.418,0.192,0.061,0.391,0.178,0.178,0.431,3.869,vs. RHP
664,Sam Haggerty,664059,88.0,99.0,349,156,67,53,126,47,54,176.0,0.447,0.192,0.152,0.361,0.135,0.155,0.504,3.525,vs. RHP
665,Sam Hilliard,656541,48.0,57.0,260,127,27,44,106,40,43,114.0,0.488,0.104,0.169,0.408,0.154,0.165,0.438,4.561,vs. RHP
666,Sam Huff,669087,57.0,62.0,236,129,29,52,78,34,42,124.0,0.547,0.123,0.22,0.331,0.144,0.178,0.525,3.806,vs. RHP
667,Samad Taylor,669392,106.0,125.0,484,228,79,58,177,96,65,211.0,0.471,0.163,0.12,0.366,0.198,0.134,0.436,3.872,vs. RHP
668,Samuel Basallo,694212,355.0,391.0,1453,691,264,224,498,175,292,780.0,0.476,0.182,0.154,0.343,0.12,0.201,0.537,3.716,vs. RHP
669,Sandy Leon,506702,32.0,32.0,130,74,19,17,37,25,30,68.0,0.569,0.146,0.131,0.285,0.192,0.231,0.523,4.062,vs. RHP
670,Santiago Espinal,669289,207.0,226.0,849,378,182,65,289,153,158,407.0,0.445,0.214,0.077,0.34,0.18,0.186,0.479,3.757,vs. RHP
671,Scott Bandura,814154,15.0,16.0,72,43,5,14,24,14,15,34.0,0.597,0.069,0.194,0.333,0.194,0.208,0.472,4.5,vs. RHP
672,Scott Kingery,664068,17.0,19.0,67,36,10,14,21,10,12,36.0,0.537,0.149,0.209,0.313,0.149,0.179,0.537,3.526,vs. RHP
673,Sean Bouchard,656248,19.0,22.0,87,48,8,17,31,15,15,41.0,0.552,0.092,0.195,0.356,0.172,0.172,0.471,3.955,vs. RHP
674,Sean Keys,815873,58.0,62.0,261,134,39,41,88,37,56,136.0,0.513,0.149,0.157,0.337,0.142,0.215,0.521,4.21,vs. RHP
675,Sean Murphy,669221,270.0,304.0,1142,566,182,169,394,202,195,546.0,0.496,0.159,0.148,0.345,0.177,0.171,0.478,3.757,vs. RHP
676,Sebastian Rivero,665861,70.0,72.0,284,156,51,51,77,35,70,172.0,0.549,0.18,0.18,0.271,0.123,0.246,0.606,3.944,vs. RHP
677,Seiya Suzuki,673548,828.0,932.0,3937,1825,589,415,1523,794,616,1620.0,0.464,0.15,0.105,0.387,0.202,0.156,0.411,4.224,vs. RHP
678,Sergio Alcantara,642727,2.0,2.0,7,6,0,1,1,3,2,3.0,0.857,0.0,0.143,0.143,0.429,0.286,0.429,3.5,vs. RHP
679,Seth Brown,664913,59.0,70.0,266,126,40,37,100,38,51,128.0,0.474,0.15,0.139,0.376,0.143,0.192,0.481,3.8,vs. RHP
680,Shawn Ross,676566,5.0,5.0,21,10,3,5,8,3,2,10.0,0.476,0.143,0.238,0.381,0.143,0.095,0.476,4.2,vs. RHP
681,Shay Whitcomb,694376,92.0,98.0,393,200,64,61,129,65,74,199.0,0.509,0.163,0.155,0.328,0.165,0.188,0.506,4.01,vs. RHP
682,Shea Langeliers,669127,662.0,728.0,2754,1255,510,389,989,370,496,1395.0,0.456,0.185,0.141,0.359,0.134,0.18,0.507,3.783,vs. RHP
683,Shohei Ohtani,660271,731.0,863.0,3627,1614,515,529,1498,509,574,1620.0,0.445,0.142,0.146,0.413,0.14,0.158,0.447,4.203,vs. RHP
684,Spencer Horwitz,687462,627.0,716.0,2908,1270,516,198,1122,527,544,1259.0,0.437,0.177,0.068,0.386,0.181,0.187,0.433,4.061,vs. RHP
685,Spencer Jones,682987,207.0,229.0,1012,509,121,219,382,95,195,535.0,0.503,0.12,0.216,0.377,0.094,0.193,0.529,4.419,vs. RHP
686,Spencer Steer,668715,652.0,726.0,2927,1380,486,342,1061,514,520,1352.0,0.471,0.166,0.117,0.362,0.176,0.178,0.462,4.032,vs. RHP
687,Spencer Torkelson,679529,775.0,890.0,3652,1716,514,489,1422,628,599,1602.0,0.47,0.141,0.134,0.389,0.172,0.164,0.439,4.103,vs. RHP
688,Starling Marte,516782,200.0,224.0,842,414,155,114,273,141,156,428.0,0.492,0.184,0.135,0.324,0.167,0.185,0.508,3.759,vs. RHP
689,Sterlin Thompson,694514,55.0,62.0,249,111,39,38,99,30,43,120.0,0.446,0.157,0.153,0.398,0.12,0.173,0.482,4.016,vs. RHP
690,Steven Kwan,680757,791.0,900.0,3717,1582,726,116,1409,870,588,1438.0,0.426,0.195,0.031,0.379,0.234,0.158,0.387,4.13,vs. RHP
691,Steward Berroa,672642,4.0,4.0,14,7,3,1,4,2,3,8.0,0.5,0.214,0.071,0.286,0.143,0.214,0.571,3.5,vs. RHP
692,Stuart Fairchild,656413,24.0,25.0,84,47,14,22,23,10,13,51.0,0.56,0.167,0.262,0.274,0.119,0.155,0.607,3.36,vs. RHP
693,Sung Mun Song,823550,119.0,137.0,573,261,93,54,219,107,92,246.0,0.455,0.162,0.094,0.382,0.187,0.161,0.429,4.182,vs. RHP
694,T.J. Rumfield,681198,376.0,434.0,1694,717,317,156,660,198,362,835.0,0.423,0.187,0.092,0.39,0.117,0.214,0.493,3.903,vs. RHP
695,TJ Friedl,670770,609.0,721.0,2790,1190,488,224,1112,534,419,1144.0,0.427,0.175,0.08,0.399,0.191,0.15,0.41,3.87,vs. RHP
696,Tanner Murray,695020,6.0,9.0,31,8,8,1,15,4,3,12.0,0.258,0.258,0.032,0.484,0.129,0.097,0.387,3.444,vs. RHP
697,Taylor Trammell,666211,320.0,361.0,1427,685,206,261,536,209,211,682.0,0.48,0.144,0.183,0.376,0.146,0.148,0.478,3.953,vs. RHP
698,Taylor Walls,670764,424.0,495.0,2021,925,318,190,778,371,343,872.0,0.458,0.157,0.094,0.385,0.184,0.17,0.431,4.083,vs. RHP
699,Taylor Ward,621493,816.0,960.0,4028,1800,592,319,1636,967,514,1425.0,0.447,0.147,0.079,0.406,0.24,0.128,0.354,4.196,vs. RHP
700,Teoscar Hernandez,606192,698.0,755.0,2995,1487,493,478,1015,517,492,1463.0,0.496,0.165,0.16,0.339,0.173,0.164,0.488,3.967,vs. RHP
701,Terrin Vavra,679631,1.0,1.0,4,2,1,0,1,0,2,3.0,0.5,0.25,0.0,0.25,0.0,0.5,0.75,4.0,vs. RHP
702,Thairo Estrada,642731,123.0,128.0,429,197,103,56,129,66,74,234.0,0.459,0.24,0.131,0.301,0.154,0.172,0.545,3.352,vs. RHP
703,Thomas Saggese,695336,321.0,348.0,1389,709,235,183,445,240,281,704.0,0.51,0.169,0.132,0.32,0.173,0.202,0.507,3.991,vs. RHP
704,Tim Anderson,641313,66.0,72.0,264,137,43,47,84,34,56,146.0,0.519,0.163,0.178,0.318,0.129,0.212,0.553,3.667,vs. RHP
705,Tim Elko,671284,48.0,52.0,205,107,31,28,67,40,39,98.0,0.522,0.151,0.137,0.327,0.195,0.19,0.478,3.942,vs. RHP
706,Tim Tawa,694374,352.0,399.0,1548,735,264,223,549,238,262,761.0,0.475,0.171,0.144,0.355,0.154,0.169,0.492,3.88,vs. RHP
707,Tirso Ornelas,672359,14.0,16.0,62,29,12,4,21,13,11,28.0,0.468,0.194,0.065,0.339,0.21,0.177,0.452,3.875,vs. RHP
708,Tomas Nido,621512,26.0,27.0,93,46,17,16,30,12,18,51.0,0.495,0.183,0.172,0.323,0.129,0.194,0.548,3.444,vs. RHP
709,Tommy Edman,669242,425.0,473.0,1731,774,355,166,602,307,299,822.0,0.447,0.205,0.096,0.348,0.177,0.173,0.475,3.66,vs. RHP
710,Tommy Pham,502054,295.0,331.0,1254,566,225,131,463,251,184,540.0,0.451,0.179,0.104,0.369,0.2,0.147,0.431,3.789,vs. RHP
711,Tommy Troy,694371,101.0,112.0,446,203,75,52,168,81,62,197.0,0.455,0.168,0.117,0.377,0.182,0.139,0.442,3.982,vs. RHP
712,Tommy White,695720,121.0,125.0,454,212,102,51,140,80,81,234.0,0.467,0.225,0.112,0.308,0.176,0.178,0.515,3.632,vs. RHP
713,Travis Bazzana,683953,303.0,351.0,1397,634,242,151,521,237,243,639.0,0.454,0.173,0.108,0.373,0.17,0.174,0.457,3.98,vs. RHP
714,Travis Jankowski,608671,38.0,43.0,156,78,30,15,48,33,29,75.0,0.5,0.192,0.096,0.308,0.212,0.186,0.481,3.628,vs. RHP
715,Travis d'Arnaud,518595,203.0,222.0,854,437,137,132,280,118,187,456.0,0.512,0.16,0.155,0.328,0.138,0.219,0.534,3.847,vs. RHP
716,Trea Turner,607208,830.0,894.0,3345,1538,652,485,1155,482,571,1708.0,0.46,0.195,0.145,0.345,0.144,0.171,0.511,3.742,vs. RHP
717,Trei Cruz,669360,4.0,4.0,17,9,2,4,6,3,2,8.0,0.529,0.118,0.235,0.353,0.176,0.118,0.471,4.25,vs. RHP
718,Trent Grisham,663757,660.0,774.0,3190,1353,507,252,1330,615,475,1245.0,0.424,0.159,0.079,0.417,0.193,0.149,0.39,4.121,vs. RHP
719,Trenton Brooks,670092,39.0,41.0,159,75,28,21,56,15,39,88.0,0.472,0.176,0.132,0.352,0.094,0.245,0.553,3.878,vs. RHP
720,Trevor Larnach,663616,732.0,824.0,3223,1420,580,392,1223,571,457,1429.0,0.441,0.18,0.122,0.379,0.177,0.142,0.443,3.911,vs. RHP
721,Trevor Story,596115,634.0,673.0,2529,1297,443,415,789,367,515,1373.0,0.513,0.175,0.164,0.312,0.145,0.204,0.543,3.758,vs. RHP
722,Trey Lipscomb,702358,3.0,3.0,13,5,2,2,6,1,1,6.0,0.385,0.154,0.154,0.462,0.077,0.077,0.462,4.333,vs. RHP
723,Trey Mancini,641820,9.0,10.0,37,17,9,2,11,3,12,23.0,0.459,0.243,0.054,0.297,0.081,0.324,0.622,3.7,vs. RHP
724,Trey Sweeney,700242,250.0,276.0,1030,487,175,148,368,143,192,519.0,0.473,0.17,0.144,0.357,0.139,0.186,0.504,3.732,vs. RHP
725,Tristan Gray,656484,211.0,231.0,887,455,151,163,281,111,179,495.0,0.513,0.17,0.184,0.317,0.125,0.202,0.558,3.84,vs. RHP
726,Tristan Peters,671976,391.0,433.0,1558,713,313,195,532,168,336,857.0,0.458,0.201,0.125,0.341,0.108,0.216,0.55,3.598,vs. RHP
727,Tristin English,663536,18.0,19.0,78,44,12,8,22,14,22,42.0,0.564,0.154,0.103,0.282,0.179,0.282,0.538,4.105,vs. RHP
728,Triston Casas,671213,88.0,98.0,398,178,63,61,157,52,65,189.0,0.447,0.158,0.153,0.394,0.131,0.163,0.475,4.061,vs. RHP
729,Troy Johnston,687859,396.0,448.0,1653,757,314,222,582,229,305,842.0,0.458,0.19,0.134,0.352,0.139,0.185,0.509,3.69,vs. RHP
730,Tsung-Che Cheng,691907,40.0,45.0,165,80,29,26,56,25,28,84.0,0.485,0.176,0.158,0.339,0.152,0.17,0.509,3.667,vs. RHP
731,Tucker Barnhart,571466,8.0,10.0,37,17,6,1,14,7,9,16.0,0.459,0.162,0.027,0.378,0.189,0.243,0.432,3.7,vs. RHP
732,Turner Hill,806367,67.0,80.0,317,132,57,18,128,67,46,122.0,0.416,0.18,0.057,0.404,0.211,0.145,0.385,3.962,vs. RHP
733,Ty France,664034,631.0,706.0,2686,1234,505,353,947,306,575,1433.0,0.459,0.188,0.131,0.353,0.114,0.214,0.534,3.805,vs. RHP
734,Tyler Black,672012,34.0,40.0,148,66,26,19,56,21,26,71.0,0.446,0.176,0.128,0.378,0.142,0.176,0.48,3.7,vs. RHP
735,Tyler Callihan,682997,95.0,106.0,424,222,58,79,144,49,92,231.0,0.524,0.137,0.186,0.34,0.116,0.217,0.545,4.0,vs. RHP
736,Tyler Fitzgerald,666149,154.0,168.0,614,318,114,96,182,103,113,329.0,0.518,0.186,0.156,0.296,0.168,0.184,0.536,3.655,vs. RHP
737,Tyler Freeman,671289,428.0,496.0,1820,777,382,106,661,300,353,859.0,0.427,0.21,0.058,0.363,0.165,0.194,0.472,3.669,vs. RHP
738,Tyler Heineman,623168,233.0,269.0,970,468,199,110,303,128,218,539.0,0.482,0.205,0.113,0.312,0.132,0.225,0.556,3.606,vs. RHP
739,Tyler Locklear,682988,95.0,108.0,429,214,63,68,152,61,85,216.0,0.499,0.147,0.159,0.354,0.142,0.198,0.503,3.972,vs. RHP
740,Tyler O'Neill,641933,249.0,287.0,1140,533,179,165,428,177,191,535.0,0.468,0.157,0.145,0.375,0.155,0.168,0.469,3.972,vs. RHP
741,Tyler Soderstrom,691016,687.0,780.0,2929,1231,537,313,1161,405,512,1363.0,0.42,0.183,0.107,0.396,0.138,0.175,0.465,3.755,vs. RHP
742,Tyler Stephenson,663886,553.0,618.0,2450,1191,361,330,898,456,405,1096.0,0.486,0.147,0.135,0.367,0.186,0.165,0.447,3.964,vs. RHP
743,Tyler Tolbert,686475,74.0,83.0,270,122,61,42,87,36,39,147.0,0.452,0.226,0.156,0.322,0.133,0.144,0.544,3.253,vs. RHP
744,Tyler Wade,642180,86.0,102.0,381,172,70,36,139,76,56,166.0,0.451,0.184,0.094,0.365,0.199,0.147,0.436,3.735,vs. RHP
745,Tyrone Taylor,621438,328.0,361.0,1283,595,259,141,429,252,199,602.0,0.464,0.202,0.11,0.334,0.196,0.155,0.469,3.554,vs. RHP
746,Vaughn Grissom,687093,265.0,293.0,1089,522,213,123,354,184,215,551.0,0.479,0.196,0.113,0.325,0.169,0.197,0.506,3.717,vs. RHP
747,Victor Bericoto,682674,46.0,48.0,178,96,33,30,49,24,41,105.0,0.539,0.185,0.169,0.275,0.135,0.23,0.59,3.708,vs. RHP
748,Victor Caratini,605170,510.0,579.0,2179,915,434,181,830,397,337,952.0,0.42,0.199,0.083,0.381,0.182,0.155,0.437,3.763,vs. RHP
749,Victor Mederos,682989,1.0,1.0,3,1,1,0,1,0,1,2.0,0.333,0.333,0.0,0.333,0.0,0.333,0.667,3.0,vs. RHP
750,Victor Mesa Jr.,683748,193.0,218.0,808,380,149,117,279,89,171,440.0,0.47,0.184,0.145,0.345,0.11,0.212,0.545,3.706,vs. RHP
751,Victor Robles,645302,149.0,165.0,547,259,122,74,166,66,111,315.0,0.473,0.223,0.135,0.303,0.121,0.203,0.576,3.315,vs. RHP
752,Victor Scott II,687363,399.0,463.0,1746,781,300,218,665,229,311,852.0,0.447,0.172,0.125,0.381,0.131,0.178,0.488,3.771,vs. RHP
753,Vidal Brujan,660644,79.0,87.0,306,129,66,36,111,33,58,162.0,0.422,0.216,0.118,0.363,0.108,0.19,0.529,3.517,vs. RHP
754,Vimael Machin,605353,13.0,14.0,50,21,11,9,18,6,6,26.0,0.42,0.22,0.18,0.36,0.12,0.12,0.52,3.571,vs. RHP
755,Vinnie Pasquantino,686469,768.0,856.0,3343,1430,655,244,1258,536,644,1549.0,0.428,0.196,0.073,0.376,0.16,0.193,0.463,3.905,vs. RHP
756,Vinny Capra,681962,44.0,49.0,182,88,35,13,59,50,25,73.0,0.484,0.192,0.071,0.324,0.275,0.137,0.401,3.714,vs. RHP
757,Vladimir Guerrero Jr.,665489,865.0,968.0,3489,1402,740,338,1347,574,490,1568.0,0.402,0.212,0.097,0.386,0.165,0.14,0.449,3.604,vs. RHP
758,Wade Meckler,685133,249.0,279.0,991,412,198,93,381,172,147,438.0,0.416,0.2,0.094,0.384,0.174,0.148,0.442,3.552,vs. RHP
759,Walker Jenkins,805805,62.0,68.0,259,112,50,26,97,36,49,126.0,0.432,0.193,0.1,0.375,0.139,0.189,0.486,3.809,vs. RHP
760,Warming Bernabel,682653,109.0,116.0,423,203,87,57,133,56,90,234.0,0.48,0.206,0.135,0.314,0.132,0.213,0.553,3.647,vs. RHP
761,Wenceel Perez,672761,355.0,396.0,1571,752,272,183,547,263,304,761.0,0.479,0.173,0.116,0.348,0.167,0.194,0.484,3.967,vs. RHP
762,Weston Wilson,642215,95.0,108.0,440,214,66,60,160,77,73,203.0,0.486,0.15,0.136,0.364,0.175,0.166,0.461,4.074,vs. RHP
763,Will Banfield,677943,20.0,21.0,70,40,12,13,18,9,18,43.0,0.571,0.171,0.186,0.257,0.129,0.257,0.614,3.333,vs. RHP
764,Will Benson,666181,308.0,343.0,1319,601,213,230,505,156,215,658.0,0.456,0.161,0.174,0.383,0.118,0.163,0.499,3.845,vs. RHP
765,Will Brennan,686823,32.0,34.0,115,52,28,9,35,15,28,65.0,0.452,0.243,0.078,0.304,0.13,0.243,0.565,3.382,vs. RHP
766,Will Robertson,683770,61.0,65.0,232,124,37,48,71,33,42,128.0,0.534,0.159,0.207,0.306,0.142,0.181,0.552,3.569,vs. RHP
767,Will Smith,669257,436.0,516.0,2228,998,355,185,875,433,380,920.0,0.448,0.159,0.083,0.393,0.194,0.171,0.413,4.318,vs. RHP
768,Will Wagner,695238,145.0,172.0,743,349,114,73,280,114,160,349.0,0.47,0.153,0.098,0.377,0.153,0.215,0.47,4.32,vs. RHP
769,Will Wilson,669717,40.0,46.0,191,102,25,40,64,20,42,107.0,0.534,0.131,0.209,0.335,0.105,0.22,0.56,4.152,vs. RHP
770,Willi Castro,650489,569.0,651.0,2598,1257,398,407,943,325,523,1330.0,0.484,0.153,0.157,0.363,0.125,0.201,0.512,3.991,vs. RHP
771,William Contreras,661388,823.0,931.0,3447,1477,680,365,1290,533,579,1624.0,0.428,0.197,0.106,0.374,0.155,0.168,0.471,3.702,vs. RHP
772,Willie MacIver,680862,66.0,71.0,253,130,47,38,76,40,52,137.0,0.514,0.186,0.15,0.3,0.158,0.206,0.542,3.563,vs. RHP
773,Willson Contreras,575929,696.0,807.0,3077,1510,490,463,1077,465,579,1535.0,0.491,0.159,0.15,0.35,0.151,0.188,0.499,3.813,vs. RHP
774,Willy Adames,642715,769.0,868.0,3484,1643,555,477,1286,525,641,1673.0,0.472,0.159,0.137,0.369,0.151,0.184,0.48,4.014,vs. RHP
775,Wilmer Flores,527038,278.0,311.0,1313,652,222,124,439,264,264,610.0,0.497,0.169,0.094,0.334,0.201,0.201,0.465,4.222,vs. RHP
776,Wilyer Abreu,677800,718.0,804.0,3180,1507,535,389,1138,454,661,1588.0,0.474,0.168,0.122,0.358,0.143,0.208,0.499,3.955,vs. RHP
777,Wyatt Langford,694671,627.0,718.0,2867,1325,455,325,1087,504,495,1276.0,0.462,0.159,0.113,0.379,0.176,0.173,0.445,3.993,vs. RHP
778,Xander Bogaerts,593428,718.0,829.0,3238,1446,571,310,1221,670,464,1346.0,0.447,0.176,0.096,0.377,0.207,0.143,0.416,3.906,vs. RHP
779,Xavier Edwards,669364,769.0,866.0,3278,1352,662,219,1264,518,584,1496.0,0.412,0.202,0.067,0.386,0.158,0.178,0.456,3.785,vs. RHP
780,Yainer Diaz,673237,678.0,708.0,2281,999,574,292,708,245,461,1327.0,0.438,0.252,0.128,0.31,0.107,0.202,0.582,3.222,vs. RHP
781,Yandy Diaz,650490,861.0,950.0,3644,1588,718,284,1338,662,642,1644.0,0.436,0.197,0.078,0.367,0.182,0.176,0.451,3.836,vs. RHP
782,Yanquiel Fernandez,692585,129.0,138.0,567,288,88,91,191,80,117,296.0,0.508,0.155,0.16,0.337,0.141,0.206,0.522,4.109,vs. RHP
783,Yoan Moncada,660162,314.0,364.0,1459,664,214,186,581,252,226,626.0,0.455,0.147,0.127,0.398,0.173,0.155,0.429,4.008,vs. RHP
784,Yohandy Morales,691002,26.0,26.0,111,57,18,19,36,16,22,59.0,0.514,0.162,0.171,0.324,0.144,0.198,0.532,4.269,vs. RHP
785,Yohel Pozo,650968,156.0,163.0,565,274,132,76,159,61,137,345.0,0.485,0.234,0.135,0.281,0.108,0.242,0.611,3.466,vs. RHP
786,Yohendrick Pinango,682818,137.0,148.0,584,275,106,67,203,88,120,293.0,0.471,0.182,0.115,0.348,0.151,0.205,0.502,3.946,vs. RHP
787,Yordan Alvarez,670541,534.0,632.0,2697,1106,422,224,1169,428,454,1100.0,0.41,0.156,0.083,0.433,0.159,0.168,0.408,4.267,vs. RHP
788,Yuli Gurriel,493329,11.0,13.0,52,27,7,6,18,10,11,24.0,0.519,0.135,0.115,0.346,0.192,0.212,0.462,4.0,vs. RHP
789,Zac Veen,691728,86.0,95.0,358,184,49,90,125,22,68,210.0,0.514,0.137,0.251,0.349,0.061,0.19,0.587,3.768,vs. RHP
790,Zach Cole Jr.,805904,84.0,88.0,364,184,51,68,129,69,46,166.0,0.505,0.14,0.187,0.354,0.19,0.126,0.456,4.136,vs. RHP
791,Zach Dezenzo,701305,138.0,150.0,637,326,83,97,228,122,107,287.0,0.512,0.13,0.152,0.358,0.192,0.168,0.451,4.247,vs. RHP
792,Zach McKinstry,656716,637.0,724.0,2861,1341,506,278,1014,481,579,1366.0,0.469,0.177,0.097,0.354,0.168,0.202,0.477,3.952,vs. RHP
793,Zach Neto,687263,846.0,949.0,3812,1859,572,575,1381,555,723,1876.0,0.488,0.15,0.151,0.362,0.146,0.19,0.492,4.017,vs. RHP
794,Zack Gelof,680869,352.0,391.0,1521,712,248,215,561,257,236,703.0,0.468,0.163,0.141,0.369,0.169,0.155,0.462,3.89,vs. RHP
795,Zack Short,670097,65.0,72.0,313,156,43,35,114,64,56,135.0,0.498,0.137,0.112,0.364,0.204,0.179,0.431,4.347,vs. RHP
